x1,x2,x3,x4,y,y_class,prob_true,split
1.57786943448994,-0.16713699653341318,0.4567377102586607,-0.006211354822440177,13.742766213686503,1,0.8042560697147115,train
1.1786726921402924,-0.9833236983020431,0.17710617724450906,1.2314451438695018,3.193947294736829,0,0.5774058817425674,train
0.31050986547515597,-0.6072354201665725,-1.0696451109694427,0.24777104182572654,2.7208307942119196,0,0.35616075795753666,test
-0.38590017253136755,-1.4217360280493097,1.027897283864239,-0.663177129679904,6.4052936738524435,1,0.515798314845267,test
-0.2841664087320641,0.2935799826975746,-2.4456069485235163,0.1307269619040766,5.096086620765987,0,0.46239946620608235,train
-2.789177411766445,-0.5372071916631926,0.1581157778282387,-0.5202983459222101,-2.281659150980087,0,0.16191124919720284,test
0.25076366644517295,-1.019740550367115,-2.992522417964291,-0.15566854433974758,6.0101463975832825,0,0.5483098927182622,train
-0.5584781217725405,0.11026903889850762,-1.579531800257585,0.6418678198405784,-0.38681948120541143,0,0.27772593002592383,train
0.39990354339118367,0.39601147867014935,1.1523529119757905,0.990854077032637,9.989388538898012,0,0.7459972337178595,train
0.45059174380177264,0.8650183689855648,0.5027770227179835,0.06690410140912242,8.346491565591583,1,0.7534112470481147,train
1.5197018264705269,-0.3116375249481275,2.317892191597565,1.231251716976361,7.6887803337739715,1,0.7287206266020378,test
-0.4332193881608738,-0.8310336565952983,-0.652672098561843,1.8933515015673041,-0.19918848182922222,0,0.2912716646257898,test
0.39418394955204866,0.07480490944235813,-2.352190171977523,0.5405485454503568,8.678755540352556,0,0.5721578453727638,train
1.870412741460103,0.14347041371571126,2.0186284850758724,-0.5822589279569185,13.86559532197612,1,0.8704828540028516,train
-0.667010722886452,-0.14160845874543168,0.5646007653221252,-0.42390078318050894,1.2669322974054973,0,0.4657226673606095,train
0.057395601538380865,-0.15293042959815076,2.2762388654681196,-0.4664341331509721,7.829684398084371,1,0.525018017025247,train
0.0804429196143366,0.3383276408566994,-1.3856574212674555,1.3870728298251824,1.1644761578196041,1,0.40048716064077644,train
-1.5069283463340282,-0.032003308615693705,2.860300097238733,0.06668655842474625,-2.336756273756952,0,0.1825613800040556,train
0.44020557888465645,0.24958764218305016,0.9450802339243429,1.0315549535920385,9.203872299872938,1,0.733850183973763,train
-1.3456146647702805,1.9073356709289795,1.9583835186590104,0.8196864060651445,-0.27192328056218396,0,0.23573834450909756,train
1.613249853783497,0.5288290948851485,2.4168150269050503,-0.07585143886381042,10.371391694342307,1,0.85256387124885,train
-1.5061745438759258,-1.3456204774474647,0.776292667816552,0.5072677425528586,2.629378962870397,0,0.42843265246452816,train
0.30162518221044904,1.2116225402219207,1.64399767294882,0.03614600857445348,11.330151903509524,1,0.7740545798201641,test
-0.10625415596795426,0.6681603091632861,2.5818923216021057,0.5358385574007418,8.198975533695723,0,0.48912372905035495,test
0.4365559476824748,1.1183422544684711,-1.2130382956117727,0.7338295416040224,4.494877159961712,1,0.5675002183184398,train
0.5518969086958966,2.4213428802115398,1.3917760668464316,-1.1947020804254043,18.512743706165978,1,0.9038795209253525,test
-1.024879663004912,0.41617120209560915,-0.8212786283138733,-1.264348677726915,-0.6403342811743837,0,0.2026678139574121,train
0.4855568657375501,0.11803508247254586,-2.5479446239539962,-1.2940737396517965,8.452740447978385,0,0.6307689274617041,train
-0.7014959165620132,0.7781106266538346,-1.7265127518903047,-0.03468303947678347,-0.6159286846856776,0,0.2689080079171162,train
0.7671477236349066,-1.5121908953159289,1.0638338876051225,1.637359278961783,10.331493827754294,1,0.5688095618096713,train
-1.3737939104733083,1.7493670757064614,1.4437502782671316,-2.052584091761662,1.8083973683813956,1,0.27898679106120206,train
-0.8666971156515787,1.1428964845770972,-1.6511147224918257,0.26046154793399806,-0.6695014929284747,1,0.22601698175576013,train
-0.0647568563306553,-0.24579055715516493,2.0669653329596205,-0.598907333769683,5.700875617732075,1,0.534520473960923,test
0.841235245945162,-0.45035152779642473,-1.2723454147980027,-1.025058807012277,4.159359100088058,1,0.4474090409322158,train
-0.3588946337133977,-0.7756886282804621,-2.1879120790168303,1.3183154203781087,4.010074716476188,0,0.359597443527406,train
-0.1556072550762451,1.0929716531298945,0.2566072736868108,-0.6772312505239051,6.825970096261441,0,0.5799386479748115,train
1.583256271597651,-1.5878325003383558,-1.6990207362922953,-0.4899905658713442,-0.4765835253837023,0,0.33444040017720184,train
0.8189935422807902,-0.323400299232216,1.7125068181588592,-0.006701880742148897,10.988909994076547,0,0.7125655163845238,test
-0.020253221585394908,-0.4506541953162057,-0.9411725030199616,0.5103936455308303,0.06833096992585697,0,0.3312543890134521,train
-0.6524238303263199,1.8415413957123843,-2.682811827776159,-0.7981060225888378,2.1955193206071004,1,0.4389357306269344,train
-0.7163909497010879,-1.3709238311236889,-1.1945829995184658,0.7503379626723665,-0.49670912293118813,0,0.23623571791453407,train
-0.5209127703989876,0.7609032702831393,0.6951693683431932,-0.5664930331555222,5.238660524570478,1,0.5296605986578392,train
-0.9379965084402172,0.5458866241999538,-0.020744410408267022,-0.824108819029775,2.6690803609488456,0,0.310775778747981,test
0.38584577800878705,0.49415425977437916,0.5725250304937388,1.0238355556090462,10.239636336841652,1,0.7149265286589961,train
0.6392062554763116,-1.2838059212812847,0.3475331254693721,1.903361187265611,3.4978089322450514,0,0.5138682179208156,train
0.877318207143996,-0.9370439310014387,0.8896418682231864,-0.625306775186495,7.796304359858573,0,0.6516473618405962,test
-1.1123176131652146,-0.7353388005089005,-2.9957819843105655,-0.3418579769264053,4.542497998337566,1,0.40861677462150914,train
-0.09975257719900103,-0.35637609922339347,-0.45080946517806897,0.3128193596696613,3.0029111005254756,0,0.3778573971122905,train
-0.6269708771513897,0.4875921722384322,-2.579301430190487,-0.49363274046163835,4.199705761388659,0,0.4137030750688421,test
2.2519256188969514,-0.4738089082817483,2.4866768153432757,2.6569486376696334,11.980029789100783,1,0.7601545549748157,train
1.2394567624470452,-0.9198485964015486,0.6841745250880944,0.009740576428223046,11.027769741094769,1,0.6702265989240233,train
-1.8267241509278842,1.474116339045687,-0.07651302814844474,-0.03180126970506968,-3.270660953421767,0,0.10711798312320188,train
1.3019571562178929,-0.2864673982200054,-2.7214759025387676,-0.5968780901188768,9.676774696677146,0,0.7342059750125767,train
1.0025970426317778,-0.322272051746787,-0.8800316460059072,-1.9198437450352686,2.191226864670551,0,0.5065158333114914,train
0.2776292012214296,0.24645641481452654,0.014731498788845165,-0.32660589569238024,5.9116125171144045,0,0.5806709139756726,train
1.1285395627327013,-0.05364468056493569,-2.8438648086998772,-1.1649079728678973,6.936969439705594,1,0.7603121093340296,train
1.185421477240801,-0.01364649531395121,2.5544760227442334,0.08654134536777924,9.530674237141268,1,0.6926507579651756,train
0.005155143054114347,0.4069414453859621,-0.10881703605210813,-0.44003628454212873,4.184288642185502,1,0.5095807514918398,train
0.7112386281068188,0.6330296269862254,-1.4591156389726347,-0.443994069498317,6.191412638931278,1,0.5891841033961788,test
-0.4724569904666384,-1.1994789174703255,0.6417934021479579,1.0886491479770377,5.558548904800553,0,0.4828102566088738,train
-0.1083354076488415,-0.8112439102289303,2.1327813187272753,1.476907389107998,6.655130231830081,1,0.4799000058367863,test
0.08406869602197733,-0.9560542105768587,1.3154059010722952,-0.4978911597559497,6.237370602797644,1,0.5824831399138302,train
0.6840284727939139,1.4774782758400278,1.758301057252459,0.7192615602988499,14.095348395423564,0,0.8595140336930204,test
-0.06584936265536086,1.3616742261090784,2.2697302612627173,2.021579045786733,8.320882152067366,1,0.6041246342396102,test
0.010082166314337978,0.6879961965001894,0.09103857986710295,-0.7051118226555759,6.9436224114629015,0,0.569436469428237,train
0.42776015799059947,-1.003814822204689,-1.6076863408613427,-0.09096305227149164,2.607754223352131,1,0.34450259157182417,train
-1.6075801732856378,2.2909106760996414,-2.525168662742093,0.24105393283269744,-3.3980860280341485,0,0.12398516644640664,train
0.3435557711445799,-0.9722537009330907,0.5548048740263809,2.540749548822325,6.654159334344539,1,0.559215839651952,train
0.9907468037593912,-2.316386381873764,0.26299491029266475,-0.19726218857643607,1.6058376073284948,1,0.351742622941153,train
1.0847183712258037,1.068641896482016,-1.815528181895683,0.3473415605968407,11.336049124889525,1,0.76924382335632,test
0.710655309518938,-0.06745426497773484,0.38918957538172894,-0.18958046625273087,6.5300649263879365,0,0.6903636917265928,train
-0.7389206275511693,0.06866808164972857,1.1090141794172617,0.6847607861497302,6.0700864302231565,0,0.5001849366928653,train
0.6766462775944694,-1.9736230177354845,-2.2320378802904437,-1.086378066784441,2.466591218803333,0,0.3278682141970187,train
1.0041355056326295,0.6638550331789206,-1.4079501408787398,-1.0893183630514132,7.2175183171834725,1,0.6622799012064221,train
0.578376890063077,-1.6449431675358142,-0.24007992461149108,-0.08769594227007031,1.5639408453423835,0,0.3570361339793385,train
-0.5423064709941637,0.5472262096453118,-0.516747621893892,0.6349038231523592,0.7953086696551636,0,0.32049482371421484,train
0.4738106701863642,-0.2502964611642062,-2.1235927093433915,-0.6769593698226354,4.077472531756591,1,0.507373028675631,train
-0.6239588805279467,1.786851708019325,-0.20053090668569062,-0.18535233492124403,2.4232231477592636,1,0.3642477478457231,train
-1.0245653003044488,0.24121103175165975,-2.373074275156822,0.4054274454601915,-1.4674803620100203,0,0.29574310859745756,train
0.8736712956767407,-0.8040428248692574,2.0543271377539973,0.21452844268746138,6.590238876988165,1,0.6076791534140124,train
0.6216330825610245,-1.1483326209788611,-1.2859185820737866,0.40735445453637664,1.3313558360520201,0,0.3274048030143729,test
1.6184853104098902,0.32146026167308356,-0.28859248277965843,-0.08608407674612062,11.77610664724859,1,0.7943524136037027,train
1.5132751001035698,1.4836878973599736,0.4744595411319086,0.2629076095084869,22.866793002320414,1,0.945083328844452,test
-0.5742273540930245,0.22134301874397774,-0.5728918496073545,0.1845628424273595,-1.3039939777136422,1,0.3018305034897774,train
-0.3563936701828992,0.052921365450703944,-0.6838047210654414,-0.5812036525314758,1.3730920470261456,0,0.32461057883873096,test
1.6169595977128342,-0.6274426921435969,-2.9828548208089263,1.5870254080927262,9.62595416685529,1,0.7463466734053744,train
-1.0443748252360658,-1.2019049568123639,1.432705072161486,0.3382915805617124,10.178792289372897,0,0.46989999308148933,test
0.4102916201651709,-0.15159278193058706,2.396536528172213,0.45828854008257947,6.563341757642353,1,0.5659292962256133,train
-0.4830368104250479,-0.3901546481516929,1.7902964842492812,2.014438881015184,6.161236852556607,0,0.501176892704064,train
-0.6905011857581344,0.16460299583399224,-2.990435629464205,-0.19400263139593116,2.496897331271607,0,0.46453520112681645,train
0.0902544737761816,-0.5382518430371016,-1.5837884854887443,1.2526233038935806,2.589100846797422,1,0.3473897494683161,train
1.1647615958617985,-0.08037930077859462,2.722631599701396,-0.6680971820904457,8.475079021728721,1,0.6508981064696109,train
0.06324773322764074,-1.5010131450475375,-1.2322710942225032,-1.3309501715612486,-4.311008220116113,0,0.2646117389516826,test
-0.10820086418934693,0.6834014609995799,-2.9510667274609608,0.8097649629224835,6.7769765045048445,0,0.6132913122131016,test
-0.8571343775277612,-0.2528197151398043,-2.442974996108339,-0.8721522468050846,-1.7726731572253143,1,0.3439066843784706,test
-0.4434329057397444,0.6245814060775191,-0.09164301903721572,-1.5450657311136078,0.5467713776330587,1,0.41421707732608526,train
-0.011733446016754483,1.013626336188834,-2.7543802522863334,-0.9189014067819182,9.513906274848374,1,0.6299209746851497,train
-0.1383099563295928,-1.7979970382981312,0.15735472539944073,-0.7713820993385357,3.6963594537950164,0,0.39547361744811527,test
1.8528508580644687,0.7600056137875432,-1.3150841955073012,-1.6421262185719254,13.611980746399873,1,0.8383263967894428,test
-0.41054250838824136,-0.03673586104717575,-2.8377202836997,0.38886266342676223,4.732586529043645,0,0.49397500543242295,train
1.156190251227011,-0.38147089377500587,0.3996861165640331,-0.35468310231782146,10.914573888982293,1,0.713392711031347,train
-1.0915126223541347,-0.5316145117830146,0.9765318080509671,-0.6352351091692365,3.808055529736702,1,0.44351809714101575,train
-0.334823612979279,-0.8372444129974824,-0.9052850064804794,-0.6688817082774877,-1.6575578811177407,0,0.2794756479046426,train
-1.7570544617553219,-0.6460573009647591,-0.8410086878551803,0.03853298545821858,-4.712305481086285,0,0.16090158356897025,train
0.3345418207783165,2.372024409311477,0.4797411787119188,0.15794923883929562,12.222820778248828,0,0.8339863937965076,train
-1.2441462564276204,0.7621918252468278,0.36703597767407814,-1.1508620381018098,2.2474862869672982,0,0.2977228520035206,train
1.1065423287775713,0.9310898346607084,-0.24919755343434646,0.885936214784369,14.177447748459464,0,0.7953461719160282,train
-0.8297289339881734,1.0972755422305362,-1.1013306657941593,0.02237932413774229,-1.9471547883464355,1,0.21871951509899884,test
0.6957705453925767,-0.25012921190404086,1.3677821847010092,0.5299800350661529,10.67883064871364,0,0.7266765773316558,train
0.8866778290876951,0.44459870056764217,-0.6743105782143561,-0.2879979889308748,8.455857862242247,1,0.6286027415105547,test
-0.778764167580544,0.3386126293744325,-0.8140495432578958,-1.0255411559650265,-1.593158283585332,0,0.24369275206486918,train
-1.2487790252553148,-1.1235118313507038,1.201032212378518,-0.27529425689121434,3.79645269049339,0,0.4563316262129037,train
-0.6514098608233366,1.1407331260256688,-2.9282519842089854,-0.5216937206715777,2.4106491335644105,0,0.47319943275454035,train
-0.4089763992819033,-0.4493050864913666,-2.498383304835756,-0.2874188132090178,5.472532804566427,0,0.4201054722098643,train
0.028293756431638666,0.014153095239014564,1.2008678744368932,0.6596035185859703,10.94197006003922,1,0.6484880358803727,test
1.2463705138901278,-0.7743419378057844,0.8877494127308774,-1.2780200103712596,7.568191963898478,1,0.7124669745222508,train
0.32814479762190096,0.9111974651384847,2.6842456240081614,-0.014341014422159917,7.811374923617763,1,0.6081289688706369,train
-0.8108870330662685,-0.4188116199115828,0.8128429960388996,-0.30499882530128347,3.7138715167892906,1,0.470696815848674,train
-1.584278397983046,0.2190258500373055,-2.857580952797897,-2.7651686685615724,0.6912048715982648,0,0.2688952426657379,train
-0.20778017039585542,0.17951437016813165,-2.83695190531449,-1.0610016607250483,6.124130706479903,0,0.5443406212159978,test
-1.245326301421298,0.005764605699729533,-0.0038818843384182955,-1.2635479503056393,0.8748672703006992,0,0.2717344617086539,train
-0.07567687332040249,-1.7278710825283747,2.184114522730516,0.7631905409051182,3.770782957255644,0,0.41456678399886165,test
-0.6982844010491982,0.15238373637496205,1.1302897590442642,1.7444167539609747,3.5552423931146295,1,0.5093329659218617,train
-0.9562882662011699,3.0082274709750916,-0.23701502361686622,-0.05183999956756027,-0.9646801656623744,0,0.23556866136366642,test
0.3934740076792544,0.5001570296426899,0.26649198582796174,0.08238375368782669,7.9304466018872155,0,0.6749161104570196,test
0.573159049596632,-1.255329720383336,-2.54826663508812,0.24586126315192608,4.688440378766301,1,0.47372857301978066,train
-0.768653736412396,-0.8483214980173674,1.1477216757612236,-1.0200715250748167,2.5963925229018283,0,0.49659323055255183,train
-1.2105007690724292,-1.394236593864639,-2.3357295418501547,0.46831672010186015,-1.8203471709692602,0,0.3177752361586175,train
0.9972621774056413,0.030074548699861287,0.8467538165815571,-0.38913982213480364,12.616630281059548,1,0.7901966098238787,train
0.003577982227874737,0.5270027974618464,2.852785730244129,0.0035788007635205415,4.99664245609538,0,0.45982678148269546,train
1.0188510896971539,1.2876456483534633,2.3356548808778204,-1.2273651500560863,17.8602637480997,1,0.8524192182098231,train
-0.7624264892899913,-1.6314692739762517,-2.290816225921281,0.9693836738625499,1.5602851560688433,0,0.33396117794522107,test
-0.3880040018606597,-0.44427200206329215,2.7110400694953682,-0.15029170431751973,3.657122965437917,0,0.35630494605473567,test
0.606295388122584,-0.04935152570842037,-0.010996867034828384,-0.15986567036121865,5.508023158094382,1,0.6078428619313453,train
2.1507278938419936,0.16073980894708553,-2.733257373537567,-1.570478951716111,17.02586747693183,1,0.8914137963515764,train
0.3569833750109791,-0.8872973356078845,-1.5383604217559883,1.0006343192599128,-0.04050144371840991,0,0.3442166203895818,test
0.5593203661442994,-0.2809900369140653,-0.21236598634554227,-0.4702672631123286,8.597254700734972,0,0.5326855837730153,train
-1.1927356016821382,-0.02870649823960056,2.524849451944336,0.7871584923474271,-1.2237831388630822,0,0.2654027834435775,train
0.21588268373003056,-0.19342140171149588,2.2416968510245265,-0.5161153825208714,5.805921499388752,1,0.5561840955964524,train
-0.10886315474238858,-0.43073318241329256,-1.5460253708799871,2.8278810370466276,0.8853408952684938,1,0.32503630132194644,train
-1.1359855971857264,0.7728756627576704,-2.348377069645262,2.3406517855580344,-1.055224396506869,0,0.2563119316932217,train
0.9509764482524969,1.006347821754168,0.7182014094541449,-0.7566796822728212,13.706781557447867,1,0.868734780555346,test
0.2766788448909369,-1.4189653773703168,-0.6578778455425995,-2.8834319702564373,-0.6002341665224853,1,0.3093897319629406,train
0.7019533027568167,-0.5831298590264212,1.8869566937870648,-0.36766660678254237,9.39408880117924,0,0.6433512177149692,test
-1.0369157079853601,1.1542328459941265,1.046508828705754,-1.2246553343668074,2.245246514707896,0,0.40809372622541523,train
0.4336843419950338,1.7377969087270655,2.9757251784395518,-1.3161485876542587,11.518484567064379,1,0.6800147285111303,train
-0.5948396792580699,0.08105129006949159,2.772289741988093,0.1995060860245885,1.5719530118346423,0,0.3255018133143162,train
1.3705658247291501,-0.766570127556214,-2.9657036126882663,0.3856662217501157,7.505675625774778,0,0.6943733963485067,train
-1.046410125880221,0.47205552745082535,1.1076679018210625,0.5061783636892284,2.6677155664820904,0,0.42647822628163545,train
-0.30394896943665883,-0.19991665456611277,-0.10541525609382996,0.8844587765769442,-0.916905493157766,1,0.41152066914981983,train
-0.13722128291844093,0.7539716120696717,-2.1245234785467657,1.4378339555472963,4.974747150181603,0,0.46304770496743997,test
-1.1853883524911035,0.09369510991179911,0.6058637171654393,-1.3258545431629203,2.84958931543067,0,0.3697933782932693,test
-0.10973287372434756,0.3407315466872945,1.2688344411364838,0.4401831416222433,7.9168033763784225,1,0.6418803925251074,train
0.4069988705129333,1.8116800957578116,-0.5536546117323273,0.7176041754021883,9.614664903891784,1,0.679477731128326,test
0.7432916939053884,0.16587495675286318,0.8813495583527611,-1.267870343589538,13.264929123281808,1,0.7711307657693923,train
-0.7198033525245957,-0.8969219503721728,1.7350424440021213,0.007213145489776275,5.191908793986788,0,0.4692620554083028,train
0.09869013587517618,1.4153276198432614,-2.5412074681727113,0.316690436516891,8.379671396067504,1,0.6549901073738688,train
-0.18068354066849776,1.8630911953575333,2.013704434820519,0.26250805226077495,11.026775778368902,1,0.6378523170387048,train
1.007874297302869,-0.36813947864714675,-2.321070155290375,0.5476721204435003,4.995093945403193,0,0.6133133403645481,train
0.4783397390169099,-0.04395872735036731,-0.6991678146014708,-0.927052859502368,4.857680635701333,1,0.4716359625134252,test
-1.0145388025801492,0.03442708839931379,1.4649745096504203,1.3078928535022492,3.6252522499343534,1,0.43849533357689785,train
-1.3371653601942612,0.7167480823829514,0.6022005424600199,1.4224533648985174,-1.4910754349833895,0,0.30925065628221465,train
0.509011927710281,0.838760799026455,-1.5203180661474025,-0.07575595018127132,6.64511774706748,0,0.5670787541235792,test
0.8492554703129025,-0.39703372663291314,1.885773251578538,0.32952722138759266,8.387027566570426,1,0.687731228968431,test
0.3520432753699004,0.2649213120823558,-0.3046274394678843,0.8335288572225832,5.956873030107247,1,0.5400667351384194,test
0.14777587259311598,-0.19399141752622176,-1.5629064311576488,-0.5071811265312549,3.31244578920842,1,0.3814487773585111,train
1.6681386401846756,1.6460898984219876,2.5957418432258397,0.5277503892383978,18.300281202321862,1,0.9390514987925155,train
0.9503446233465626,1.1435790323523178,2.8414889566022277,-0.1864297015307365,10.449167341455214,1,0.768158915565078,train
-0.893443370107978,-0.6478864524487772,-2.9126281845341966,-0.4739489828248419,3.4834288735118295,1,0.42198738612874354,train
-1.2719782561398507,-0.6562331437166408,0.21537371465641364,1.43365422291076,1.6219478474978186,0,0.33063881921144056,train
-1.3819051350869314,1.4981462485414618,-1.468681580576633,-0.21388176943256215,-4.617295322957377,0,0.11745801343226443,test
0.15977631375958812,1.85676949699127,1.567692356288056,1.539279114299036,9.491377935618994,1,0.7878182504450147,test
-0.4826495613863884,0.817961918947891,-1.9122323571513016,-1.297113041500091,2.8324562193979776,1,0.34165925106701406,train
-0.8039949402918896,-0.040202618978920635,-1.8211175909410018,-1.9176551363402718,-0.05698930636859334,0,0.2599753416690572,test
-0.21461304595995245,-0.7057432319830511,-1.2413469400583168,-1.1071420041442455,3.992258964562679,0,0.287186681174181,train
-1.4469954520008879,-0.4779894086191795,-2.0026590011885625,0.4215902783639657,0.40269946921503874,0,0.21226644487022986,test
-1.333875208694576,1.1860485028853516,1.799653485961926,0.5184465927925637,-1.9344289534270178,1,0.28908825180097597,train
0.8781020149125471,-1.1883622914213632,-1.4659071733931652,-0.4073905917710374,4.231559816625007,0,0.3475085068745301,test
0.8158023491717362,0.6492411311410704,-2.7682951948595615,-1.2443186706693734,12.821848625549984,1,0.7853313444050812,train
0.5178155869393554,-1.388311917147159,1.577229779417138,-0.47549956829296913,7.323403210092077,1,0.5584309721946054,train
-1.7558207606785,0.795071126004515,-1.5722763301068945,1.028446661476292,-7.870093468219046,0,0.09784102954892304,train
0.9335960631978275,0.6802801440174653,-1.9935364063192436,-0.34668341093963734,8.65872427545754,1,0.7051692145333247,test
-2.0708272958663905,2.4788126017972556,0.3684769485194237,1.927412252783917,-9.475912016375155,0,0.06630748081170644,train
-1.5079708085396208,-0.22720692452410055,2.9728286083717013,-1.9172245978845999,0.32494763203532306,0,0.18088901262490759,train
-0.5651256912123841,1.1255448745975583,1.488343916235813,0.42386306959048314,4.65331397961301,1,0.5461202208412943,train
-1.2855078243229585,1.5522179413085295,1.0935637538172802,-1.5420849853411764,3.576730732866081,0,0.3192660232089677,train
-0.6685100544842483,0.2398030318108581,0.9701164320906281,0.2828099080452042,2.9228041531305466,1,0.5100771014162011,train
-0.9600875240974623,0.45311092807381814,-0.7277892657504252,-1.07627677831196,-2.3909504791347604,1,0.21874363018712115,test
-1.651751837750913,2.0003222107026235,-1.271011468989133,-0.7502766224034689,-7.28221698624893,0,0.06933833317106886,train
0.7531974873035399,-2.599791988900057,-0.49614042359125055,-2.0383048860817223,1.1184873921394205,1,0.21399617268794446,train
-1.0663470368389685,-0.0577848771748788,1.3292491293167492,0.41053938470115064,2.52585926139012,0,0.43733492645653493,train
1.061171197744168,0.2884082322341995,-1.0093488596585058,-2.18798803162644,7.074735691842051,1,0.6144129987553039,train
0.3170822288317796,-1.3129788846471453,-0.06788974877174425,-1.2964396179021545,2.179675901678676,0,0.4117949317239926,train
0.8856543267619366,0.8405905793037566,-0.6302852112459103,-2.0622621143462374,7.227792586675924,0,0.6903983843095474,train
-0.844298869000914,-1.0867474916224884,1.1015939682132672,1.1676575295382998,5.14641888849842,1,0.4892887173450271,train
-0.30690574059931375,-0.2070243993185566,0.2786621493249273,-0.3460356554231345,4.781610442054149,1,0.4820835044646859,train
1.3228262953395997,1.0836134910752855,2.4838322436125244,0.6787252351509595,14.81660254544937,1,0.866089496310608,train
-1.7060999026517383,-2.6967409155003175,1.948386557859548,-0.08437012214504454,4.783461560661819,1,0.5015011679414018,train
-1.5902571905595801,-0.43924530504724507,2.4077501356299438,-0.8900486705127604,-5.559289968565266,0,0.2495582925331118,train
1.3642612490413661,0.4754684409658108,1.1209730439195074,1.2099012941909093,14.929445740676975,1,0.885825533065484,train
1.3911903343640506,-0.09258515972236382,1.540040388608027,-0.43241134598539216,14.537724060275606,1,0.8244841829211298,train
-1.0940294678577251,0.08083662481851316,1.6431798633137547,-0.2496750681675832,1.7609282915696904,0,0.40703142035536066,test
1.5081000010095544,0.6816055123055916,1.2138436336006562,-0.6100230236891133,15.34933786421113,1,0.9149236877752075,test
-0.7380509546054427,0.7387619048368677,-1.280431885508964,0.6129350337495602,-2.6043953673664797,0,0.23750912999306012,train
-0.6568474248129432,0.20225276221295221,-2.919161396523047,-1.4936058841988968,3.876091832020262,1,0.46161088477401974,test
0.3517552696411785,-0.2532871747465128,-1.9805688301132993,0.38176404473027054,4.373122153898327,1,0.46181578316473726,train
-1.2832956404035083,-0.48113930139520694,1.2106041752405297,0.30890138771948583,5.558762778801906,1,0.42029780404877076,train
-0.05890901588660705,-0.21664558557859223,2.4049261738392813,1.8951733446050678,4.564497200076084,1,0.47514350575083747,train
-0.1707590672858171,-0.35495926143822476,-0.7322781811945975,-1.5787857453829774,2.862659039897607,0,0.3322009116594857,train
0.27808438717342704,0.5677183745481529,2.00940824801064,-1.3142449652799684,7.487619380286458,1,0.6774203215224976,train
-1.5869772496482328,-0.021547345637863962,-2.8031964102120153,2.052188810474126,0.8889399366865595,0,0.2770265321224848,test
-1.1937754743218165,2.108295821489275,0.1181863230860336,0.5639439408625918,-2.126434127716116,0,0.228183345503154,train
0.2121084414424739,-0.3494641710915035,-2.363541766925846,1.3270486818692944,5.574531663858505,0,0.4976466285609755,train
-0.8725719224524555,0.7312459906279596,2.405882395021921,-0.5668066321815357,1.8415964151197148,0,0.3282998434029386,train
0.31255884520003,-0.6493750821044104,2.383819066658317,-0.829929841585203,5.88304432504981,0,0.4990653782921265,test
1.0034919208101154,0.8891724707940928,1.9055353549627831,1.375655622161869,13.783773183227302,1,0.8533109736802968,train
0.054945318692215306,0.17343911906376833,-1.6321426802958456,-1.3972722901121528,3.3237976652498658,0,0.39953964659280045,train
-0.5009516729964695,-0.05632091846087233,-1.0142606510428915,1.0484622802351617,0.9829324773620871,0,0.2742776984160126,train
-1.358861237797848,0.04104016706497462,0.9845612257444207,-0.8843932310116082,4.7470108856651,0,0.37372340058168474,test
-1.0436157616664736,0.3496596333219925,0.9889195463306004,-0.34870709737718836,2.849478360480567,0,0.4260047614622934,train
-0.07009142496473061,1.7873022870961548,2.6458376349495785,-1.141562244718577,7.867441504557066,0,0.5611738943341887,train
-0.6840895995605755,-1.0815954798545948,2.2960484932330116,0.4505395436552891,1.8711892287516845,1,0.3829976929319768,test
-0.03306529101578,1.2272533420798193,-1.6016031438027076,-0.7776987324298409,3.710502709784386,0,0.45076264016950107,train
-1.3728307558939725,-0.29561261393992844,-0.7699278518424348,-0.4515282872744778,-2.9613227582953368,0,0.18157630028543786,test
-0.005434684227375232,0.30188258848206934,1.8829529918660048,-1.0237252860783577,10.099015957439034,1,0.6124056908790957,train
0.7398241236852509,0.7111124048468337,2.2236378062189637,0.3885406262147638,10.992254694351837,1,0.7577378226297283,train
0.07279119944201091,-1.3733288416980214,-1.9529782483800056,-0.268328509351632,2.01411025810975,1,0.32649599232273085,train
-0.5433350390023156,1.8332416285586917,-2.0593466510433185,0.12705852471968707,1.2886698192241477,0,0.366947583272516,test
0.1147820753182763,-1.1103956368957149,2.221933273621861,2.037127551911754,3.864114904736907,0,0.46434676389354645,train
-0.633851538026166,0.735064902561643,-2.3368631499803407,0.09298129990355329,5.7499415980241455,1,0.3708008959453314,train
0.6523240207536128,-0.5333203068774132,0.9526507592446931,-0.1568523882545234,7.599827202293401,0,0.6840258378239437,train
0.4871402359103498,1.1858480332034305,-0.0628855479769852,-0.8553525451912577,7.422466816603815,0,0.712495295820721,train
0.5857858400351568,-0.5230024675629832,1.7572664675066427,-0.5307773650609143,7.490843971149427,1,0.6520066826185255,test
-0.5025514896293928,-0.06733048216856048,0.946751509252433,-0.20858164833516835,6.0591676126097065,0,0.5376201114354169,test
-1.0199260798631862,0.9225848623786225,-2.6574112360209323,1.8463168777619339,3.675039620001972,0,0.3271665670732715,train
-0.07344698792235298,1.0041365705644592,-2.2658230464691984,-0.5247614546899825,2.94609465035564,0,0.5227429502794533,train
-0.03386650473048546,2.2354005079989006,1.9602467688847351,1.015104154760545,8.931554665772016,1,0.7167313332824079,train
0.2974556344889844,0.10115644462212885,-2.939538677645956,0.6509517055716227,7.790994169719434,1,0.6552895435740813,train
-0.223829160909505,-0.8261886337872517,0.48249720219788683,0.7040804865611642,7.518967175514347,1,0.4989633127260484,train
2.108762269072396,0.4923121834035229,-1.2871327526967615,0.1815125180157806,16.18225931822981,1,0.8348078857550761,train
0.5791657438172251,0.08814511114889555,1.6387491839168877,-1.8545117694697233,10.77624117417613,1,0.7304766737849371,train
0.8316690253146213,1.4720774735012532,2.1245199860452866,-0.2619351149537921,15.909997207280302,1,0.8560744422988825,train
0.14960684515769748,1.6792930866781681,-0.700360370428518,1.3518873544170298,5.204523900434796,1,0.5602662385136351,train
1.1388003179099437,0.4578033098570379,0.9413457111077168,-0.9652257368095356,14.450117749435071,1,0.8563263313820008,test
-0.4672690976464447,1.061720345978284,2.966191186564444,-0.9588669236874673,1.0607764273578633,1,0.34555841440631263,test
1.2824308635518893,0.7651646681959892,1.8788251021054716,0.724062316005751,16.76217834037801,1,0.8801936837259117,test
2.3175542188363214,-0.48537872871455373,-2.7375063458501656,0.40750728991501084,10.530811968662244,1,0.8132501330501669,test
-0.11526612309142488,0.06686922171180072,0.6308544851972457,0.5741214996796272,7.087262631186195,1,0.5874934608132935,train
-0.017801932157821703,0.7218456553241837,-2.8076978879073495,-0.024915290401526357,3.3120341448190604,1,0.6170644385897055,train
-0.3389354901193659,-0.4753877416636413,-0.6204786652945202,-1.0021334076527293,0.9676990676845056,1,0.316088314737429,train
1.0387368185199912,-1.1178869002785037,1.7656962536221572,1.9395288413932312,8.56048729201341,1,0.6150097595320946,test
-0.5501735802196468,-1.732379633171181,-2.0224427375303504,-0.3214796974402682,-1.618408562705019,1,0.29723903998779205,train
0.7104560869854023,1.4713146051935955,-0.9013095791908725,-0.06414388520800131,8.888751420499082,1,0.7018177833562709,test
-0.7594180685601305,-1.0771181192396269,2.426663067642238,1.1999391546365672,1.9293334098675279,1,0.3534953809687506,train
1.0417046995950603,0.4892900498343458,0.07170807583057393,-1.0799056647995569,10.609786955252874,0,0.7710535058375252,train
-1.2285792863732463,-1.095665453166099,-0.27006935773948726,-1.4052138547337325,0.11154613884107692,0,0.27582693605750563,train
1.2388998064791483,-1.421374255261343,0.36851782574736536,1.7828475041246195,5.849261593715422,0,0.5327249342795319,train
0.7611407700498051,-0.903168570860962,-0.9719659814025872,0.6183929694666592,3.930426009189243,0,0.376801686453701,train
-0.2174656361248875,-0.6753612262327264,2.695531547179506,-0.10694840742202709,2.770034399439499,1,0.3718015401978231,test
-0.14229170968357766,1.0761720593771986,0.02665216550669225,0.20487079692766536,6.951404747560778,0,0.5404524699526843,train
1.065245045448795,0.8807500069670802,0.8485288824013075,0.4705911308013451,14.201759471553196,1,0.8794814369310462,train
-0.14065614106641713,1.3951748242556448,-2.0547980489499897,1.203696079179926,3.3735155369036245,1,0.4882633180608077,test
0.0831745533211885,-1.3910352698365456,-1.9834772844731445,0.1241799390858742,1.0557527076031072,0,0.3300824817694955,test
-0.6166268188086876,1.15958156628806,1.4755051822645076,0.6350533321597175,7.322687159175768,1,0.5317030744451413,train
2.6953788877964806,0.09255653442832104,-2.4683989073562644,-2.3409869310843843,15.283313020959596,1,0.9071359677492572,test
1.1327431732278046,-0.09967011249048133,-2.559467549026441,0.7954291760197462,10.495983603025108,1,0.7153799574527618,train
-0.9892971016066117,0.8739125637397516,-2.671478421731038,-0.11349337758019488,2.551318444741227,1,0.33825764458059676,train
-0.7340755221907704,0.9915709825158292,0.9555457982166584,-1.5373920849746254,0.8876127399822424,0,0.49595699748469235,train
-0.202213994487131,0.36022685430411566,0.020376895435481046,-0.8153724856235651,4.423535118281286,1,0.4827297345691044,test
1.507376621441139,0.08144448177925936,-2.518172363734436,-0.4468695434791124,11.116013751177395,1,0.7909551163529686,train
-1.078787675412188,-0.12167121508680809,-0.3096358615135779,-0.6512398891470823,-0.4336442442221516,0,0.2561608262562883,test
-1.4566492874454577,-0.975452137301406,1.9270016496555034,-1.2614482828018336,2.2452809453650135,0,0.3712705389130717,train
-0.9271945599328942,-2.9753273007447603,-1.6308239282917396,1.2156505624345164,-1.449164344359408,0,0.26361461758318666,train
-0.3629595578263281,0.4184064254749384,-1.2147534760459335,1.7733762091853007,1.7060880413094197,0,0.30701374723469504,train
-0.4052491306113726,0.43765342543171715,2.068365437517085,0.9447117116824184,4.882948752282999,0,0.498815809405053,train
-0.6861030631921275,-0.897443171398683,-2.833953593893538,0.6910060619669343,2.612167892876914,0,0.4351945006031377,test
2.522144136917151,-1.8118279113065499,-0.0518805943935865,-0.19711616164245652,1.933590545858766,0,0.4036126752463716,train
-0.2008108764711876,-1.5157215690829684,-0.46603922108961404,-1.5030132126796,-0.07047976045090065,0,0.3049861098410475,train
-1.9053777980704103,0.1937130133701821,0.3749406358700229,-1.5636149928632053,-0.2041394838660131,1,0.2121086624681803,test
-0.24222802989747658,1.3793738982969406,2.6214074897559296,0.2986608665919863,6.972033518407351,1,0.48161822085313605,train
-1.5255652517812976,1.7321437800518422,-1.310546018323023,-0.3052586237953308,-3.65217458301463,0,0.0899976967631812,test
0.507642883976328,0.17795037588010984,-1.3811738887426834,-1.1703523587697806,2.2391098422926303,1,0.47725601776533483,train
-1.9098801690293044,2.3508267956889344,-1.5045804398244282,-1.7840275231283445,-7.601136485042767,0,0.042248771592609265,train
1.0483704486564807,0.3437384642603045,0.4432961581963766,0.36655529795592806,10.777804731578897,1,0.7996639999809597,train
-1.02115988476954,-1.6824480384386902,1.3777992571423052,0.4900633581244263,5.991427254216676,0,0.4871446509021981,train
0.24215755928490623,-0.466847505876601,1.675712428340347,-0.8861707548742704,7.356311068360165,1,0.6198002966202673,train
1.3745706208011592,-0.21399887843924073,2.9644828453694814,0.5712521537291506,7.492799121874497,0,0.6254820959505512,test
0.983730933190446,0.023363712522288606,0.33537731527317005,-0.33940288325375806,7.498707465649213,1,0.737739175981379,train
-1.6823550199863675,-1.545000740529636,-0.11834163515057616,0.9036160991371572,3.2966004692309037,1,0.29953121135580946,train
-0.29191414360862944,0.5927361221496672,0.9906373294102684,0.7128912241323653,6.370659284209152,1,0.6082014273777244,train
-1.0646194103138473,0.4839778786422301,-2.1938214921123653,-1.075417611198481,2.9529982207277525,0,0.25580853618905636,train
-0.34129643524719355,-0.8862462275027893,-2.656155567966188,2.4563037119321134,5.167850088407976,0,0.4419522398783193,train
-1.2045596453283038,0.7527635397050941,2.779482588979704,1.1110529969633902,-3.647385319420306,0,0.20556025219498383,train
0.514535708341582,-0.5397432753145971,-0.9580690946323358,-1.203396934731135,1.9705291759985373,1,0.395187042408078,test
0.21356823475472322,-0.7366609798945769,-2.874186648219786,-1.4450043039166063,6.3429780917266525,1,0.5537390955315064,train
0.47856714420653007,-0.7217360989376264,0.1061386655860379,-1.1410357139090077,4.686516021880427,1,0.5263133526927412,test
-1.980788237636457,-1.5477286197254039,1.8967945275095879,-1.7086822899914575,2.445985620377521,0,0.3910978379537124,train
0.39680163039968525,-0.23731154057158171,1.3685273840000622,0.23080903848681134,7.857749265828553,1,0.685243413686003,test
0.019216744851719827,0.1460413328439534,-2.656688400771073,0.024780123629885104,9.063375847591182,1,0.5589235260510232,train
-0.4229781078143471,0.052764734211926366,-1.9779468043646713,1.4227561193360865,-1.0309407544372184,0,0.3436675187306321,train
-0.8499496475499502,-0.3180095868964163,1.9318644515420482,0.30475816127439426,4.789417036234609,0,0.42277062905709256,train
-1.4070044309018577,1.0836123580735268,2.651328062725036,-1.665826164511747,-3.8842442533344403,0,0.17286604183699278,train
2.061724282818452,-1.7351825412086117,-2.1894284841315272,0.14775124201642179,4.212049435732016,0,0.38423646960020075,test
0.18383523537242788,-0.8105581601622067,-2.813980283018553,1.1152310647013517,3.5227337935457887,1,0.5336386149874509,train
-1.0098699399436761,1.1869053220064032,-0.8236858864262846,1.3943318253946009,-2.5871899647181458,0,0.19231737344000197,train
-0.4402549668854007,0.46024335107781894,2.724288273747524,-1.8258719465349316,3.2573907350315197,0,0.37222248886658554,train
1.9748852062990703,-0.9677870245280681,-0.8720041720815939,-0.5010301349160012,4.891119660510125,1,0.4946172751935176,train
0.3150338415200931,0.03578847817776935,-0.18567427490123922,-0.8365007758872116,5.284143255902447,1,0.5295319804494611,test
-1.2273757599255863,-0.14666324114490292,0.5403990596212305,1.499747963034922,2.0949278261096973,0,0.36368369773753356,train
0.8866820816697663,0.3392785091905124,1.6935186369919428,-0.0526205591486344,13.001043471966632,1,0.8001499874418412,train
-0.6875466033133607,0.5685219951623546,-0.5791931969500004,-1.0800655579635559,-2.027455901542755,1,0.28241860818317016,test
-0.1805869426588462,1.4341911474614168,1.5635944706285478,-0.5603117419460014,6.7435885158103135,1,0.6688637262177428,test
0.6555915795010024,-0.22311095201748535,-0.7243001756008169,-0.3351566685143772,4.303752381972574,1,0.4780435795279769,train
-1.5977681498098395,-1.0031588902971988,2.926819219585391,-1.8220280747694275,-0.5544160827966609,0,0.2163008126628104,train
0.6914323609298314,-1.2454530470300818,0.007031757213671774,-0.9968805138432665,1.96333069109519,1,0.46009401988848625,train
-0.8915681580920647,0.5529235948978893,-2.846514519533592,0.8257443862126261,2.8541842199015,1,0.3960060910235075,train
-0.5608734304832709,-0.39390264517937273,-0.08401509660032724,2.041837892146534,2.307470243643687,0,0.3687691185273291,train
-0.43439906165816455,-0.04243785293525754,0.29500023584285984,0.46260004632838636,2.799932513755504,1,0.4676867445230329,train
-0.07508656502308617,-0.8742674827026007,1.523967429959514,-2.332037455002727,7.976261409709791,1,0.5612344370618993,train
0.25205242724042565,-0.1802333404163069,0.09708143942914438,-0.8534522953528498,5.680265440241937,0,0.5493102698159581,train
0.1032540080088859,1.4649168643581432,2.455936111239856,-0.2882449711295251,6.668453070362574,1,0.6314994144839461,train
0.23969610327675173,-0.758756844275045,0.44599798188272466,-1.0622584907436232,4.96512875370213,0,0.5529959012658272,train
0.218726731113095,-1.2149103375730688,2.5389444524558558,1.051404776860469,4.309955567314085,0,0.4044027732431989,train
0.42223488060809006,1.2723430178483568,0.7211164571408677,1.0730450493841441,11.131263960223837,1,0.8004654184347499,train
-1.2902289682454184,1.7204028828463012,2.5743174645866054,0.8395995752934963,-2.046324449474267,0,0.1821160643499179,train
1.727601837528028,1.1951085209116845,-2.9773488667761328,-1.0766927468850538,20.099653671933595,1,0.9483165911761228,train
-0.8274103628723355,1.3154368002791736,-2.8128865049396525,-0.5902512771252942,4.5990775914727005,1,0.40056473914448015,train
-0.2768960546505657,-2.810572676670654,1.6271989272499727,0.7584817229316164,4.833511374919934,0,0.44047529307942024,train
0.7717643339616523,0.07242916117761965,-0.22233088754394448,-0.6300739521676543,5.767290644832076,1,0.6173516883298863,train
-1.6802215522803776,0.6612162498807643,0.6158299668641476,0.4483664849756485,-3.7171541082843715,1,0.241933788350327,train
0.5819959172603874,0.17733241171396416,-0.0474409571259895,-0.14689646267603007,6.451682994787781,0,0.6248885436090088,train
-0.3597742227416148,-0.697634786190164,2.3052780923667955,-0.5022811206136505,4.035205898652899,0,0.42360951424199567,test
-0.7787392577274639,-0.4909494955196499,0.8853915622650712,1.1272759165093638,2.9742434525498744,0,0.4821181745392142,train
-0.4731924788388452,-0.6884069213539493,1.1547437910112084,2.4329718982133612,4.930318812098914,0,0.5344025601877532,test
-0.1488925250978865,-1.1809473598296478,0.18916881741406222,-2.409713995935144,4.615353534848495,0,0.4364098119783015,test
0.5138284659420472,2.4998259358955677,-2.460849528653892,-1.494839639289036,12.49599416663036,0,0.8422754438312818,train
0.050190073159733076,-0.7473116581713926,1.5374964194908518,-0.6544705866118657,9.434834858587125,0,0.5835250418669045,train
1.8773978778371545,-0.6112241670786693,0.146843333318194,-0.892854866912329,10.050545186646973,1,0.7216299652550163,train
-1.93795017611529,-0.3539851664020324,-2.0369264645523195,-0.9348337360833118,-3.7008214120695038,0,0.1624807036719062,train
0.46866605185868865,-0.04561212499853527,2.9448490387527295,-0.5648853601221817,3.4169247235669236,0,0.4923594649126816,train
-0.8664195743996006,0.0007101532878633639,2.6007137730107655,-1.6200896469363972,0.7509012085928379,0,0.304963222461799,train
0.6799682542978672,0.046887341475428806,2.0860272982651518,-0.3507834688927629,8.07600825096916,0,0.6905502869974249,train
-1.2143013542377956,0.28799219698966294,-2.8151640781923586,0.6278146469324503,-1.9794966254309014,0,0.327815884506316,test
1.0323745202009973,0.3895178531917528,0.17943774056184303,-1.1640704175237013,13.587287984628936,0,0.7714730254568248,train
1.307134063827104,2.1481854577430997,1.129145339856171,0.32887213333756143,24.267731722453128,1,0.9659610851568564,train
0.776423776122586,-0.8543791786868643,2.6733129151259467,-1.1026124252782186,3.6257656414707053,0,0.475352059665401,train
0.5289977342195668,-1.4223142650909861,-2.8273363928728728,-1.368729868084588,5.4524115259135915,0,0.4993813216121862,train
0.49443472509833747,0.011509496625784725,1.0603502146085448,2.7409922505368396,8.741400599221821,1,0.7249364442436794,test
-1.4162585222877302,-0.6788937941868698,0.1525018655999828,0.8671241286463541,0.6258583796309545,0,0.30527499015266574,train
0.43964047889561175,1.2520475999019725,-0.015306496257724067,-0.05250215543941727,8.953376899393882,1,0.7141076784628962,test
-1.367673932156807,1.1204152929131106,-2.6643920271129824,-0.07554966898559631,-1.7596691888265519,0,0.23808934604237722,train
-0.9424269696143617,1.8146142075809142,2.24188706272656,-0.9061622470256767,0.432302506631311,0,0.321202790187217,train
-0.8851501686631117,0.6826582747250979,-0.4517233869205297,-0.36975315226892436,1.4215309244525216,0,0.25702458650113164,test
0.7122581836721532,-1.0248874760826276,2.880063443012446,0.5033915708390193,4.79801971937418,0,0.40941143471008323,test
0.6809970320403113,-0.36369103495540017,-0.8936381483794058,-0.870940964084106,3.138593707205678,0,0.44685204173171006,train
0.7001091608897912,0.4902461780582312,2.199616515586891,0.2941028692142025,10.60462023137031,1,0.7290796607320197,train
-0.49017988908582966,0.16821672765662804,2.269592637209983,-0.23273042997155813,4.969270494755658,1,0.4355188720035815,train
0.5456592559254182,0.8775295494203156,-1.307387650045656,0.67921466175695,7.455354877892301,0,0.5714111937662008,test
-0.6898464374494934,0.6517931256025346,2.5369511985534388,-2.0419358599410624,0.39311886543419194,1,0.3493857335331301,train
-0.8656500376358519,0.30394004751874204,0.4772804245969233,0.02768956935698286,-0.1832887801458276,1,0.4122492703429618,train
0.8396079140913322,-0.6954725254322353,2.3174493181929705,-0.10503394342264598,9.780304773129252,1,0.5738905105315149,test
-0.025100860719693762,-1.0683383411429466,0.46300588781022256,-1.7402522173032893,5.035724214174713,1,0.5015837246335755,train
-1.1927208999059276,1.5828950983842875,1.3983493157097087,0.39566051738185304,4.8514467323783155,0,0.34426242150829495,train
0.047973707288360444,0.6540578246502402,-2.177565486392819,0.21074364340140983,7.056405689741483,1,0.5147894175839984,train
-2.6244804785070213,2.3777252531990856,2.575196617418607,-0.6739182240565561,-15.353188701053845,0,0.01913910069494568,train
-0.17447066394263444,-1.8052019257449148,-2.0932403285817993,-0.6059529884170217,1.5824879553369948,0,0.31237797006506074,train
1.5297909141452095,1.0259027944836228,-0.3852696360283723,0.695971691143421,15.634534296509967,1,0.8622762994042056,train
0.13260999609050653,-1.045050148909811,2.3272929426582216,-0.8772812434375424,5.528250852601573,0,0.4518392377380198,train
1.35786550129225,-0.7620324538307135,2.0227109072403087,-0.03853305088009104,10.34480271145302,1,0.6728658459582887,train
-0.11093391547052776,0.9697912919003435,-0.9607763535294929,1.694494118902725,1.445144277366054,0,0.39985975560134374,test
-1.9965059020357663,-0.6771551074588374,0.028493595590204812,-0.060430911265457674,-3.771493511144814,0,0.22819850258165578,test
-0.5731778989002478,0.9453639787889604,0.37954092124916716,-0.6898977638074449,5.614091659512193,0,0.4727931706472517,train
0.04841179834238025,-2.0124274015319124,1.7047296798495202,1.310202367238641,5.952073781614868,0,0.4686010504341542,train
-1.0557900329825167,0.700958840739707,-1.827671588439136,0.5031563202777578,-6.196219941445684,0,0.20992689036603143,test
-0.025528625599323854,-1.711294544444479,-1.8335652326874343,-0.7587839415538259,1.1181614428554347,1,0.2858766936266322,train
-0.2563860197896349,-0.9103200958686348,-2.459707768271767,1.0481948079993952,3.651311321595974,0,0.41379295148983597,test
0.9577280561343758,0.9910535449752224,-1.934590588508853,2.0127527419663385,10.368634793901052,1,0.7442866033830806,test
-0.3006814837075908,0.47813268001186887,-1.4872199900100014,-0.8345599060497935,1.0644323952624797,1,0.33045651897284956,train
0.3538021155943194,1.359261974536845,2.846050169447535,0.6635377512624475,5.187257382092885,1,0.6345633840631414,train
0.019536994349920195,-0.8263298478740843,-1.2278168131797524,0.6291216889428585,-1.0248253200943047,1,0.30431185501191815,train
-0.22472831120662537,1.927018811935411,-2.8697847566619585,0.6078476883612539,7.710695923733347,1,0.6329977118172201,train
1.5184661485574606,-0.29658692409396276,-1.5833004989735573,-1.6601666321828108,6.251348352417906,0,0.5998235040799582,train
-0.543317085337307,-1.3675248633098418,-2.645849880091259,0.8708725966367187,3.9407706785138363,1,0.4089679355976534,test
-0.5970096768640797,-1.090070687583652,0.6956279272509498,0.15664897616030932,6.787734142871604,0,0.4813159164758179,train
0.4470164869331031,0.5694927753780823,1.181245067249061,0.01330588842735756,11.914376911071965,1,0.7693219777775357,test
1.017161301815576,1.0015805011320427,-0.17642802494899001,0.2485013280495342,12.385930105870717,1,0.7952846763623602,test
-0.33655968926684116,-1.421256929631976,-2.162684317530085,-1.4784041321807435,2.0390525195420057,1,0.3341228413722995,test
0.2256770544357648,-1.7359205783264353,-0.5771054012681365,-1.514519050902472,0.638059957321229,0,0.29046469095240157,train
1.5778996745626823,-0.40882881000979987,-2.0639146134759585,0.17757279536144924,7.87249025642448,1,0.6460345709963371,train
-0.40352792907931156,-0.512292673419077,1.8182044362528673,0.025219251980307583,10.06337753102597,0,0.5058525171854852,train
0.19827129130565282,-0.3502223204574766,1.7004331924305385,-1.8399900749706197,4.743776925294369,1,0.6212021742946651,train
1.8310269069650584,-0.01112922775052713,1.6751333976251486,1.354062825472422,13.826866711817882,1,0.8707837093475144,test
-0.33269872875145223,-0.9929194659142931,-0.46188852883651954,-0.8786932879113134,2.934225639063258,0,0.31855151312042423,train
1.0141086525396483,-0.012579264080651563,1.1382860079487571,0.9811543478391201,11.813122621788532,1,0.7976132882087127,train
0.02016546489205526,-0.28022143754034556,-2.6461480289479473,-3.001642764217209,5.577113378838429,1,0.5252118036006534,test
0.30889538210223905,-1.4353140037815422,-1.377729732513532,0.7010469510513296,-0.3909402419173347,0,0.28237559087436354,train
-0.07899292859970741,-0.4824459211293973,1.9388015694752223,0.23796487893474857,4.059443380636399,0,0.5375115102635992,train
-0.9905732047060222,0.26706850762459516,2.862395503769087,-0.0744905048417094,1.1732078045672276,0,0.244250328095858,test
-0.08033724638535654,0.784704110037448,-1.9678675892249853,-1.6765965442016662,7.1434807967505165,0,0.45397423039001056,train
-0.32815678935082687,-0.818633399872478,-1.0095808044758778,1.7745106009893177,-0.5174428538494152,0,0.2755764812344371,test
0.061443911390900545,0.3836792729088116,1.1910222399884187,-0.299891417205454,11.787598080609555,0,0.680548753203773,train
-0.7796154149009011,-0.35638693335382915,-0.5158293779781875,0.07951837008369393,2.5656509419529145,1,0.27331093127402883,train
1.806662625467151,0.8999896161333604,2.7408188496578205,-0.5534758689274919,17.058252727480724,1,0.8888301233479925,train
0.2816024867277234,0.13351749969670332,2.0554390473145148,1.1164148341819247,8.80819997250893,0,0.6314839420887413,train
1.4956057125151314,-0.0900947064728314,2.5170735305024667,-0.7695364406959612,10.666472306126787,1,0.7340835459449674,test
0.038269855999364,1.3479166107893668,-0.2608273048727252,-0.17695039616050864,8.430454820347988,1,0.5617085246230797,train
0.519730326998563,-0.13513457079984062,2.9682052192199295,0.29245614060191866,4.49667107034389,1,0.48758397619869426,train
0.9965181539444331,-1.8647630945184797,1.50998191221254,-0.12478162414757396,6.183588479582285,0,0.5111692961090323,test
1.021969228285388,1.292736671971352,-1.3295766176088495,-1.1057258759989836,10.365991036507468,1,0.7535154738445321,train
1.452416946146276,0.7913631648633099,-2.5384037287619767,0.46083885135508945,11.80841067057924,0,0.8716112662249993,train
-0.1366596484886849,-0.08635780094161084,1.5495406336771218,0.30615449648377385,6.005737476379252,0,0.5988479048625994,test
2.4792694385931577,-1.2669786232860112,-2.9010378847935963,0.8585276238088027,7.458524405689382,0,0.6646958072213177,train
-2.163055343898737,0.06074653705437325,0.1735175425448201,1.7445087570074382,-4.485208244569556,0,0.1673282195511343,test
1.7819654351961587,0.4128194107037196,2.61258105934016,1.295289246505762,14.34368614053767,1,0.8400672200215713,train
-0.16822611545896143,-1.1855088386046377,-2.1085160414031767,0.6675273918235091,3.1645073430864272,0,0.3461065659867452,train
0.954899176570069,-0.33571067119568987,-1.9502210364294468,-1.880227075165212,5.483205840950718,1,0.5464285242825936,train
-0.21450675769777738,0.6822241453230665,1.0314556365014527,-0.7352087891205596,7.402687974108961,0,0.6330560920711128,train
-0.23751938025471023,2.2964105200257183,-0.5965393805514814,0.46805323390070713,2.218368642766344,1,0.46501342468377554,test
0.6361441274145485,1.0112707784584611,-2.537768436268444,-0.5168656070968368,13.189245275186824,1,0.7575861894744083,train
1.5656310266853082,1.3355325456700156,-0.7603356667886554,-0.13584474913639924,14.43032788263437,1,0.8753813311413168,test
1.5608743904926248,1.4791172917932414,2.3903965245117185,-0.6286531342380776,20.329189152995212,1,0.9299351236451857,train
0.1056709084666,-0.8887377077929027,-1.5721536529759008,0.040199090658666566,-0.8068688111755016,0,0.3222156656803878,test
0.7418597659954308,1.5311559765203135,-0.9068065025640126,-1.4970059968074494,9.087893574115155,1,0.7175291546061466,train
-0.5604281515788527,-0.7446444031525052,-0.4757087206312516,-0.37424640866095404,0.8731801515163482,1,0.30138341575906474,train
1.138250832521164,1.020310316736322,-2.4663066395093693,1.4636763790044036,13.151115032956117,1,0.8436646727477115,train
-0.030998828095109655,0.0559809943879742,-1.4982569204005118,0.9423404459555025,1.4878126252453554,0,0.36360037588522254,train
0.32637569010828604,0.09116369250771783,2.761679048039518,-0.5109346273283615,5.183919076995578,1,0.5090119852085478,test
0.021391710244786966,-0.019024847304455826,-0.4178512378343173,-1.3441080959785672,5.248998626240264,1,0.42631905135691184,train
-1.011493702147803,0.258986542539949,-2.393842190712921,0.942072868448521,0.5581143029452031,1,0.30109759455701673,train
1.6313015817031413,-0.7780506330454245,-2.263524936042955,0.7335681927968226,6.149519501499343,1,0.6068188239289309,train
0.3209569783823201,-0.6600023762754996,-1.3721258146004127,-0.2726490803506362,2.98187368935519,0,0.3532497008798729,test
0.42990836610528727,-0.49605372532283276,-2.027188500191576,1.2981060024813273,5.419556308942304,1,0.4548128220344098,train
0.2859867679587464,0.19630935749635506,0.08195531870081574,-0.018303730192391572,5.435292774221316,0,0.589977227843213,train
-0.22654581518172753,0.18826043853444607,2.280058635242785,0.7741293011114806,2.174007034075039,0,0.49035491396813335,test
-0.15642963374542024,0.17844696487032077,-2.968812173733159,-1.4761977002766407,7.60009129556753,1,0.5751591452457059,train
-1.0927856885646647,-0.6219095918746034,-2.861392927887211,0.5337754817588978,3.2037440998705082,0,0.38790550885312347,test
-0.4431993618644935,-0.6444279895807951,2.6281278269359385,-1.7554222992838953,-0.3031970889461877,1,0.3568153441259055,train
-2.090215217195273,1.5138305577516782,1.0146245835070191,0.8384431207543857,-4.948068455383431,0,0.13332738582945042,train
0.7255063647354387,-0.6892274102736249,-2.489135496134673,-1.0904819870768943,10.192686435188206,0,0.5554254665434685,test
-1.1336452957198322,0.09566008698496416,0.023244087629204824,-0.5437073962949589,0.30519669218472656,0,0.29098236638553404,test
-1.41322676191101,0.9400778186550568,-0.5944724667288854,1.0814896331671529,-3.407534084478883,0,0.14554870854081955,train
0.032987643658494825,0.6579644219394182,2.0724548410223997,-0.18278432146574425,7.465830107843441,1,0.6177111916527073,train
0.48740458030275463,0.2681390674474196,-1.0226700840944392,-0.32851504240240015,6.182153007169711,0,0.4844408818479996,test
1.4125350330230595,-0.48229890644885326,1.2092526144700235,-0.3821055792404805,7.904798371856829,1,0.7834544843122762,test
-0.6850579054145535,0.7113591226218954,1.9014531113758562,0.797067483863183,3.777766439049863,0,0.4606670299596467,train
0.9135206245709592,-0.9175752751880121,-0.3588254952526677,-0.49320837640244064,4.22251211728828,1,0.4625039059242746,test
0.33996426007692493,-0.07855673050731693,1.4769955964653425,0.027540568767695398,9.056503174786728,1,0.6864868012043357,test
-0.23339838911911034,0.1382747057538616,2.6447736671932685,0.5589708069109451,2.5163568516300505,0,0.4180235544962838,train
0.07785645874093959,0.5383821289867105,2.8142467084759453,0.5689652473939347,4.450638245916965,1,0.4854245634893689,train
-0.438000628529282,1.9863437964056552,2.967826091279705,-0.5072684286125717,0.5413270358530307,1,0.3796480773847298,train
-0.2534906614852564,-0.7138105797526278,1.3872036608004104,-0.16972303959890092,5.227784131550442,0,0.5576506963253798,train
1.159583971158103,-1.5942318496441936,1.067706540550157,1.889706985594714,7.376677968695412,1,0.5722900721470914,train
-0.39743300720836366,-0.035409837371966846,0.7445410077918231,1.675496724820641,5.338745461931658,1,0.5411178749605701,test
2.4353757141669443,0.1991423495964978,0.3477268224020298,-0.362695700664209,16.223413477629936,1,0.9180800375274493,train
1.7768697842639443,-1.6782353241758954,-1.9847640646440903,-1.687646153829011,1.5909313309329793,0,0.3573467231159006,train
0.6328978248525646,1.0130683547878412,-1.8191301266106823,0.5800850165459448,6.8849900817544425,1,0.6527574306281806,train
-1.2295663497825382,0.29924875460640216,0.3351929510155358,-0.2599090425387997,-0.8566992270023863,0,0.31496096505160415,train
-0.5818451804936458,-0.6465295367784042,0.22374256457718955,0.009738290518468466,2.4844801123263593,0,0.4172165077656681,train
-0.44250329771819785,-1.9549637375675668,1.2579325298048945,0.6357299007913819,6.308100142733766,0,0.5002131016170851,train
0.17926051373587235,0.8036353544162119,1.1684121898238402,0.26606611668911256,10.10837041944934,1,0.7348301047026938,train
-0.07500474034105321,0.3927607265286155,-2.1759941711958097,1.5449000491067995,3.2144069041834227,1,0.4651893151814796,train
-0.44125628236244974,-0.8773668893651622,0.9147746394931264,-0.6484836241484329,6.003057899190644,0,0.5225874998983752,test
0.08644836870412448,-0.42857664172848936,-0.953246827318802,0.21732685875186625,0.3817230007570924,1,0.3467395714643869,train
0.7758240379887791,-0.11053693286470803,2.26136345201149,0.896815804081136,9.633767649857557,0,0.6588154989883858,train
1.6597665034154176,0.8191767101694832,0.4746445605038758,-1.531305465134228,18.335215099482653,1,0.918115095177599,train
0.6781880822663438,-0.15281103528673676,-1.7215928392515534,1.6587195902645215,4.430805412798676,1,0.4952183579108167,train
0.7364371964817228,-1.6530448626062815,-1.4606858380742982,-0.6748750649853709,-1.3425933479033298,0,0.2793258268822508,train
1.3892467408294031,-0.40265119089285534,1.5420656510782464,0.611794063483368,9.332788055838007,0,0.7831910646445682,train
-0.33125863466953925,-0.17647758529792854,-2.7588809184727197,1.5608965027643629,7.839058575101179,0,0.490244413428921,train
0.33001897233682503,-1.3324026810225222,1.2345967674976484,-0.5045850961948426,4.372039824589423,1,0.56942997908068,train
0.36421642334297555,-0.22005277982684265,1.4668599103612783,0.6625789829478317,11.190350597219588,1,0.6775922069134732,train
-0.9702589144605626,-1.8971779092817993,-2.4784588160025525,-0.4933874834847364,1.8943436816890693,1,0.364898450621506,train
0.18323089169485154,0.30841294312044326,0.8501738177736105,-0.969871799420715,10.996356845237791,1,0.6857174816846019,test
0.31636407247859977,0.6068172696488723,2.1189173527768483,-0.9383951991532334,9.029996575929708,1,0.6729949389145171,train
-0.6265714707773757,0.4297435756312433,-1.5291266478582208,1.9627969516237558,-2.885215323001846,0,0.2662930889732037,test
1.340438964382485,1.1556691046083165,2.8699088320552066,0.6566700825616729,11.803985045213503,1,0.841745068886477,train
-0.3364029517964474,-0.03819258710247051,2.6910609061921162,0.8251370128488577,3.659447450827108,1,0.3823327833007222,train
-0.0894628037813326,-1.6311251512749547,-0.8990633345875052,0.5672992309642868,-0.3081280789847758,0,0.26131632468768184,test
0.4597035139701636,-0.24930387427360165,0.6072259749741589,0.634279966530937,7.6136990391359,1,0.6587312080168791,test
-0.6455587261717675,-1.1919932587868518,2.6928320249412483,0.32818892708442077,0.735065285934816,0,0.3172336431159533,train
-0.6587400795237148,-0.9589767227815522,-1.1079553873087027,-0.33335748093730416,-1.366511979204256,0,0.24241184010581004,train
1.7886956466628583,-0.6366035272744768,-1.5240390950103597,-1.9884561359355302,5.509519616524703,1,0.5564505305578696,train
-1.783773119202555,2.356081614026895,0.6912869862988646,1.776323255787084,-5.624529517161824,0,0.1300546305325678,test
0.6100173476147006,1.667376240030739,0.6071688803760455,-0.23261056198060853,12.551950008678533,1,0.8563086927908277,train
0.27182494487400305,-0.7779212220516447,-0.23386739431448333,0.30857286635532555,4.261821830173191,0,0.43083279639180566,train
1.3896238741444578,1.1643714076938232,2.1692949419807777,0.012245348950219165,19.226208406447398,1,0.9049287609330932,test
1.084469094487787,0.09763487173331932,-1.7477119910821832,0.6723964007306588,7.256603184615649,1,0.6150995513252885,train
1.3397293352829238,-2.3449601490203773,2.432256078169422,-1.568945639543272,-0.9741994096824007,0,0.29157348425493534,train
-1.2698496834359965,-1.2278998302685011,-1.4243462276156504,-0.06007803241335991,-2.5337581746180025,0,0.2114160497777713,train
-1.0282570473832844,1.1966782291614066,1.2946980911571622,0.8660990540640696,3.324225299850363,0,0.41180982578034153,train
-0.9869119525622402,-0.21117852198901804,-1.6604968540558658,-0.0009462559098255376,0.9914134458947537,0,0.22280541121551345,test
1.4784060908190912,0.02996141799989032,-0.9501149823873107,-0.9910634066301535,10.88197430717584,1,0.6520390759822947,test
0.051709592090330034,-0.2523860249415055,-2.6097230962264897,-0.9474945197329724,3.1947260059482407,0,0.5260155785673867,train
0.6282948883619938,-1.2014753796171427,2.735963522283626,0.02217670049225666,3.420752129715861,0,0.4018138484784252,train
-0.998327001585285,1.5725838374290027,0.7618363968936732,0.9108914038601079,2.0735772763431433,0,0.38975192153809585,train
2.26701980955586,-0.12252596863782798,0.11297404577508274,-0.4067983764645118,15.233759800447636,1,0.8479645614957528,test
-0.22444996018341296,1.1133705886230236,-1.121173896016142,-0.04980200393597354,2.173458593046771,1,0.36928065596817883,test
0.6038737998921254,-1.0819175432472263,1.6086760093705221,-1.3223039464395683,6.8898384627275995,1,0.6003387779643287,train
-0.1756223093699993,-0.5754046916388084,0.1811626573470937,-0.03251183378674319,5.007408566958583,1,0.46663115437468305,train
-0.9701380860923656,0.5311787825788283,-2.970910394082768,-0.3017487608170422,4.338118597657944,0,0.3958742188713028,train
0.7509466304742589,-2.234463546321724,0.7840222546734212,-0.6137909036690092,3.8943464912069423,0,0.4430029718522794,train
-1.7548171877683651,-0.6097329679198796,-0.14225805190685836,0.9118865515024625,-1.9596033878961965,1,0.22275147922592614,test
1.3516426305690603,-0.8541147039581032,0.5452116111745777,0.6912423577464502,9.892048042744086,1,0.6763285581537805,train
-1.0948677928987656,0.21796275871365317,-0.8665645263089541,0.14703924584793357,-1.5282349343682884,0,0.1938631151958105,train
-0.9486697641218297,-1.1765754684501835,2.8642036213182873,-1.196358358656793,3.193570422267787,0,0.2727543865848533,test
0.7223781814984126,-2.304863260222483,1.5776001965594633,-0.6703471711624265,6.786216402675491,1,0.43873475733887,train
0.23086041890870074,0.23953195753015089,-0.9830301101644494,-0.6208535866586505,3.369159321982508,1,0.4270639314414312,train
-1.9445236653176814,-0.6622020412407204,-1.5834856354379423,-1.7667539869512074,-6.083396208349592,1,0.14920327294024205,train
0.09688725353201695,0.4978349768046014,2.935740692696397,-0.5147558805808796,4.90631725255091,1,0.4676015590619174,train
-0.15414934756734147,-0.3243573392576224,2.0165982067117607,-0.15718519775938708,8.200832701651967,1,0.5230829545687369,train
0.5915440674083207,-0.3763821916868559,0.357214787909387,-0.09729310071282536,8.484388446861052,1,0.6287670590938852,train
1.033199957881208,-0.9970538211289998,-1.809591251096405,-0.1411702156518622,3.366965864970458,0,0.42354169169847805,train
1.905456214454193,-1.2029023044783158,1.7242903771295612,-0.07184404498161351,10.23367665805769,0,0.668285978426606,train
0.10026128862656283,-2.4757121023911397,-0.44041952116840655,-0.16313881030282054,0.8189909646195772,1,0.2552672737912758,train
-0.7493114224425206,-0.2805939845049808,2.773614106784292,-0.8809278366173632,0.7496044128436083,0,0.29819993893712815,train
-1.1648672132851823,-0.5223291116016188,2.589808206962834,-0.41192873873453334,0.4069864662289401,0,0.27588582801991285,train
1.8535247180754642,-1.157373974207325,1.7920971849467824,-0.11046111437745569,5.813998236337854,1,0.6674576913442128,train
-0.42616784263422963,1.3176524198628305,-0.813282543451348,1.1599387437884638,1.26333136141247,1,0.3354152102349423,test
-0.5677282381230673,0.5524918561495737,-2.2634860224775357,1.980349712410654,3.274385746451869,1,0.37136726401512815,train
0.8931037090461815,0.08856895134879386,-1.1119638960538327,0.3394966270007615,6.125286063514729,1,0.5426085998178416,test
-0.020556133639577714,-0.6178595128996219,2.0705260609286125,0.1635911563324302,3.916253282112283,1,0.5149189898605587,train
1.0912795859036908,1.3599807388833947,-1.5951982604775694,-0.4182941100256998,11.951687551618821,0,0.7894148150607283,train
0.03448414039210825,0.48604760116507767,-0.7070157441443152,0.5525369587050919,0.633769324644581,1,0.4267879451747616,test
-0.3650527259532792,1.1608388844346238,-2.4814261908448625,-0.15335256227094504,4.916125268916376,1,0.48374691773317313,train
-0.43472054775286034,0.8081266548190217,2.9695447146237735,0.04562826324783603,0.04462957122568678,0,0.34687176964178595,train
1.1266132445285233,0.1753798618826644,1.7606986328334804,-0.5973284266178095,13.66832676458218,0,0.8107303678457516,test
0.4225483885457312,-0.04070650351621076,2.775316920522176,0.1422162079417011,5.3393853301287795,1,0.511233414958402,train
0.3888141298792849,-0.06405446772075808,-2.270806723084796,1.4115715414217538,8.02591258887924,1,0.5405196942371352,train
0.5107230914967429,0.128614187866797,-6.06419501627542e-05,-0.07537317114625183,9.0108331711476,0,0.6133778719178005,train
-0.6632377959490654,0.45241173204368645,2.245438541094842,1.4228225470219502,1.8319858835713312,0,0.4063745516068671,train
0.925526755530316,-0.20615609510880312,-0.27769565178479017,0.24508196759100115,6.456406603301977,1,0.5938632125049578,train
1.9421778679152857,0.24578949937652325,2.93342800785695,-0.22307597473361843,12.124083547074417,1,0.8046583104380323,test
-1.504680609198876,0.26089529729805055,2.211144359822428,0.7059951140722743,0.5264944890825621,0,0.24836957345920663,train
0.8803568956977617,2.1772576571467988,-0.8987391954410957,0.8485313078498862,13.938873921770869,1,0.8235417346680769,test
-2.356619942408851,1.355722862371869,-0.08623565591638549,0.2144793111098117,-8.92755068033074,0,0.05861489605766278,train
-0.2232620215541115,0.41109092830077126,-0.9609493064555172,2.4670841427313777,-1.3747831340679597,0,0.34237315247058614,test
0.0976753574981445,0.6076427940410365,-2.544423884302442,-0.9513214877569042,6.352517909261576,0,0.5922244596433399,test
0.4235610734809356,-1.0328213080070818,-2.275459041625516,-0.7229329538340912,4.614188722380446,0,0.43677993152321687,train
2.1434438757183867,-0.9333777522143742,0.4502769432959193,0.6866376932730818,10.030860342975233,0,0.7201666430968446,train
0.6002501521738702,1.4356377853793407,-0.9232302161834975,-0.43323325862071554,6.7582336047151665,1,0.6638423460349583,train
0.40589332445766113,0.008109882549359284,2.0545691015196645,1.7466147498896383,9.760828375723976,0,0.642540309152543,train
1.0014053406948307,1.7596465138241433,1.0932830913186233,0.07481488534337832,13.968467681056044,1,0.9293446262517021,train
0.782345885898743,0.8476648186127757,0.20200840603752468,0.4018988394103011,11.470400784567543,1,0.7815109560940031,train
0.2799198499350661,0.04348808382250324,-2.4111824360963166,0.407004541629234,6.564382995667604,1,0.5572460312150274,train
0.8139952261214077,0.3537006169034243,-0.6679658557515711,0.657616114844281,7.609483116218565,1,0.599578725393758,test
1.1324671540031974,-1.095133008043425,2.699195798224186,1.3826608554681084,7.619554553291909,0,0.46627766278958827,train
1.0646369649587446,-1.7084751254090835,-2.220269376882837,-0.42587830003091215,0.025357493863884528,1,0.3696876564390336,train
1.4759321461342125,-0.19590221413646947,-1.638335545446842,-0.10384263559559669,7.159727006293773,1,0.6190148315457669,test
1.9131694771863323,-0.7951888137216166,-1.9864599284553872,-0.03807200606788596,5.45362146073593,0,0.5878853041673796,train
-0.8903798782091509,-0.7925844361780512,0.960619552843724,0.6117438017680152,3.0728969306903346,0,0.47496441562813346,train
-0.20183866288135738,0.7309594213004807,0.18348747633228557,1.482728931748865,4.36940904878091,1,0.5336204962187718,train
-0.5737390352020012,0.19919773762370876,0.8990584334577738,1.890927039835188,5.413908967523221,0,0.5254606595111605,train
-1.364647483353232,0.91423757094508,0.08758237201870145,-1.0731439193643577,-2.4949831609761937,0,0.22630646154885622,train
3.380749507419593,-0.009607589110560331,-1.185477285565536,2.217177561203435,16.040872253906933,1,0.8857596675162475,test
1.625590508744276,0.48699558287570344,-1.2922185792131402,-1.0547706757752573,9.403744669329066,1,0.758138382977584,test
-0.6046619965240991,-0.0192598471666596,2.46881918371742,-2.3530951223109144,1.2980325263672774,0,0.3729755988668098,train
0.6045918175541443,-0.23330055954779638,-2.655808363271561,-0.7609266019629325,10.432373173897052,0,0.6289647761849703,train
0.9287985009468672,1.5559685618402488,2.0508076504887214,1.2843744755540427,14.698384669846572,1,0.8831103881624418,train
-0.9990253399972878,-0.2518659323116952,-1.8263419128447762,-0.0328861711134517,1.201388706368646,0,0.23637363515499873,train
1.736884230384399,-1.124893520931213,2.836900315806834,1.4482109834434151,3.682064933469188,1,0.4890358304912939,train
0.6055434645511647,0.011755145802063287,0.40205628705044827,-0.5118925572265839,8.719821416294456,1,0.6841227443868441,train
1.4862858013213267,-0.6314108656521034,0.6816910879541211,-0.006794077392751713,8.552886043929346,1,0.7438588555434397,train
0.5765816040700961,-2.0810603856499807,0.11987441022470335,-1.590510976477771,1.5292800642450541,1,0.3674008691795115,train
-0.2801453376568137,1.2110974592541737,-0.4270119812644353,0.014821276569044962,2.245078463308075,1,0.42299873877643124,train
-0.7319393794095044,1.3017855855007758,-0.8528394146049312,-0.593075209318089,-2.2410610099250725,0,0.25037709893493765,train
1.2621591908730012,-0.22752099279968746,0.3945049612938716,0.3284905308607813,12.06430108461658,1,0.7497964750328314,train
1.3768131205909369,-0.40222992201675856,-1.1256863203833245,0.10350738463283898,5.247155043998851,1,0.5390301869279497,train
0.8494271058786772,-0.10767376358924899,-2.986874685646766,-0.053993403948008244,9.278044356527836,0,0.7299231881165593,train
-1.9661784920885823,-1.0070340840523784,2.2557252990907797,0.2265251058269907,-0.23404289004591572,0,0.2799650800220356,test
0.27659601738350187,0.12892494969193996,2.6767454441687804,0.479573873191259,2.442504275955658,0,0.5176046005998729,train
-0.33336765739210866,-0.9721341314424372,-2.36672617483861,0.10753352203397337,4.633534539672641,1,0.38637961543849425,train
0.19622971875919318,-1.0844141138696883,1.3948974226847026,-0.6041498776904591,6.221890396899332,0,0.5792538222698921,test
0.0720333969110198,-0.0036397415006651024,2.7739048982801604,-1.742168674505985,1.1460414989613854,0,0.4472228095637791,train
1.62810631294159,0.4724059739665925,-1.1572595057882586,0.7315045102094917,10.533619526657864,1,0.755677044326188,train
-1.0397507164269697,-1.4324114639178267,-0.12592509436555588,-2.0295637860125475,2.0848407067618573,0,0.32011857797369353,train
0.5131548150806631,0.6390230940652722,-2.304878104221406,0.60913204385583,6.556548223844941,1,0.6528497754169112,train
0.17610781040467452,0.8627778233233295,0.6639528409606008,0.14992854803604513,10.924421462728233,0,0.7102547495067846,train
-1.6156242352586876,-0.2669128190491412,-1.967255098092082,-0.650039011392868,-0.930836682819614,1,0.18140318834368502,train
-0.6357527532524878,1.893188474541486,0.4243473366214001,0.3463998487986386,3.197454024988824,0,0.47276217970223344,train
-0.3415263398979835,-1.1369691469363319,-0.21106654461068963,0.7235286750550306,2.900355408787834,1,0.3511993017596967,test
-0.4042447405728629,0.39581601616247714,-1.1402347514447888,-1.2343780063324472,0.5550858990291739,0,0.29856886752838296,train
-0.3203019675483251,1.06313358666318,-1.4819667946881532,0.6053307142833273,1.9948371320754417,1,0.34798909585238985,train
0.930902335226094,0.02223511465613764,1.1710062183838215,0.9543095790594333,11.079558956121764,1,0.791042163652153,train
-2.3517785718123663,0.3283622040782388,-0.5723092805937533,-0.12728832491650993,-8.42561513489635,0,0.07895111167714108,test
-0.13652622383078883,-0.5516456327635011,-0.24190678478515792,0.710853089472498,-0.5246040084641739,1,0.39512399977811746,train
1.2466123505371933,-0.5571370055537503,-2.619286079576434,-0.5855838263203228,9.6738700351163,1,0.66652787833339,test
1.0769209962872537,0.49136521452975357,-0.21307550612105697,0.381696510362755,13.857388389259253,1,0.7377309879393776,test
0.3838596276058377,-2.159109095278132,-0.46228562536869333,1.2944746701335206,0.13460674723894125,0,0.26960230278296027,train
1.082875713423977,-0.6661894469546411,-0.5440606550709686,-0.2025633697385704,7.027454404831978,0,0.49621910535708547,test
-0.1801326438937677,0.9292481520799165,2.282088743212518,-0.15073210344221455,8.321478997425471,1,0.5413194117836803,test
1.5838335367132867,1.3830456364775114,-2.8879076624202233,0.08743018586454451,20.02000320109112,1,0.9452031845773928,train
0.14923351203807933,0.09650142570990945,-2.294348514789587,1.565462459524974,5.737108895307726,0,0.5136746140267119,train
-0.6447269771814657,1.4789386814322805,-1.6601562498927687,-2.372921633709958,-0.27894340135894524,0,0.2810630367365958,train
0.13288277755323885,-0.6569883103476618,-2.840196643867402,-1.3116764244776862,6.329454829426812,1,0.5452509737458944,test
-0.39097314677477324,-0.6467301229537414,-0.354311894932529,0.4118054080231114,1.4126193905426223,1,0.3399208666849294,test
0.4453330870558069,-1.2414009957846341,-2.981594168088745,0.4079492670074539,4.950912176081325,1,0.5395453558151936,test
-0.4068908069023121,1.0349695199855418,2.1322673997100967,1.5889353064100247,4.00102194097578,0,0.5073349109066236,test
-0.11740009296369583,1.739763379426642,-0.05146726885917907,0.3735028979551139,6.540589131844721,1,0.5737918275828089,train
0.20370132876046032,-1.3997534356397368,2.3952946801702906,0.6929054523882578,5.130625599382449,0,0.41304387226379924,train
0.29092379517609135,0.3510224685830551,-1.5186620766113672,0.20798861273873406,6.91169487155906,0,0.45681082239750764,train
-0.28818026945963526,-0.049044317609502674,-1.795686959834428,-0.9767132960830177,1.1686295612477586,0,0.3397741500269338,train
1.4067615510086253,-0.2608227957254655,0.9169453290856948,-0.27622814109314625,10.778149481984622,1,0.8066435043330864,train
0.5875046571078131,1.0557210773678993,0.8753864244760665,-1.6721845262865356,13.388070419047095,1,0.8245942715844979,train
-1.2656046538441497,1.3894727403383056,0.5179346594211216,0.18015183965146742,1.8961369416286598,0,0.28665878683582585,train
0.6274664537225983,-0.5926007394544355,-2.007028711281877,1.3125440252124911,1.8900667716419433,0,0.46750173775217035,train
-0.16611462006727798,-0.802395407186036,-2.0213557422084216,1.3582648408110525,-1.4105824045699151,0,0.35262365694846265,test
1.1054721573154842,0.8861653162314098,1.1604829993946746,-0.34883960922799695,16.647814292915353,1,0.8908196453858173,train
-1.0712730822985963,0.3352957754660562,-0.11353899612936935,0.12911447608,-2.4479501136575137,1,0.2740894122973717,train
-0.04344946775705314,-1.3522654572607185,-1.2424458396887073,0.04401524770000013,0.661553158343468,1,0.2686524978000152,test
-2.2064000968905426,0.37660896432259494,-0.10415106451082501,0.6336183415004373,-5.9949443103504825,1,0.11590391941734246,train
-0.5030930557392823,-0.04899346276829426,2.6572092023809075,-1.7784255987726338,-1.4916379861803195,0,0.35785749614549506,test
0.5607855028911629,-0.23275108256921528,-1.9419146246570074,-0.46474957276522416,3.1597499775186138,1,0.4940994175307567,train
-1.26541467905295,0.19416433421751003,-1.1766242113736576,1.005983636496459,-3.94440437736665,0,0.16443774351489673,train
-0.6004574045721505,-0.6571573791659244,0.7969345703265525,-0.12169147925031143,4.25518436415812,1,0.49831326491050987,test
-0.7986864860128763,0.9153266677667435,1.3138573447170732,-0.9006979275509203,3.9797693484216996,1,0.48384154817936914,train
1.3488979124524778,-0.06759160957563604,2.945297524788691,1.526480040653684,7.617716786104603,1,0.6517693148545143,train
0.38527911057113556,0.6290366758640757,-1.4374709201758136,0.042305797452152745,5.712820473513854,0,0.5041448706459092,train
0.5997000354270495,-0.7014261161686725,2.200193092389342,-0.8765571516581836,6.776356994543239,1,0.564512428434155,train
-1.7771428015446056,-0.15822677571346014,-1.155061190250061,1.0182252987105178,-6.207338941083971,0,0.12746688096469297,train
-0.1074412021840134,0.043841088917786555,2.168038123425923,-1.6838813018745022,2.6497139354910577,1,0.5275729567712151,train
-0.15252550527461312,1.2067335563125179,2.866906150572465,-0.12799224504324916,1.4217884675740349,0,0.458710692948011,train
-1.0713456957427923,1.352450725848247,-2.995126382703279,-0.3347831159059062,0.6002807186076264,0,0.35131954961863415,train
1.4325538738644037,1.2882229559919833,2.4901588001963413,-0.6832289034244999,17.2281068738492,1,0.897553132261932,train
-1.5905681984364857,0.292389794029963,-1.1935904502783603,-0.014116460761634088,-4.417902527232881,0,0.12579588675820988,train
-0.9118158533170844,-0.5443302905364527,-0.3040067189869289,-1.5113020309795504,-0.6497554450227963,0,0.2865949110417358,train
0.18292716042746862,1.5621058970836128,0.13052522322753823,0.9637091979751636,9.494935942713067,0,0.6926056780436713,train
-0.8093551581741663,0.12451709495397206,-1.1146463414094503,-0.2717882240716888,-1.0613261404553294,0,0.2267067048869145,train
0.3254824768403522,0.16681750936569764,2.7423277759134868,-0.4899649693668119,3.995072319021839,0,0.5201680031717357,test
1.4992484546200415,0.13016438702255928,-2.8106337645097077,0.08194591067362603,10.172230342716903,1,0.8289662480188494,train
0.5394873270804662,-0.17098950482587374,1.2796133333523745,-1.0570311996922674,11.488159308025166,1,0.7151589984409908,train
1.177754242605496,-0.8334162300433462,0.19881522590939404,1.1077571311606522,8.80472652055463,0,0.6085975193210049,test
1.1972167822082236,0.19636029999947172,-0.41245817372295157,0.5220335151512776,8.285527041667741,0,0.6870581614252944,train
1.0236055579422512,0.11523665396284806,2.869157233205808,0.992840804276983,6.491910328681978,0,0.6350898895990027,test
-2.570936595462084,0.7331090340483736,2.3848825865053307,-1.7482147380284347,-7.2937968852590505,0,0.07424060514655768,train
0.7152335784805448,1.0162334018876797,-2.1108420206131844,0.5578413751711874,11.39932553237984,1,0.7140993146470433,train
-1.3432371372820777,0.4046214821600739,2.7974208770932067,1.9784200163157968,-4.2910709500642765,0,0.1926483798577804,test
-1.5533210225517722,-1.0422184884304218,-1.3750284059180795,0.6916487031276543,-3.1515626411421898,0,0.18689976886996737,train
-0.17395555911139804,0.41540678492587335,-1.0500240883388146,-2.6072499031812186,0.9068317218575342,0,0.3491374638575825,train
-0.07963552524549851,-0.8843669226673543,2.917990689011207,-1.753120358124965,1.6174675060609007,0,0.3415828875393182,train
0.08964328332814506,-1.4588425981939146,1.0642653670790665,-0.9257678829710413,6.049467777472934,0,0.5411140723093479,test
-1.0116597885490883,-1.3183160661473026,2.569225123516051,-0.9409847363742216,3.3786312574731006,1,0.3145784027444347,test
-0.23163257324948777,1.3446282713132016,1.7263873246965584,-0.63479149881414,5.704700300886872,1,0.6339097310074285,train
-0.6722080508872488,0.6233392680255857,1.5540042346130125,-0.45938604885943973,6.0741449840605926,1,0.5045735669735804,train
-0.387761693145464,-2.291680203866603,-1.5662505315509203,1.3964506564554853,1.0239999933914543,0,0.23854339620446882,train
-0.2506272586921158,-1.3683501572932208,2.7915800578627366,2.279093404718233,1.5339377579610027,0,0.32198263995298837,train
0.8923282392634456,0.5240273520253945,-0.6195090438560724,-0.8092587484083529,9.835287752606655,1,0.6481411274697151,train
-1.2407793033417773,-0.4914432527466742,-2.8075096734930787,-0.858291529969453,3.7899834960370367,1,0.3550946007036223,train
0.10243697944430552,-2.7151425225745096,-2.329190295612547,0.26613168524215897,2.7855089727069946,0,0.28927982670059155,test
-0.2776508951051948,-1.271988853543466,2.256331711808434,-0.36851219764792487,4.78064569225283,0,0.41687235804863537,test
0.705115880223761,0.17100786511300067,1.0682680868524672,-0.2539937914817652,10.702891909872443,1,0.7734425874285213,train
0.688143432165281,-0.36120857988512833,0.6602500889391694,1.2140131202266347,6.817314598580104,1,0.6854896662972246,train
-0.4250317963080532,-1.5175436183769846,-0.0592042198689775,-1.2643219212889667,0.6930512334148737,1,0.3597814191629303,train
-0.7514320481932338,1.6133220812586593,-2.8388038775234605,0.3827573576780422,3.70108773006439,1,0.42868469191098085,test
0.2471793218683519,-1.0711317073279916,-1.7502123240771332,-0.3800720827715777,0.9712232698217781,0,0.33677269841912305,train
1.0448842084912666,0.2172374165235633,-0.29905793415444126,-0.1434256856562986,5.530477798196998,1,0.6786034406142563,train
0.6284943865371766,1.1800653638781349,2.5062275325464096,-1.3687767123753276,9.920513423664868,1,0.7428678519031798,train
2.424836695084816,-0.46903260113559164,2.1268485902572927,0.10922088001940881,14.959614845066218,1,0.8225165289369072,train
-0.41587685664135615,-0.9775110009668011,2.37865276674915,0.8368489719753376,2.4460063414804556,0,0.3942865931052552,train
-1.1791136660286727,1.220699521015662,0.5736327878246579,-0.37760879585867835,-2.3710149240461167,0,0.3239458336054324,train
1.1269405799405257,-0.37451588146378445,2.4386192790300463,1.0926876328436053,9.708453157191977,1,0.6431410868961632,test
0.6310688960701262,1.159303850473438,-0.6022691318726849,-1.8569402012906024,5.019539800777894,0,0.6694599576838252,test
0.44325569781994506,0.7700467504376357,-0.7742636388728679,-1.2613357254903608,7.200098244412041,1,0.5517970519495734,train
-1.1827544329013613,0.629033645703897,2.1380337049968245,1.6052954005032518,1.4010966155033207,0,0.3034838276830235,test
-0.3600346566182916,-0.9617991904673661,1.7303966677947304,-1.5506994583242573,5.084172419971268,0,0.506272103948784,train
-0.8115356771395127,-0.31730027829722063,2.1715470668257346,-0.6012445075647185,2.4660331644155074,0,0.3896673606119343,train
-1.164610507477578,1.14679355148754,0.3031860500235508,-0.7623644627994586,0.47631325779862876,0,0.2934197670731068,train
-0.5495049402225612,1.9500520685121494,-1.3441919067787746,-1.183472577024668,1.3405399268922729,0,0.2970142761073144,train
0.19012123362449365,0.5258021329644781,2.2235848495275174,0.5007256429063828,8.53614100537136,1,0.619280571790537,train
-0.8142205802063848,0.2913661942268325,-0.0669557749129881,0.09633537342668531,2.040111539700068,0,0.33145238847349867,train
1.2311974076718035,-0.5673884438079612,-1.9003722521891449,-0.6740540020930406,6.238416803505274,1,0.5389035435264473,train
-1.1055234782211698,-0.6898943118629994,-1.361321538394428,-1.205145437936203,-2.4271333323879016,0,0.20535183410117264,train
0.9241088366094922,-0.42103250851350643,0.03087203538601635,-0.9304874437292476,7.787946210972362,0,0.6152461058098249,train
-1.2071578382377863,0.8747425891893893,0.6527214801020498,0.4904728292217756,5.265475049463809,0,0.33922812445225486,test
0.6107324818337742,-0.39740475115676116,-0.3257952931078325,1.1219839229773882,5.794329514661288,1,0.5054667409902731,train
1.3827572617382782,0.31783462033593196,-2.469191709790435,-0.8223226975228514,14.57141815209084,1,0.8005156384176882,train
0.506558455695155,1.0886594265223015,-0.7360133624146128,0.1586314084112491,6.550401119353332,0,0.6107254755201518,train
0.5272962612776513,-1.3713033633170297,2.311695899489262,-1.6276713232335942,7.502365771227034,1,0.4509010280838883,test
0.7734194069677375,-0.17891523365751547,0.581092149875321,0.027559622482779912,11.432275483084211,1,0.7111913146824147,train
1.4947910961996376,-1.9502974233672843,-1.3035290361781735,-1.2651583348963826,0.35255575050287913,0,0.243517387912428,test
0.3241165489033266,0.39286049411099827,-0.5519679627951461,0.9418340476184306,7.041284174867147,1,0.5073975348934547,train
-0.30675287600740714,1.0539496711067156,0.16183589579318625,-1.1342365884831827,4.759734319517908,0,0.5155461866145781,test
-1.1733730810800627,0.21532252868423205,-0.8244762710089022,-1.9982500884703298,0.12255444203660115,0,0.1856668836059888,train
1.6441570195573476,-1.6105356592331703,-0.04364543883412697,0.7779706608805972,4.846056215945908,0,0.43543083088237583,train
1.3817771310210745,0.42917765668493013,0.6800015766746879,-0.9667816982870941,15.919574982725997,1,0.8695816301834333,test
0.13943309486009398,-0.8908328185227649,2.8084363777175785,0.2317731918558837,1.0354782373542597,1,0.3793300680295432,train
0.8554591195506304,1.2819976703385878,2.3223724079498824,0.8326784559024892,11.97599262236036,0,0.8248032138026309,test
0.5831677262693554,-0.37637792879507,-2.3087418838464973,0.192735503854145,5.595353444605935,1,0.5437219910903395,test
-0.11033891732335857,-0.9289167317171922,-0.1676583224877155,0.10776593692832367,1.3636089561611853,0,0.3891532220232738,test
-0.26285843872081505,1.842950856271327,-2.4244938049172324,-2.207493532306028,7.064216266557923,0,0.5371392740355017,test
-0.15062108088686443,-0.8988672143476496,-2.017657833935088,0.11192623560466657,4.1894812898963725,0,0.3485508378971385,train
1.7932302328244414,0.42937065479540176,2.9448787158866025,0.21282271257672664,13.604624712303577,1,0.8116621552567458,test
-0.47618772585415936,-2.4622442111399945,-1.5787487688110136,1.414309211603332,0.9451978546963449,0,0.23784498900832565,train
1.5915678435012812,0.07246661000663948,-2.3777347878630968,-1.3790046701659497,14.99839966007229,0,0.7831188550653869,train
-0.3396856213241501,0.012537629753901136,-2.0325182660677923,-0.1599392501764815,1.5968603361802072,1,0.36578224429618134,train
-1.0951594559829452,0.6154666102559154,2.610855060215573,-0.9831131050464695,-0.7746168202801603,0,0.25078451502164434,train
0.2877413655065976,1.3166871735531893,-2.971161796401088,0.098418063753596,8.2108320187758,0,0.7592154299821768,train
0.3640707710726171,-0.8173322860412195,0.7603799190213385,0.7315227678823213,6.453372014304378,1,0.6027902172312292,train
0.43018053301776626,0.8049399325422966,2.2569184936065243,-1.1952047054777701,10.426397598806492,1,0.6961911165304738,train
0.5105922227432027,-1.0052421989255043,-0.7916775188045513,-0.29220446285222174,1.5346032154365579,0,0.35322285027952754,train
-0.9013840757352408,-1.6704398927247686,-1.0027007693060017,-0.9335829171600732,1.0183414867981986,0,0.2349617176246187,test
0.5235684637722318,-0.666846659369723,-2.7413894002551333,-0.1445439874164086,4.775617399439604,1,0.5783050278935793,train
-0.29044705869968673,-1.0296765561781138,1.5531641877519302,1.2356458943958266,6.564634977795106,0,0.5283630786357042,train
0.5076121937593567,0.30042628097001756,-1.7341011247729643,-0.17457999095882212,7.284212024559555,1,0.5217357496202144,train
-0.33306765909460645,0.9603678319260084,-1.2907579750672353,0.39502723565834946,0.3495569565548955,0,0.33323347024206523,train
-0.3179872036470276,-0.3856030858531625,-2.0754794011962705,0.5583304959025757,4.385295355004615,0,0.36090213480211764,train
-1.3065633106072285,-0.9355580878242653,-0.38113712035931613,-1.177183372581132,0.08002341078466979,1,0.24871700862067458,train
-0.23153487425448488,0.3383888831794399,1.3158318378826888,-1.9703993063202858,7.560095306497956,1,0.6147061021653378,train
-0.272682403708096,-0.13954311914021955,-0.9743792559692954,0.644482452160067,1.5188904746727108,0,0.30875327826425253,train
0.945314068462601,1.1656779550420389,2.2773866719206275,0.7269936805259073,14.71832854120596,1,0.8350258869227536,train
-0.9494430968072143,0.012635354520610561,-2.644516289594365,0.778477467728386,-2.499452859296161,0,0.359337220420845,test
-0.16288483860915884,1.3995154161044208,-0.25095978511133676,0.8320652376894276,7.211650901277961,1,0.500649406731855,train
2.3115018271934784,-1.8802881946026677,0.9956407463712775,-0.14857195129278475,6.562602223268511,1,0.5295235386236469,test
1.1637796459794882,-0.8397775717771405,2.7315382726035127,0.27904318530501443,1.6984347564243802,0,0.5112675625344018,test
0.6814221962614392,-0.12082319292969985,0.11646123564905198,-0.9251591501088132,8.790858861189133,1,0.6348138955873028,test
0.4330315805197766,0.023979711644368643,-2.278812692472078,-0.724180493672461,5.548670791229172,1,0.560453208377095,train
0.9015045325645329,-0.1963818703634015,0.5324793537977328,-0.8582049002941244,6.843926749943014,1,0.7218337935519479,train
0.8430417609393545,0.17739744658089734,2.275309528398476,-0.5405516571372112,8.579688290705443,1,0.7063267282008973,train
1.0326171408355234,0.18499010106493183,-1.6657515968967649,1.2594611295500553,5.147413090829803,1,0.6104893394959638,train
0.1336220797695124,-0.7088338463665736,-2.3353767065890585,0.948574960123213,3.810305769694709,0,0.44854971185858483,test
-0.785247044619994,-0.7115588882357294,-2.8857722647562944,1.2194018091880847,7.3399955366080665,0,0.4321892081166771,train
0.925082410558758,0.38543772896743206,-1.3718056050474583,-1.4171886766727673,5.9616939298993525,0,0.5989453268996768,train
-0.45398696084609896,0.08435480538952207,-1.6660049144264581,-1.9428487444205027,1.5445001638875606,1,0.30191519064405725,test
0.4477436972467236,0.6717667678410807,2.7179741155212263,0.2044944844117043,4.696260313631226,1,0.6081365574903513,test
-0.7369242909656927,0.4697352197075616,-2.5220761049296625,0.13290669477368489,-0.20694321849120367,1,0.37768764681530903,train
-0.5388973366621609,-0.23049850783646733,0.4470006644191131,1.88091470126184,2.772713252830141,1,0.46943781698540227,test
-0.13433031774369614,-0.9495663088391046,0.9077616247519833,1.9881307447686352,7.620929276293505,0,0.5513878739013706,test
0.265527298039713,2.3078120669415148,1.576565249212666,-0.2202917918508673,10.115187447958089,1,0.8387388187394547,train
-0.19393320324274527,2.0679328166005586,-1.7317580754898736,0.36760846487224863,3.458070534536744,0,0.4595871023709558,train
0.3597028420052696,0.4007782972771375,2.743399329446193,-0.2986645447660087,7.169507857631133,1,0.5525755365510614,test
1.4205331161152377,-0.058145422130573936,2.136611928966305,-0.9592013797575025,10.308102133974632,0,0.7812335691925996,train
-1.3598923386260116,-0.7229101700189178,-1.4542772255166492,-0.04061202268725768,-2.7751470001469234,0,0.188785070406905,test
-0.13324459286100182,2.3787267506350296,-0.005250885697208663,0.6738782161466044,6.834195909901874,1,0.6140194676584098,test
0.5153721996728144,0.26736108230961614,-2.4881473115968227,0.07741083216375452,5.486727625734419,0,0.643170713365347,test
-0.5317849399597974,1.3526093586337924,-0.484965677681501,1.3479328045404726,0.5719947590862178,0,0.3424104736808092,train
1.5122665704709601,0.32977670997094005,-0.9100361475793934,1.3977856744859753,8.483621347074974,1,0.7175445180751693,test
-0.44324065715863165,-1.1151170025760695,-0.07361725679221998,0.5342959717933963,5.157288042991707,1,0.36765970317974955,train
-0.28572231555614386,1.1034136036091933,-1.4943385056988034,1.0679181652254321,2.4079568205136814,0,0.3599541153519922,train
-0.23442679150323062,-0.755273091213836,-1.3239445845553943,-0.06883232949260026,-2.55262462612098,0,0.2843287652582674,test
0.22375684523849182,-0.5253118813394722,-1.1958887246117318,0.41245147745021576,2.3064419189456595,0,0.35031300340526683,train
0.08143650227780855,0.7634538019558332,-0.14441858584930412,-0.6310471007121562,6.9352175298457315,1,0.5498318030318077,train
1.2215995583907004,1.3041634935445463,-2.2400223077972097,0.4947927360359137,14.549411493971935,1,0.8620424294640533,train
2.7939392472034705,2.345371761554955,-2.6387682365581764,-0.45318197446008973,34.23251825675037,1,0.996404891833833,train
1.3569773389733013,1.4688835524808868,1.8047632465388865,0.22381308527235177,18.899659634085385,1,0.9369843835313932,train
0.7852251607453896,0.9200557305112907,0.7445870020520573,-2.9864572126108158,13.11175275724031,1,0.8394005864770201,test
0.4277226902696545,0.6988002093037624,1.8884379992824307,1.935371237684367,10.881410481237584,1,0.7368185880155375,train
1.9895985086785666,-0.09341460123012069,-2.9432347301911013,1.2965659242130962,12.288966394195171,1,0.8619807291904729,train
-0.34660930019715236,0.17579083980724752,2.4693502504359115,-0.28198953821110273,4.973029696823702,0,0.42844823106847546,train
0.9421246039919201,-0.014312218678672389,1.3573247139494544,0.43548296923412005,13.371157280700242,1,0.7867609404375473,test
0.05180865009654424,-0.6999772207121354,-1.4696964965283,-1.3038374765942695,2.4436857399552334,1,0.3232952709916007,train
-1.0549730325234343,-0.26403454632015844,1.6025685328316488,0.2724691071727547,2.1747362170939546,1,0.42872698320746183,train
-0.11884648921336523,-0.06397367681823334,-1.9032144111812772,-3.1333432336775693,4.353681031418689,1,0.3828889930101421,train
-0.23464142328599283,1.86283585139071,0.966054263100145,-2.6294862156045067,8.732902576432906,1,0.6791064293474801,train
-0.6251365109827224,-0.04827248954448839,1.4544976000828642,0.05139815207033534,2.6741167918793365,1,0.5156067489368521,train
0.15491473048186016,0.8734149873315511,1.3937036087798642,0.5958505825052559,12.135250572324647,0,0.7312592911623572,train
-2.3799951155231844,1.4694285049698947,0.42717356012336527,-0.10069807923921606,-9.712237103414223,1,0.0756196040455462,test
0.029542128201835754,-1.5145893669882153,1.1813959391302262,0.36011820491813185,5.657309084773307,1,0.5361669501744741,train
0.7109505258517255,0.6209222952736625,-0.08914205743260473,-0.1450617720860307,8.608199940176974,1,0.6991819709441955,train
0.4353716228143549,2.07093069677815,-2.352183102866406,-0.6833070915131191,11.29795800494148,0,0.7779398272524813,test
0.16581844871162985,-0.07060475298469109,-0.0402217042556865,0.34990927771158437,2.675151975579637,1,0.5176717219091855,train
1.366405015005661,-0.7596331864616167,-1.4187991809934164,1.1980465641329907,3.1027326131322037,0,0.4678693848691921,test
-2.1467347030749373,-1.6115225402706987,-1.4511222063539637,1.2328053845716072,-4.600210475710915,0,0.20328955884746053,test
0.3431305618008299,-1.1975862581232601,-0.3597460274617186,1.921296221254948,1.020032700711471,1,0.3743348655066669,train
-0.013808151073707997,2.2465953675636547,2.635286877369559,-1.1582683271199876,6.711574530610266,1,0.615437746770457,test
0.34045894613729777,-0.8880714631005133,-2.7046559038319096,0.5462512705815243,8.495092324741588,0,0.5247873203206371,train
-0.3230045161013485,1.1171863479720237,-0.06797242148610572,-0.018900165012533315,5.680338798439214,1,0.4696029292465484,train
0.20184587150539005,0.7124750299125345,0.06552651734820669,1.1808990558741752,6.055612663083038,1,0.6157976239909435,test
0.2999670275415874,-1.2496229140783905,-2.597199431222955,1.0322325302990982,1.398733301854394,0,0.4635555924037578,train
0.4537332126472841,1.1243252393966665,-2.540444616231071,1.1881123254814645,10.922631622335846,0,0.7269495514855756,train
1.1109169739042726,0.07063554192992051,-1.9415081861856534,0.20705288082328713,7.159363416433126,0,0.641028386376006,train
0.4647611744477313,-0.5507630382078698,0.6663019707404887,-1.02249350122399,7.837164634915246,1,0.6336429920509574,test
1.2732375331042134,-0.4362358843080428,-0.8815211579235074,-0.6839305422479192,7.214777220435109,1,0.5283155424728052,train
-0.5451387235126762,0.9205834232257045,0.6518066116988672,-0.6731536287213904,7.7189696869674345,0,0.5210083594302357,test
0.7939019665336439,0.053731142172094556,-1.9330997999044908,0.80377248953575,6.52303338136578,0,0.576028409269706,train
0.021764011566338084,0.42511452920593856,-2.760589812561909,-1.9709180416926837,7.832373640946425,0,0.5980659656193943,test
0.8039057592860231,-0.19682743770456096,2.171936587476857,2.42967175402049,11.183808726478855,0,0.6664901918392878,test
1.0014748097649844,0.8173044861196975,-0.458144688972439,-1.618609509298271,11.149570383689356,1,0.7340373831110851,test
0.3494205133846436,0.27558271171061927,1.1795949111490458,-1.67181538670846,7.289124633749514,1,0.7269095721114867,train
0.11276357229769143,1.868278092660272,0.26981069770084165,0.3843489593859371,11.259320284076887,1,0.7152208445344997,train
-1.169940227483675,0.21380037230233095,2.624617290290673,1.4993044609970676,-1.6252925662001494,0,0.24690509661477994,test
0.9115372048032905,-0.494307177858957,-1.0874479437254032,1.4344582371755545,2.407504908510754,1,0.4521910063592451,train
1.578102049003448,1.010459892321482,-2.568255340552043,-0.9407525081964696,17.10185463401869,1,0.9068673266037696,train
-0.23691374864527684,-0.7890340749853574,-0.10168183099962658,0.8359848630980643,4.952968517061853,1,0.39503774539762737,train
0.9616889966923329,1.647378901802719,-2.231475368985319,0.4079857887092113,14.113477938729494,1,0.8480535119788736,test
-0.8764336114441932,0.011070516466422799,2.900329583326455,0.8668917091782329,-0.6977970307178483,0,0.2613303004747889,train
1.9258915364651756,1.1935071408196731,1.2609878719273313,-0.8025572285391667,20.453555742905387,1,0.9661738663258822,train
0.9153542160151688,-0.28798022231890585,2.564452408591296,1.927383309856982,8.195544340766737,1,0.6022468517697195,train
-0.817722589304768,-0.9345315443418292,2.200623793247537,-1.7230273046945812,4.136863697007997,0,0.3875413276526992,train
1.1670305124032658,1.0282403259744717,0.2621613480968694,1.376626953729224,13.616407875825374,1,0.8681590882692298,test
-0.6816307007345364,-1.7013407426051264,0.5631331347523685,-1.1874403038330705,2.153583498821218,0,0.4524633295209402,train
1.3131966350534408,1.045682921765195,-1.465369321984236,-0.3070126676248999,14.905268886103705,0,0.7890488700783764,train
-0.4149353197372404,1.90860777233764,-2.896517222978731,0.236823373521673,6.678849138188891,1,0.5661309006148226,train
0.25435657226341746,0.21404744776224946,-2.6426391148698363,0.05503279191225607,5.893112302884673,0,0.6110146846976119,train
0.7465975631566543,-2.02417866730417,0.26588424231868624,1.1573169494414552,3.49590931378822,0,0.39959025713141383,test
-0.6323911873754704,0.5310147073638551,-1.5632541151066461,-0.6990139145744059,-0.7841863291883554,0,0.2682986058380479,train
0.3665339655787643,-0.528931181201478,2.9733491363190314,-0.9587949190931189,3.6407962517353036,1,0.41639743917630395,train
0.34086770970491276,0.7148264673696939,2.0301505417215386,-0.7830730318905955,7.818469060391385,1,0.7015074233812382,train
-1.292291833706427,-0.33470332136431685,-2.803758739231481,1.1585508409913499,1.7994565912833524,0,0.3400327211992643,test
-0.3204806811241173,0.20370817084547915,-0.08098832412738766,1.9899234013756035,0.5786204784662052,1,0.42979252119789957,train
0.4239492878576423,-2.991879747369779,2.0234607723536477,0.8345405084525176,2.1690389210538905,1,0.31825753699859827,train
0.51347423652162,-1.220280779790927,-0.5112438587011465,1.5729196704016921,2.0010943228334233,0,0.3614633748224703,train
0.3761409384684129,0.9584005395913499,-2.1104165421983287,0.18537556703930771,7.307964963200767,1,0.6195695883133603,train
0.4032064206262179,1.26139173114252,-0.8873341588842774,0.011127192009951487,7.3593418988958454,0,0.5856845483764485,train
-0.5960321985613439,0.33202694412210176,-1.142225292145243,-0.10738991902452977,2.076563135289949,0,0.2614183176614045,train
0.08206379135662535,0.6227717929155293,1.7117417105927792,0.5385704369607172,6.932345389077778,1,0.6752762826365485,test
0.6918722579932916,0.42468352249571517,-0.8741492801211317,-0.508796825974783,7.936646802427463,0,0.5612503153614863,train
0.779824336389486,0.4096109963353903,-1.8335758071900699,0.984001685604155,6.062983024776692,0,0.6107347118650812,test
-1.2045143551912685,-0.6086609048720193,0.5747083692489885,-0.7877373765281784,1.8873322699218393,0,0.3915961105273377,train
0.5686645107899893,0.5515407342414598,-0.906724843668314,1.1356091222798077,4.123933626450088,1,0.5460141561290139,train
0.9468635845142498,-0.4921453389597679,0.8459896917595104,-0.07033299901796797,12.025346849136831,1,0.7186067285303435,test
-0.2734406481434413,-1.1724867439427658,-0.17593266106420025,-0.5510879856597503,2.339716420601105,0,0.36094266440177947,train
1.171446649196166,2.0505965701151263,-0.05100868371700518,-0.04540496100886623,17.60102044896422,0,0.9187660030843634,test
0.3348154476865079,-0.673342176815361,-1.8340743347635944,0.1095683806640798,1.1001129663149722,0,0.3936410573539887,test
1.1766198375380628,1.881095887786769,-1.4478674784426506,-0.5633459045300275,12.906535588478347,1,0.8561658470430866,train
1.0671073438963379,-1.3952708504641151,2.477801380239189,-0.5315278873452058,1.9114897337913863,0,0.4482453208085571,train
0.5307635795126453,0.2302637175824995,1.7227906457307869,-0.5433287131327924,8.94021438597943,0,0.7294352452048277,train
1.0058271830032322,-0.712882788534975,0.9665662735909519,0.29622031184891545,9.990226381577315,1,0.7017282580623929,train
-1.499668489590604,0.7490153432988048,0.05502886321972289,-0.5681953118309169,-2.072785136299988,1,0.20423604802563636,train
1.807736302647318,1.3948230055248132,-1.2614012355349873,-1.058420706128602,15.044182500973175,1,0.9029529027107649,test
-0.15501532205177596,-0.932692474818912,-0.5539483006590866,-0.397039480571485,4.1584830577836005,0,0.32481506833064183,train
0.9459409795088141,1.3481754658321154,-1.5500462890929638,0.7472841119761756,13.552109869823393,1,0.7513705669741779,train
0.06621479408750705,-0.23993973872338975,2.0454756100155773,-0.9933351690077229,7.020083698641435,0,0.560974101445904,train
-0.7661622700286306,0.8847809701007355,-0.20208471392836547,0.5684196706732083,2.4883286052026534,0,0.3177929390584779,test
-0.5784594958025203,0.09394349651398073,2.470509091489552,-0.10422602967945227,1.0744338156587228,0,0.3792464104841955,train
0.0779768164019787,-0.08576406619646668,-2.9623059603934796,0.550752590876878,5.431549550362897,1,0.6020039559650534,train
0.09347774480184726,1.2651705474378803,-0.8754978265839504,0.8574917535770492,3.8105358356069114,1,0.4885859318287963,test
-0.1790013541025226,3.0939538169125522,2.652274248163984,0.1911738379195415,7.670238729332494,0,0.5920084489610479,train
-0.2084926406111829,-1.5822493565086544,1.2073196597258153,-1.0273028540658684,4.640674473950347,1,0.5213620041237459,train
-0.7061511704730757,1.142008136452612,-0.5424468535203681,0.06688657354389056,2.3398057248262436,1,0.2848766554588018,train
-1.1214264596677976,-0.451359958821469,1.0684664892423843,-0.17813985601752527,2.3633705798945246,1,0.4405266588631421,train
-0.9148149923447783,-0.8763290682985595,-0.6494298496853803,0.4415193876046551,-0.8686183884140208,0,0.24865768598034413,test
-0.11901827344158042,0.3224839382196121,0.7872392391064738,1.7602589094015961,6.226517555245264,1,0.6192116891952099,train
1.3229178548415739,1.071670271618133,0.59309464596517,1.380661058896065,19.496179760541157,1,0.9104586479825372,train
-0.903890466521189,0.6314957013915048,-1.4765195935503028,-2.425445315958691,-5.788176652940374,0,0.2132493862521435,train
0.694280726918988,-0.12684881779134158,0.7423040854746725,1.7320768806601352,10.299929514904981,1,0.7220204267835988,train
-0.5713697916967037,-0.28567794989045747,0.2986497986676211,0.7079307298981056,2.4971258345984606,0,0.43801095574973437,test
-0.3634180402649751,-0.5733061397249555,-0.4625160483297863,-0.5740975831435766,0.07034403375719811,1,0.32976148990564946,train
1.163868071220761,1.0117767869084908,-0.40946934776121946,-0.4325679659185928,12.335490120703907,1,0.7978059480961597,test
-0.9888370917000687,0.547039256295924,-2.2597621289172354,-0.8539816582499782,0.00699069202888955,0,0.27870900884596833,train
0.23963680471835092,-0.051622870479043965,-2.919668448757869,-0.5413695021595923,4.575608355589409,1,0.6279184881407791,train
-0.06464471413830138,0.4122829600552128,1.6510847360899756,-0.27371293494607013,5.568372312284586,1,0.6343976370789015,train
0.04551211688401591,1.4408633326331626,-1.689430121004104,0.06094999716873476,8.697610130990645,0,0.5012425163121664,train
-0.3871040343698319,-0.19520791561007694,-1.5182904003800017,-0.7547257879607472,-1.2750041393568992,0,0.2937275068098134,train
0.07337630977585227,0.030966861713643996,0.1444183038662601,1.6393029210653722,5.7465407818732235,1,0.5434595628636013,train
-1.0643075959217985,1.1267132832560725,-1.0850307186179378,0.22151225245295536,-4.163813132414913,0,0.17360018810647307,train
0.02512489618297724,-1.16534103861159,2.5274830356112856,-1.0701159632374686,2.4491702789318945,0,0.39577797732187664,train
0.1076515240532038,-0.011176614069397649,0.29831244194819817,1.2113042617619982,5.806814425746652,1,0.5745090363608202,train
-1.3618953188500564,0.37046720927717824,0.11805499434311972,0.5259949716632021,-2.0756492011304895,0,0.25496616145855366,train
-0.9851001745367293,0.3156512972999075,0.2719932751907632,-0.4098784377636608,-0.808461845171359,0,0.3537906916253906,test
-1.6986907500467965,-1.2574597957177798,-2.6656316928057433,0.6452108743576933,2.9036341057782664,0,0.33584233849320727,train
1.029479238829086,-1.4098068113073607,-0.10256928325961301,-0.7863780218725774,4.12413914728967,1,0.4357633178483241,train
0.8102271256190929,-0.19566386949520956,-2.5817483706429485,0.527378839450566,7.40448643900381,1,0.6544810409917865,train
-1.5075494616681904,-1.4241858788642523,1.649247892215822,0.1111291562270583,1.419004359105564,0,0.4331773384809928,train
-0.5633155000984132,-0.16741225738006443,-1.7466283250912447,1.1444296051230975,0.6179140734804549,0,0.287216210301034,train
-0.46617535029164714,-0.4761034279437267,-2.673083294196932,-0.9638478985035253,3.936055524605205,1,0.4427886761050324,test
-1.2220555418764478,-0.38502694780629826,-1.2682674407318126,-1.011515651088555,-1.8885404465901834,0,0.18550151152487504,train
-2.702349250111152,-2.281515641832288,1.1760181526487337,-0.9638576589200738,6.1463829059967825,0,0.5528075727114716,train
0.9686530932052864,1.0296889860423555,-2.865224681358981,0.1978335231279314,15.546524273664325,1,0.8553647518238968,test
-0.6589882857773587,1.9646418141128192,1.1754008422149171,1.2934783196467532,8.843427950171716,1,0.5344057522755116,train
0.2834211397053046,-0.7272412049020944,-2.189921319538109,-1.3708517335849688,3.496436048806964,1,0.43854746403372385,test
-0.5738256429801463,-1.455284504540723,-0.7712936873151275,0.5486988759760257,0.40845909917539747,1,0.25892326109684194,train
-0.4156378781620909,-0.04700519589949909,-2.600075289255095,0.11098003882717444,4.6058940439368525,0,0.4509402196356044,train
0.6045547801735147,-1.5480692142543917,1.4585491204397245,-0.23901775766473388,5.00556596391793,0,0.5513692428206844,train
0.20863151709555322,2.4796976561353565,0.9157357315184846,0.3398012870385011,13.60380711255588,1,0.8377332401563445,test
-1.1131042351171245,0.5665470617411111,-1.2627541664362611,-0.923959877946989,-4.655060789967365,0,0.17560204484704636,train
0.5372101925022889,1.429046491872783,0.18103023835267074,0.0008498836862902814,11.045935260129102,1,0.7822245497303069,test
0.08096796688155329,1.038106551889436,2.3318578792753613,-0.49006470220292286,8.490756999466326,1,0.6139391137337453,test
0.3208720393475776,-0.6451487512796185,-0.5546317745605003,0.5811329396634195,3.755669322030473,0,0.3985180480429271,train
0.6883515331014597,1.1401195448805577,-1.6219318330727377,-0.5818427610218231,9.213203509579852,0,0.6627431123813441,test
0.16806766554081884,2.051861218411728,0.5745224460893832,-0.5354144766787207,12.348228247449953,1,0.7805636562348408,train
-2.159091022992755,-0.05517160213660978,-2.287281533250636,-1.0516160177287923,-5.518615757732053,0,0.145828552581988,train
-0.7097751264575901,-0.4416508898962352,2.4646343319511015,0.18383390906223404,0.26748640432356185,0,0.35326132654107184,train
-0.13117334620248133,-1.4418410920591254,-1.9898735954335267,-0.0032099265926756777,3.514091116543739,1,0.31706702482277566,train
0.44672764014221483,-1.4952900592174334,-1.7912722775872385,0.8837501515724667,1.7883030621783291,0,0.31360987906081267,train
0.15306269797689576,-0.9946735689646465,2.069307346168994,-1.8756978907961954,5.246890950482505,1,0.505281215346949,test
-0.3816600856535995,0.07023495187187113,-2.6074022874253115,1.4707227740324114,1.5653351504316957,1,0.46296929752451654,train
-0.6183403171288262,-0.7297224678384613,1.8862554827700553,-0.49859992685704574,4.137888348439992,0,0.46205459287191436,train
-1.0154392102572125,0.13608991566652687,1.3828835888004347,0.4243667573217637,3.5456812562573825,0,0.43999001528169857,train
-0.41945436061083796,3.0564820494459246,-2.880138156144427,-0.05108513024794139,10.823825140514398,1,0.5981902880917309,train
0.15360585814567607,-0.6345510928777706,-0.08483165901291123,-0.13216342483942703,5.091130157650401,1,0.45691466582894147,test
0.5618369003620551,1.8883185680707768,0.9466545991917616,0.0779896976317084,14.461901314907138,1,0.8772456273177166,train
0.16091029357765552,0.2693358355415822,2.7725753629259007,-0.7965834714819136,4.701343260845244,1,0.4890989965548447,train
-0.1419927458204714,-0.6957373985227933,0.8252229805576068,0.7187196145251102,5.752064445935626,1,0.5588697807974284,test
0.057786626404866856,0.8058215023345593,2.427373313560455,-1.946118326259259,6.6866159535243535,0,0.5718721945115578,train
-1.6775704790053418,-0.05292713118018965,-2.9233768292979025,0.013238447541088817,-0.21577347057228624,1,0.2806294173174843,train
-0.6471584795421247,-0.5399501454076036,-0.10748519303823123,-1.2790111921834115,1.696289725966588,1,0.3507651601650904,train
-1.3501954926837776,0.7025309171948518,-1.0614637607020145,1.1224529299832013,-3.055215726123607,0,0.14084362518160584,train
-0.5925231103484947,-1.009758277272389,1.50031682785613,1.048263460234426,5.282413672926482,0,0.5039863767684536,train
-1.6790944669801133,-0.13375970556554526,-0.3644252610708656,0.653013695980376,-4.472340035377085,0,0.17616636005147884,train
-1.1048041073970765,-2.1742832606495677,-1.672589188589163,-0.01046461553564751,0.3128531293042577,0,0.2585672497851668,test
0.443474747281999,0.017714548075553057,-0.3927483619010679,-2.2899717870036715,6.782313791225336,1,0.5163471372034208,train
-0.387433099639366,-1.3244519424346566,-2.026826835140195,-0.6431093522741588,1.3503878037783676,0,0.31381550435607475,train
2.4107761067499998,0.3982471947818605,2.3937683143379456,1.8428752270064643,15.297630628888253,1,0.9170266878583327,train
-0.029539724759488753,1.6972744338329058,2.5623921231160054,0.08601047892698324,9.005330334486487,1,0.5848652586889068,train
1.575819031413351,1.4208589282131294,0.6737358651634304,0.7970151672321494,21.243364181194924,1,0.9519102121133923,test
1.46856984307936,-0.9610490039360399,-2.858860547818276,1.171692667861194,9.990754128974725,1,0.6532290345790174,test
-1.7475645650896752,-0.7502561949446024,1.2422511766539515,-1.3641256039060863,6.695739241278051,0,0.379030142003566,train
0.9194755234870877,1.0411455120214534,-2.9352332040544558,-1.8100367223977032,13.191299312819467,1,0.8544149318108876,train
-1.1609590097318676,-0.12838614116090583,2.6452751798482996,0.6694161312275188,-1.047267978844031,0,0.2559117828825189,train
-1.1221993859918837,-0.12874503172745042,0.40517571823532306,-1.9919885808404976,1.9253170302010774,0,0.36124248069396075,train
-0.1851951588338619,-1.0572006731286148,2.2579448289274113,0.11703081963409304,4.737905783949298,0,0.43469021692651993,train
-0.005684621123517632,0.6051454080948977,-0.7884993103981621,0.21325002999644221,3.7482317658296234,0,0.41713777950914716,train
-0.23847745795143602,-0.9036450729195614,-1.5979873661039719,0.5707748146726586,-0.06625803055306956,0,0.29162084805872757,test
-0.6649932697347157,-0.22009730088140378,0.1925020844049472,0.8575320119538451,3.087300096432549,1,0.40438271115676677,train
1.0362751451547172,0.2074102904477547,0.230208251833119,1.0497455662571795,11.606023855482592,1,0.7558461074381412,train
0.4794881260367179,1.821928686266456,0.503549634709882,-0.06335952595903581,16.246486928887172,1,0.8336943172519932,train
-0.08752726863876284,1.0591635424730697,-1.4931377277937705,-0.8273133945630051,5.22988923105142,0,0.4144025698688267,train
-0.748514723014721,-0.5176428923926908,0.4876205894169434,1.8507062120537607,4.412915018750458,1,0.43961394631793077,test
0.35510945689368917,0.10846091475461461,-2.8252302545630954,-0.2591970454842066,8.086756978618956,1,0.6504919642495998,test
-1.2582834466337864,-0.6519367293078784,-1.4887223992968712,0.37971086485681343,-1.1310026238326483,0,0.1958764494891569,train
-0.19668338644357247,0.5623423850887387,2.007275467097452,-1.6832629502483143,5.516326748790148,1,0.5654484551167988,test
-0.26671781229349195,-0.37029672692473214,2.4972774101750286,0.1864664978236662,3.485458705573813,0,0.41462354945836766,train
0.8624206197837688,-0.243429289904968,1.0158448764109895,-0.06157857577369373,8.455295551913832,1,0.7485499958748565,test
0.029701311042721286,-1.2699623771016526,-0.5720019897029553,-1.50026959965041,0.30970954356482283,0,0.3169391853506515,test
0.3240305081038768,-0.5212514575001131,1.838239910982776,0.11837024491360158,5.592127036214291,0,0.6067682520356871,train
-1.1947858475365885,-0.5939033007733083,-0.8494154872011292,-1.750926897765522,-2.3758350384530433,0,0.20350535128475203,train
-0.3920167557318245,-0.8896096579135597,-1.4719491324796432,-0.5693623284117796,2.656788978653341,0,0.27063365907061815,train
0.38746994853510913,0.08340671053694469,-0.2593725401457383,0.07211318880030844,3.920277675641076,1,0.5357844937716935,test
-0.3518488877223865,1.0428700774102808,-1.9454045611204636,-0.8489577820225002,3.0299192759386013,0,0.38806023355682595,train
-1.3304585099862836,0.9529476659698407,0.9031494332674637,-1.5375719220767565,1.9622603188618553,0,0.32685512149125906,test
0.9264669712980522,0.01614205533483195,-1.1329634567340086,-0.45103885566464025,5.1790117300427765,1,0.5371148395809383,train
1.711510777629301,0.052437569179488226,-2.7384952424921094,-0.30022882912492066,13.38815277616205,1,0.8363631259251819,test
0.5278242195775208,1.6855614204956946,0.40386288804355264,0.03993137436271956,13.132029339003502,1,0.8253095853865338,test
-0.2929026611729554,1.0264356053641024,2.142074259776738,-0.3931870375255437,3.184920355154124,1,0.5390912216365967,train
-0.43901604882402223,-0.7666596390671319,-1.1541655142625924,1.2897089100674628,0.4907684401389787,0,0.26314172595872726,test
-0.024827708623045126,1.6488762956567855,0.03248189848365124,1.1192870228148797,6.684232852925036,1,0.6157887459539566,train
1.770005057723029,-0.8908164714580317,-1.3962711888645614,0.8416774363857407,5.923034810422039,1,0.4834241003589131,test
-0.4184437604504849,0.7196126876795677,2.157049052810372,-0.4591590122335618,2.867510506148356,0,0.4891735257664688,test
-0.609054318414448,0.20599518578302556,2.97140368064227,0.712285819154332,5.143746994153595,0,0.29743684241375734,train
1.1397408296515272,-1.1564037946466357,1.0396219243385163,-0.27923153976632664,9.649484649796904,0,0.6476570141249686,train
0.8391562886900686,2.388293019343566,-0.261420474525329,2.864993409035361,14.40846502853486,1,0.8754908884526083,train
2.61304715012375,0.8800556763445431,-0.8944718256874946,-0.4987263346389525,18.625885793517643,1,0.9353127299676132,train
-0.5037687679529164,0.11479970726221643,-0.10446721810920456,0.43997848539992784,3.6390218905527947,0,0.38513300495077263,train
-0.6953891757092133,-0.4900696161520291,-0.25846494629112193,0.5595684348074206,0.3677700543112299,0,0.31984505503698907,train
-0.09571039473888818,0.8859727988074239,1.8260368064405759,-2.859713324970774,5.004394412872386,1,0.6360792762124738,test
-0.20103197627052,-0.5068794243604382,2.3395306852789384,0.3417037523149434,4.275026197217657,0,0.4472806211349355,train
0.5406987324473302,-0.5352744624338196,-1.694372146080579,0.5508035303184656,3.839434289930054,1,0.419355997789485,test
0.7182693082363351,1.2228514855317647,-1.5711621238455846,-1.5814499745110022,11.227641982170256,1,0.6772935125579687,train
-1.655837699696722,1.1278708425505417,-0.39928420558933286,2.141214821247042,-3.132477273257153,0,0.11942387392601453,train
0.23388696240009132,0.16017836173408465,1.8467514051847456,0.7132103021308529,8.852876925663914,1,0.6547456976721082,train
-0.10094700768733905,-0.716935528676406,0.8820644513885245,0.4396759495062215,5.944288612258837,1,0.5674777846825207,train
0.36432196886814666,-0.6786327083255346,-2.981875102419382,0.24316872725834174,9.213492813787122,1,0.5940834179465337,train
0.613679930437637,-0.052170118921901584,1.8709214053054275,-0.010325408694142448,6.96888212024031,1,0.6973345739403523,train
-0.8129581381894135,1.190982000654637,-0.40749997093242074,0.22114959644174018,0.9150434054063024,1,0.27502759785200265,train
0.5468982859378558,1.4443497911547591,0.289173308978949,0.5628467711964048,12.526079136622846,1,0.7987431491314095,train
-0.323893162116917,-0.46652856565312356,1.0343096285242748,-1.6601390415171784,9.247058351635602,1,0.5592965561878196,train
-1.774856119687001,-0.14549138224026845,-2.6836003792573875,-0.1320647336250079,-2.7645132377367743,1,0.24254801559014272,test
-0.4847869466562779,-0.7400850367952282,-2.6039962845870352,0.8106967093999251,4.453683513105424,1,0.420867853551967,train
-0.8633934503439432,0.052911995333826616,2.1505533505835484,1.507476325181947,1.4344772135731683,0,0.38124248417453693,train
0.6160621335374807,-0.4883513249066058,2.5322731833899628,-0.5584932262105785,5.8322541048649335,0,0.5325339797761353,train
0.9022241118562399,-0.26418270799970034,-0.756921955637254,-0.8640439621481086,4.5160515825065835,0,0.5108327595559199,train
-0.36426458905769316,-0.33651535923624176,0.07358777890754986,0.4471715742133388,3.1033004534999042,0,0.42941159868765527,train
0.396002061460704,-0.2774133671624645,-1.7026598760300158,-0.0695260743829619,2.320920965032651,1,0.42829454623633806,train
0.19670991297563098,-0.43400060356875153,-1.2886135974763155,1.1610902256099962,1.3393587954498698,0,0.3552038191218345,test
1.9353756568936435,-0.14936054949505684,-1.2749547244464092,0.2019126043398872,9.287861494489801,1,0.6840777751740403,train
0.5153069132042012,0.28399861629970685,-0.10902797365075445,-1.2752625446155699,7.325698148284883,0,0.6128738709312962,train
0.917208776084122,-0.559984269219217,0.6630724564857475,1.4825961133760108,8.836897295303245,1,0.6895051619781893,test
-1.5587613107340164,-2.391045613855137,2.6514792811807073,-0.28075293267543905,1.4462933193658019,0,0.3440069330139932,train
1.1937691139378814,0.7768901300914063,0.2995323563030219,0.7084735145561216,14.182706671551436,1,0.8521296973233355,train
-0.11635415622233755,0.34096005689008335,-1.4823347078697848,-0.04520795035114797,0.9982564078646734,0,0.36305138440621787,train
-0.5617674836665405,-0.4294582381582039,-0.8646381794577831,-0.2117663291360002,-1.3399820724403742,0,0.2673978143595061,test
0.8307121165722764,-0.5610680872215361,-0.2304192157564895,0.562572870871065,4.237390024074088,1,0.5317122317108185,train
-0.8390420010440726,0.02082076089633499,0.642394601919761,-0.49274337822427755,2.9508164768465353,0,0.4436313131296445,test
-0.686464539094503,1.8891124674130895,1.1363257245547764,0.7344664060776092,3.8622664027817377,0,0.5227656280312185,test
-0.27669792115286157,0.18667688079466932,2.6664561649413496,0.3596902471632837,2.5727740995830475,1,0.4075564592821614,train
-1.530416813404166,-2.1574252071716233,2.6105963752514176,-0.9394468147326872,1.0633154565731624,1,0.3337309894912257,train
-0.07484933776202662,1.2500505824811965,2.053019715130204,1.7440685141945107,7.1710898536959755,0,0.6312586364954131,test
-1.3365009781789592,-1.6692483600246852,2.85605783984942,-0.8260022954479397,-0.17984509247484806,0,0.27142551750789723,train
-0.372746824554599,-0.17989620615537302,-2.3666848643569045,0.07984933543156951,0.5696172326651818,0,0.4106973458939018,train
0.18252391989087133,1.445707012386431,-0.04203717609419666,-1.6306387313100483,6.182948424524189,1,0.654174138639301,test
-0.6591927470453361,-0.7674401833981253,2.1639051936028437,0.5923165465052448,2.0051770220558756,0,0.41131817767471923,test
-0.985286354504743,0.32528962918539794,2.1602436663309863,0.17383336964875043,4.75420618613167,0,0.3509765488699665,train
-0.35656575605547736,-0.020720204588469113,1.0336143599671734,0.484841618169426,7.959944188839867,0,0.5713609985927054,train
-1.6252652588402656,0.9250252997528104,0.941217353046528,-0.877551551554015,-0.6900405608142297,1,0.2603371049285112,test
-0.12048052386867587,0.44466769811014495,-1.7560526772655407,0.36148188039667084,1.9780436850088123,0,0.39314527787608455,train
1.9274297561801979,-0.22638729392006907,-2.4377352647398642,-0.06777461026803307,12.71918317180891,1,0.7839760087664706,test
-2.855047464353721,-1.335842603600231,0.33506959162754235,0.20427269001556247,1.1126729726464821,0,0.29045642392038745,train
0.033611427590482156,-1.9141882671308263,-2.4375939215508895,1.4485767986787552,3.361633337898417,1,0.3658392554498005,train
0.11471224717909756,-1.9770055827582973,-1.4540412395714708,0.1203906697172725,-1.0248249382870962,1,0.2415490114185258,train
-1.1837877476063587,-0.2768100718725714,-2.752064016049261,2.707152259631802,1.6206168676605,0,0.3458486803418429,train
0.3641328946788618,-0.9518116453514235,1.055277561087995,-0.8196273455442911,5.649356077572207,1,0.6091553389939793,train
-1.6857020724478735,1.3716242423676348,2.8440303534391473,-1.186730409325529,-3.5730617890541985,0,0.10501529491790794,train
-0.0957509689916338,-0.8564612865580945,-0.01947269706629795,-1.2312908197780108,5.807574534501439,1,0.4222323511547187,train
-0.4584842108619224,-0.9936684375688858,0.6225790076379552,1.3401567685173459,9.931729770321837,1,0.48729147664977696,train
-0.28746141739038916,-0.7349069568184617,0.747020085351445,-0.4256112274860763,5.161292961146711,1,0.5308835065871901,train
-1.192087542042797,-0.06146791543895516,-1.7073411232093363,0.6896634152173403,-1.6092536617602413,0,0.19801148233415983,test
0.8553077247724011,0.16191800517274213,0.3567848421372588,0.8945012809390871,9.112739517113102,0,0.7377517007268608,train
-0.7451817342607995,-0.2694579528399992,2.556316699160031,0.6499935774660603,-1.3829268838133992,0,0.3327555964094868,train
-0.39281564118311607,0.9483390279984607,-0.08663617451062589,-0.4346914490291817,4.096816299278239,1,0.43902078742162676,train
0.49039709189772646,-0.44499844052206317,2.597903689646742,-1.1639027381637894,8.298189519170206,1,0.5068741533570273,train
-0.06991396608335503,2.006348171099478,0.7954736485498164,-1.4939742114447876,8.630933338113795,1,0.7279221069880882,test
-1.6515568041518174,-1.3169845989729594,0.3538391735392481,-1.2591326826520617,0.5107559220507782,0,0.36056754879519476,train
1.08328321732901,-1.9369946472498516,0.1574266843536698,2.068489087751715,1.1378557429483818,0,0.3947301433388995,train
-1.4156702725713897,0.18944489296600267,-1.1317788428929556,-0.41660909224437975,-2.220716575125562,1,0.14786658232263936,train
-0.8634120767699842,-1.5014783958997202,-1.8151411097660386,1.1924841385183167,0.9174605667,0,0.2630842877434158,train
1.263180161828549,-0.1653115216108061,1.5960129132683631,0.9947119400247387,10.127103628156805,1,0.7980703606913961,train
-1.6959745027193525,0.032697394076283,2.4280256396480127,1.0540306426549253,-3.5178193648846294,0,0.2047789474985836,train
1.1010295992915016,0.02233715833699019,1.8193350444936573,-0.1988201939836743,12.579439999138499,1,0.7842836965340662,train
-1.2088077952756213,0.028767169794546386,2.9131084475165405,-0.7122674717709945,-2.588424358742426,0,0.21203597039558053,test
-0.6596325594873589,-0.3125583683602851,-0.17025098474541966,-0.570098154976604,1.6859997755513472,0,0.34028054695967713,test
-0.45208549642806695,-0.963766600005592,0.594470773145348,0.4728966228189103,4.095316185516069,1,0.4850161568502847,train
-0.1154826945752661,-0.9857031280420799,2.6222041911512743,-0.3724799930532098,2.942794592016058,0,0.3786230787902066,test
0.14506449404370053,0.9053062296881955,2.9801952109335668,-3.9725565588793175,4.83213348044091,1,0.508700441181584,test
-1.4024964233631378,0.5345184555007092,-2.612002115686069,0.1081588846823147,1.5897213409644353,0,0.2508351195052666,train
-1.019922068386464,-0.5477977603255012,2.0872675915053307,0.0014937971077744986,1.2258497844167877,0,0.3770863107744928,train
-0.7721780768269225,0.1032631469527979,-0.21578856168619964,-0.02231765430001643,1.0314753086250046,1,0.3156028132717888,train
0.032048604386283444,0.15135488895541094,-2.973846895835356,0.2703658388145976,8.262166303922537,0,0.612728182607461,test
1.2709624858120308,1.2186462976258763,-0.46099306241479887,0.1501672746693512,13.0709769145037,1,0.8362051071726546,train
-0.1879785938263783,-1.2152908646524396,0.091041211998105,-0.7980749713921816,6.590439168090425,1,0.4134367294137074,train
0.31572889239302476,-1.7405897094082474,-2.019113285000799,-0.7296453845636199,-1.4401420947640713,0,0.31537530773388334,train
-0.2704546094880421,-1.537799592740946,1.7819376661972886,1.5709985953710792,6.53220626485774,0,0.4818384817555256,train
0.9455679806946103,0.7673450625560675,0.9484069094119842,0.14997760175491698,16.38373519163913,1,0.8589424281235811,train
-2.0038282123459226,0.3236588244256887,-1.4855828451684623,0.6338716028698624,-6.962398655279599,0,0.09208524884484737,train
-1.840656411653133,-1.0728122631371784,2.688871320381656,1.2367701772465904,-2.6336478906608587,0,0.23253364086446407,train
1.0184759318308405,-1.5814348794827382,1.2418284245142885,-0.23232444613676873,5.6165455529135615,1,0.5712258944650681,train
0.8732847452535083,0.6680488030161997,2.536045235000427,1.9424347751887534,8.718747878317311,1,0.7345044682282854,train
0.6762824154426549,0.22803177593021107,-1.2240433046830899,1.0262419881150753,7.1736206896163255,0,0.5166454388626162,train
0.4069642999181621,-2.1750151560598647,1.0122433052958808,1.7587600511065673,3.771173422910574,1,0.4745373306232869,train
-2.6902034608294496,-0.2833972123622651,-1.7542673229986918,0.8100206337141166,-8.182942067930583,0,0.08723604769027045,train
1.9717901781357186,0.413356235365925,-2.5380379830034454,1.0163934344480925,13.268756494152996,1,0.8889780417728914,train
-0.5122451147910099,0.09835304351169032,-1.908350752072513,0.7509367160904058,1.7644804034462005,0,0.31903065796107055,train
-0.7694776118241564,-1.7223580021024272,0.4719994989521288,-0.08961916288905179,4.165973382073864,0,0.43648731053737616,train
1.920265129248286,1.2157134492504995,0.9105568625407594,0.9787262154334166,21.536086856807657,1,0.9653145521203732,train
0.04987222280598315,2.998348052846063,0.5185837171718064,0.16383815393476556,10.760542173598719,0,0.7934334057317854,train
1.0276547999772805,-0.900819473949092,-0.6630368284360544,1.3249444946223168,5.922988947430492,0,0.4323354680318813,train
-0.2286632908406382,-1.3039814145954443,-2.431871239143563,-0.537675773915519,3.8285959361104958,0,0.3921304140998485,test
-1.0278843959278996,-1.3211996209265795,1.6094685403821236,-0.4613872406460942,4.396039087726178,1,0.46113162383042133,train
-1.5899698126868105,-0.17746011294836983,-2.4308017943905957,0.6714171602973615,-1.0182467326031446,0,0.23449753574638701,train
0.6062053493380942,0.3779003584078004,1.7462721246966835,0.9034645036228458,11.503339627111815,1,0.7549408395091399,train
1.8757039155208732,-0.716099064372032,-2.3135037696369913,-0.2046163555122308,5.923235204652174,0,0.6576685652997767,test
0.5002250844065259,-0.6560902807521601,0.8530426549925112,-0.8264953497382974,7.369304248566696,1,0.6444937259688556,train
2.0787903739865046,-1.940219229174897,-1.5411453994240403,0.08910881299483271,-0.4123451310941913,0,0.2571001956072912,train
0.3028945283241535,0.2602191891316202,0.12020433970856992,-1.245638349646836,7.09423480808508,1,0.6068129120438989,train
1.084309647443328,-0.46790149639591794,-2.2281648615951952,1.4537224042590418,9.97679036496502,1,0.5910868508798477,test
0.21573636259118278,0.8878034352425468,-0.5234077506844583,-0.6945918560042679,7.619284641558895,0,0.5330086710232478,train
2.0033885659577644,-0.11919503677127473,0.5237817512661089,0.30111408093845704,12.924086006303913,1,0.8596750931734811,train
1.8098467110451264,-0.9344779857423443,1.0381656983212952,-0.354551213199113,7.3637899107057505,1,0.7414914882033471,train
0.36046072619718994,1.267125852254831,0.6532254138663927,0.015101952891993963,11.222295062183884,1,0.7815863776004569,train
-0.883064927636317,-0.09578452851262488,-2.1980459532216514,0.3716174340241414,0.9641085923171264,0,0.2979023311121791,train
-2.504777218927,-2.024355269287682,2.887954737339454,0.40941647445665547,-0.13232175129720408,1,0.286042065632277,train
0.6826048600586238,-0.8255754030822421,-1.7934482570643155,0.14845249212931697,-0.39860469261414266,0,0.4113237511883305,train
-0.3500452425763842,-0.27348889532336307,0.7199099344964424,-0.3359689921199711,5.365880844518937,0,0.5381915470643907,test
0.5772910168250959,-0.2751857966294451,1.0531480467648624,-1.5391072557646486,10.691473359572157,0,0.7076488195398313,train
0.7066812704067612,0.467064531860671,-0.5971336810898773,-1.319663424046415,8.799405828824893,1,0.6001928323310266,train
2.671772136293308,-0.7615642114418749,1.7552095960488217,-0.2748918131412827,12.720732988433149,1,0.8203208419709254,test
-2.2842608951559313,-2.48098661141311,0.08090928184654711,1.741703683492992,8.018542235735628,1,0.4400779332900704,test
-0.09636807082456283,-0.2235859485600809,-1.2337981736325228,1.422656592125925,1.7185983745936033,0,0.3262070480009012,train
0.2921692117982356,-0.25583951579529485,-2.540591702991491,0.9363164488302623,4.205805662322679,1,0.5537914817840168,test
0.705362435344473,-2.2968661483668233,-1.1593110171625758,1.0787325181787106,-2.705480373064268,0,0.2058129368984565,train
0.631420943715436,-0.8629013950051739,2.8942447236485407,0.22069312472239952,1.1204624037551536,0,0.42107690066610043,test
-0.7137187215702012,1.7414341024299271,1.6791120439928369,-0.8829921134105599,4.306487899923109,1,0.48575370063601814,train
-1.0462923394840251,0.6088110542758283,2.1097880870121495,-1.1665202086657216,4.249558786150377,0,0.3390812483332942,train
-1.6748492518926734,-0.3676659269564755,-2.5718021105832083,1.6476634291774959,0.7265901967701103,0,0.2558691095519002,train
2.453449857325439,1.729939272606036,2.872895949440826,-0.009337007979652858,20.1422209764422,1,0.9775054468932205,test
-0.4073598134526616,-0.7913969845011771,-1.8092908246915989,1.5339365519811416,-2.649895665629082,1,0.29979307894304924,train
-0.5570639615365469,1.829641963334844,0.6670583185683086,-0.22644746573493363,5.8043174499372645,0,0.5366702964408153,train
0.24734696284988222,-0.2654578525543126,-0.6873262170376404,0.9085806513579664,5.852230777588772,0,0.4080055010283567,test
1.598411929549057,1.9829875859235544,0.5652967553730686,-0.848838606981157,23.026451561485747,1,0.9700211589504336,train
0.9893356693243022,0.19073091939054657,-1.179015536609976,-0.6749843666365525,4.773629157451761,0,0.5782064149878088,train
-0.2581179872664226,-1.6715881435540088,-2.2931476843273546,-1.0256964422882944,1.1379208924457043,0,0.34903008564557336,train
-0.6522649920064739,0.19141959002496226,-2.8690261345615813,-0.3874687420441217,3.2866625314584677,0,0.4547379624020038,test
0.30270742686451046,-0.8332777437229694,-0.5784196650130227,-1.056573627434014,1.1110448339124592,0,0.374582753294364,test
0.6409276032480455,0.09518546232946727,-0.6182343897614455,0.2882555290677933,4.554419879172797,0,0.5319512750761769,train
0.8615150353794252,-0.26374180625769245,-2.6148535562155595,-1.1742871153945922,9.79607386817764,0,0.6585195579789245,train
0.06508199913023702,0.32509254483673977,0.8535219889425627,0.709709038605577,9.085796704129114,0,0.6636323127778624,test
-1.3504595731550604,-1.6951022188265092,1.1307561226047609,-0.09943971188085052,5.31995955185442,0,0.48044226220208625,test
-0.49310864524447934,-1.4786527863418706,-1.8528695620660405,2.2381596181217684,-1.7757475200118056,1,0.2820771891503158,train
-0.4179253790509185,-0.8072850825038197,-2.520195562977914,1.8326007693385729,4.261941402258729,0,0.41146746553375235,train
1.4638163089404395,0.3517049590735926,1.7009664130992883,0.46346665490510475,13.527788374080101,1,0.8726940758500122,train
1.1486784945603248,1.533138811388398,0.9112813263597235,0.9321214378012169,19.810523622399714,1,0.9301126856570315,test
-1.2631169656229917,-0.6178546340830037,-1.8008151785065325,1.3380163209615619,-1.0391016160469508,0,0.21516066048663723,train
0.6083464192409735,-2.141149971332246,-1.5181793017548215,0.463941483544915,-0.9056707515121935,0,0.22970501961751408,train
1.9038919816042787,1.0317132667823188,0.9738242243838955,-0.25259126389849385,21.241206991921022,1,0.9581157301337135,train
1.3534572441200234,0.7713269672790025,-0.026329580001246633,-0.3829069626547824,12.718395727371814,1,0.842526135479202,train
0.5931953451323847,1.8014228990734276,-1.8852798356319502,-0.2217034903895695,9.406712049898385,1,0.7384206478809392,test
0.42948311102716524,-1.0816768978625295,0.02897554055143381,-2.578535066449906,5.878809850015271,1,0.4638330581048095,train
-0.06927167856716517,0.16419022715444154,-2.4159584875470195,2.483834206933354,6.701720128363225,0,0.4964055187491545,test
0.5094658887611622,0.9203646927590441,-1.011293846638632,-0.4022711763458943,4.786227344238068,0,0.5700930212806433,train
-0.1689706353304474,2.0840670461499493,1.5096420091273384,-1.6909575465263926,7.021890417865457,0,0.7076823567909565,train
0.5904069884673875,-1.791274922912594,2.823433160960021,0.8698992002862388,-0.5576304186319219,0,0.31432094108517045,test
-0.6847362300973004,-0.36132231785469865,-0.9469560134961337,0.6683165266497977,-2.6916359904578178,0,0.24859217447498205,train
-1.507237148580599,-0.5022599377717829,0.9483262536520183,-1.426655622204087,-2.3476661481731957,0,0.3817298604908268,train
0.9760533971548495,0.9543872201715322,0.975445870058409,0.7460647659576287,16.61381338808381,1,0.8779345796825683,train
-0.466846200913325,1.1921412605922033,2.373455403253544,-0.7181180042705716,3.324412052843497,0,0.4490531758449413,test
-1.6976105854181371,-0.28867389705834007,1.2252307105613838,-1.8302397904374519,1.5375381812102475,1,0.34512616978504806,test
1.7235771833225895,-0.21098568585967445,-0.3126747669867491,2.1306098835137264,9.772277899703376,1,0.7135683796488872,test
0.18461819795313603,-0.5143978841608242,1.2847769348491713,1.9272269852829373,7.684573555724555,1,0.6316148976363583,test
0.5840680590766028,0.8962179327234213,-0.5770984495561717,1.0474973112036445,7.4712856210756975,1,0.6279494284795037,train
-1.2883686014543712,-0.2305230581713068,2.6060079898501316,-0.49340796808629084,-2.950354086288928,1,0.24779116892636857,test
-1.2443267607837558,-1.9549567759011268,-2.4671600722662985,1.645576982886214,3.2467105315424005,0,0.36293505697208783,test
-0.2750725700421679,-0.8413507100648854,-1.8724437816602948,-1.4414525261434588,-1.416441817790259,0,0.3187850072143555,train
0.5696912270866579,1.6012387378433834,2.6979074339574547,-1.4474639347786884,11.114000530603493,1,0.7433773184787889,train
-1.00573886624473,-0.3545811242451446,1.5335711123602795,-2.3570969105377926,4.152741461240332,1,0.44508313749776235,train
0.007023789755018779,2.0071413733748185,-0.6342606083881668,1.6546694297238267,6.938070312629433,1,0.5415032965038032,train
0.04371402963914511,0.13558536041298594,0.034990517125719656,0.8781037740349588,4.429537751615104,0,0.5249915313290913,train
0.25437529958118765,0.2946500543742106,-0.1554021227322142,0.2270203614639585,6.651998983149435,0,0.5484742192959061,train
1.7777136955709245,2.185269900476452,-1.1724767187619727,-0.3436909723698124,16.919803903042673,1,0.951410618252448,test
0.7158859089442987,1.5462683712147165,1.9462266306828813,0.004953689849396248,12.562522280263169,1,0.8566496106869247,train
-0.6684891841465781,0.18889607415940082,2.561256540533031,0.7626734667864311,-0.8765384139665611,0,0.34690849220711395,train
-0.036655574758712305,0.3257507788895489,2.207155082391286,-0.22127142254574153,5.6590879123617635,0,0.5541835794623338,test
-1.4950568175415737,0.5256897484702234,-0.6192425966026995,0.6526693521225836,-1.574310557612597,0,0.1472236645469057,train
0.8481889128923444,1.025633912233983,-0.49980604591344946,-1.1049958220647635,7.5311716656968315,1,0.7212021391694498,train
-0.08212739249790361,-0.14162287110021993,2.728467250089447,-0.7024927299222418,0.7884234552670781,0,0.4164330010177028,train
0.274176504269436,-0.22113387283429478,-0.0350980614415235,-0.18057053172062068,4.2772116670095155,1,0.524031760896294,test
-0.33195347310793866,0.05406039551023509,-1.1074933009344003,0.9566462109424627,-0.20375328412656946,0,0.30164817376788383,test
-0.5107426242071776,-1.5939912185222957,-2.464626891990453,0.04726043904895255,3.50608876248097,0,0.37339522642243805,train
-0.11352497810730375,-1.3382207797349204,2.1190511586695875,0.5689899044799662,3.3985819092362997,1,0.4489665535052503,test
-0.9814749783472493,0.6942843521352414,-1.901728288417828,1.3468910924663717,1.5022305972321317,1,0.23090901092364538,train
-0.9719468365371474,-0.06358088854313625,1.8604734494636332,-1.2014170569882516,4.910025188033649,0,0.40816064895887266,train
0.565511604451286,-0.5045442060125546,-0.820469578471458,0.4146581795430059,3.9771653056264347,1,0.4168510036316787,train
-0.6326786110146382,0.5696502291744546,-0.014628508807283946,-0.7283841066257258,0.14001230253007746,0,0.3809840048955754,train
-1.4931519087587908,0.496559604335475,2.904893829741612,-0.054445523896848126,-2.024571705607043,1,0.15831523432818057,train
0.9036815139395554,2.2982132167993137,-2.2651847091761113,0.6537788646035472,16.607893672436013,1,0.8893670087309925,train
-0.7078049983581991,-1.1730428741952024,2.518782697210634,0.489527779284792,2.325683003585958,0,0.3414311768227521,test
0.9854747718778708,2.322680492040731,-0.3297493333565762,1.5332168763681857,16.451986019052825,1,0.8918129595843308,train
0.5273969539030262,-1.5469533858936992,-2.81899989925419,0.8535953130142304,4.443861317629975,0,0.48228366010880036,train
0.06447250856646096,-1.3351610783398336,-1.5371961523986657,-0.9929561461074609,0.23534687953569586,0,0.2857582383610172,train
-0.22103106916659812,-0.20096159643674757,-1.0368835811353099,0.6132257927867774,1.4457840548218734,1,0.3114317656388448,train
-1.1237600524522524,-0.3393974207705003,-1.4378914261530817,-0.6866603019461339,-0.3362898599431381,0,0.1978812308289511,test
0.7455193238690634,-0.14213420098870097,-0.8017783473608056,1.206002941732506,3.4967720059475482,0,0.4975014721102691,train
0.3079047170910091,-1.9037926423739038,-1.42683507714095,-0.36878368995981387,-2.9383205131709254,1,0.24633986668259963,train
0.4125415907869364,-0.40094172962629104,0.96081851378863,0.5762096986337654,8.871955688720973,0,0.667444489426369,train
-0.8268750135806126,0.738625929083073,-2.6600596735240822,0.6022366684637657,4.668436077251399,1,0.37944356657744377,train
-0.4626673741942561,-0.8383720215579854,-1.3532957133112595,0.9867292421668572,-0.3565889369007451,0,0.2610962866760405,train
-0.6153489349947486,-1.0362078019876189,1.5032472930713867,0.1370815874588634,5.830632498086004,1,0.5012080086884199,train
1.0839253776593403,-0.15496092244198356,-2.6629942948518828,0.39739673134662307,9.976092270115236,1,0.7154706156082288,train
-0.7357518404322287,1.7621505733963003,2.5013226867451905,-0.47186589866356593,2.626332981866941,0,0.3460839695173481,train
1.8295884521280243,0.937922039149669,-2.789031608271543,0.91393504906297,19.366112112247524,1,0.9345464169221681,test
-0.003684548247118255,0.7011857839762674,0.17630960401428508,-0.6007058462066998,7.380467873607572,1,0.5825338809660858,train
-0.5906255407550229,1.0883857072001952,-0.5623899960490792,1.2972232486513666,0.306998987949219,0,0.3115953158460538,test
1.6836585125118695,-0.6241585577958493,2.781745336911353,-0.6459815609884525,7.715948569350084,1,0.6114456848466013,train
-0.8624431375966568,-1.4305541208482215,1.7012842843059932,-1.449631545782196,6.205920432520797,1,0.4637055844461771,train
-0.7365381683093043,0.9081564439683248,-2.8598756993432333,-0.4440825024381244,3.3970198679879604,1,0.43630912056006393,train
1.1888380730102175,-1.2826111100536406,-1.0399343336923392,1.6073961812573683,2.0634077298521674,0,0.3494647237826566,train
-0.015050381532137646,-1.7831317976359458,-1.408644061121323,-0.24943917904364232,-0.43523742567481216,0,0.24986239168020472,test
0.3164996607399436,-0.010842163399119939,-2.809838163647769,1.2759945928417706,7.182343206144373,1,0.6292539827241868,train
-1.6288003022418642,1.47799817549021,-2.933705220303865,-0.4639809029574863,-1.4797780554279218,0,0.19367420081596354,test
-0.2710616164002058,0.7554411492685392,-2.3112476200178005,-0.37185145205608716,4.433468770672847,1,0.4614147590132882,train
-1.4776120232695433,-1.4973401661718784,-2.156529967505379,-0.5500727216852033,-0.5463638257587706,1,0.28257708006391274,train
0.8772363812491509,0.4330415086185485,-2.2093501633958557,-1.789602192991276,9.22367837517947,1,0.6912122700526493,test
0.6565391903816432,1.7555521049218923,2.334566023963612,-1.4358619347764832,15.231193599756248,1,0.8242118999785196,train
-0.9857754666654248,-0.8985798203559802,-2.4087642047896543,0.13919786715019175,-0.9881580729623687,0,0.3316757388909103,train
0.49239618255913614,0.43576921352895687,2.405441851223552,-0.33850229565014284,8.59893635012522,1,0.6467340457481024,test
-0.49526741857130285,-0.7676053561328757,-0.9141961822521658,-0.22686222819474186,-2.422716820201925,0,0.2658145632686214,train
1.0028132687428766,-0.5522234390274127,-0.0071236902803457625,-1.361212512312153,8.934207685686694,0,0.5984007613961844,test
-0.36527801798140735,-0.7135977400642246,-0.429681049561367,1.5408795289922166,-0.8673409530618397,1,0.3294949008221571,train
0.06904601307189169,1.6679880288660018,2.5856398624558636,-0.6886180402160942,6.442587303661718,1,0.6128014092954526,train
-0.717284727538142,-1.137368098238635,-1.9175056267081247,0.06740197680404741,0.08848182504097765,0,0.2813938020424312,train
0.8467279132195932,2.4246145901885536,-1.9412017009776774,0.9185915020909388,11.766355208539748,1,0.8630948661196929,train
0.6267986915946313,-0.9987313800229258,-0.4693846394305772,-1.2365943466343565,4.312588413725935,0,0.40402524406838625,test
2.3856959251160763,0.012077800876609424,-0.8002890498464668,-1.1316118746575328,12.592897848885697,1,0.7985979462275441,train
1.1002759393773185,-0.41770001177953797,-2.4134803503460414,0.0630261318713566,5.895998717463418,0,0.6353110735109682,train
-2.429969824336444,0.7574727564609353,-2.267147837753323,-0.11569270661100421,-7.502037130947869,0,0.07404851279297144,test
0.8217064118200486,-1.7897688787763617,-0.6638599290368385,0.35361730885786014,-2.2641169452851244,1,0.28689708520645735,train
-0.45833522293629136,-0.2165496497777922,0.2812872421028585,-0.1404616351923202,3.8787224076663596,1,0.45572531737824246,train
0.8361777522578864,-0.6134733706669032,-2.308620896585742,-0.39495804766658066,5.576444069013366,1,0.5470805306654871,train
-0.6101565660967002,-0.23704974856010433,1.1480727949642615,-0.6348541751025768,4.9594588443784495,0,0.5229034728702969,train
1.9777342911051405,-0.40958012515918474,2.60384121679295,-0.7105433411668531,8.930021434437688,1,0.7250307744732735,train
-1.0992381844860801,0.9872508709398119,-0.059043312945884274,0.40236840089504683,0.16147726318625516,0,0.2596873198596619,test
-0.09821085280689835,0.8330876109372334,0.5237863803685165,0.3903823259975766,8.41532425571009,1,0.6233305729836008,train
-2.247528109847936,0.08150757492576695,1.9127673252981348,-0.08505647792361086,-0.6871225424570491,0,0.18875310912684312,train
-0.8019217823780721,0.7310299971758675,-2.4496309654841966,1.084172877849113,3.8121059764474605,1,0.3490970708403475,train
0.6869575452001843,-0.13816326975494772,1.5379124763288594,-0.8431154856011828,9.368986159595767,1,0.7299397303827135,train
0.10569013850460693,-0.3255541342128415,-2.8392010387228144,-0.35575396742688065,7.3262912825411615,0,0.5690339503198536,train
0.19250168415596616,-1.78513114202546,-1.4701856851295143,-1.63500755678479,-1.7926989600238958,0,0.25569649753259577,test
-0.6776594609400094,1.5777037130231608,2.85608489601389,0.4527397964514859,-3.488959688766827,0,0.30798639842497727,test
-1.4407859993362029,-1.0894881205122613,2.439196638644982,0.22259379853128483,-0.7000069202685103,1,0.297973418229077,train
-1.1576744046717284,-0.873530993546419,-0.923861738735102,0.8489782196424978,-1.1714363536550265,0,0.21041967204603068,train
-0.11123537951987486,0.2702256601097394,-1.2866839111132546,-0.27005409436647715,-0.017503668217576873,0,0.352258819865037,test
-1.429656744703098,-0.43301164866615943,0.33349661735203684,-1.4818825100521784,2.5113858458551266,0,0.31790322695414225,train
-1.241935242128651,-1.4176164599979446,-0.49556322737204983,-0.09365367561716433,0.6864995791251063,0,0.25749659327565655,train
-0.1922905155906525,-0.30439963685106997,-0.6924631326597019,-0.47391543907091893,1.256779441792311,1,0.3356460299946372,train
0.3569021219323301,-0.7977310469714186,-2.52130335531345,-0.5010154208187089,4.2868622321797485,1,0.5025296575183713,train
-1.9426229609389531,-0.7645531654966107,-2.8252948863403864,-0.13112129669689143,-1.41663723633748,0,0.2946606132999549,train
0.773384803169062,-0.7264987592473954,0.060037763268609545,-1.407009887898666,7.415760625799036,1,0.5536514507442032,train
1.0905978619666525,0.9234991343536915,2.939222300359594,0.42212622475736167,10.85445446907782,0,0.7596837581345249,train
-1.2088454313212063,0.8127394460114,-0.7206864304304306,-0.8678825275680375,-2.1593150268237977,0,0.17159943197730926,test
-0.38933466491245194,0.2827779612167457,-2.1704966886318924,0.21600536337407164,3.0296648121046332,0,0.38829127727442625,train
-1.7069094896526553,1.8194728816883259,0.5808114756282015,0.02096117098951095,-3.183250796455446,0,0.1645854500953288,train
-0.1068652707278721,-0.45220226769719263,-0.8776766524477626,-0.23152232155577895,0.13300034838045272,1,0.32361652771350957,train
-2.360543081548738,0.7852609214798011,2.4796135718901944,0.6127577557717621,-3.4454671890288884,0,0.0829505388250946,test
0.9868698917174957,-0.9830150087445392,0.16030089704626693,1.7790344900977733,5.693775601230876,0,0.5555642408354328,train
-0.025858409648535603,-0.48344491077289453,1.4207980934264217,-0.08313752789662467,8.17435791994518,1,0.6000555154465285,train
0.12953605680688782,-1.1346370665915244,-1.2380013867532604,0.5197618075108486,0.852254303404564,0,0.2926796209757344,test
1.6476141338131165,-0.6177849438264328,-2.032596454057567,0.7085329941044494,7.4380733764366,1,0.6051896197837512,train
-0.883141444872971,-1.655474709819784,1.190879308064142,0.790221789949521,3.8174538828549176,0,0.49461723338061275,test
-0.12264581093407205,0.7471960526151107,-2.612851418789044,0.5460808901523081,9.395924749598988,0,0.5580166844097798,train
-0.4627407137455666,1.6896437815650718,-1.2773119547672707,2.219720185610243,2.2185019942053605,0,0.3179708543680927,train
1.805014280793836,2.003892095915956,1.6639417834786068,1.1216449916729914,25.264905992241857,1,0.9804460337816229,train
0.45419731172324446,1.0144964148660434,1.309254469763136,0.030343744812061573,13.18072828634045,1,0.8049516792043164,train
0.8638385972932392,0.268142656228412,-0.36813647891057677,0.6127702192872791,10.111276108698199,1,0.6396731305027461,train
-1.7479352279855356,-0.07063603735620994,0.22733935814083406,0.3524750378355714,-0.32606000419855286,1,0.23553651859080785,train
-0.7773914999677115,-0.475870133117066,-2.1893838179591567,-0.5695655235192943,3.7436288748547124,0,0.31420565414794877,test
-0.6893016730333529,-0.051621988349395936,2.0858754072348855,0.3300838643025253,2.61743888096108,1,0.4254282466009216,train
0.008052298094005901,-0.1271913031763187,2.5767938504911907,-0.3854059114552803,4.8235841082996735,1,0.46089822016095155,train
0.1981680077665888,1.100852089683482,0.22919035239176733,-0.9190987766151664,7.650639182672116,1,0.6759732145979837,test
-1.3226303035699511,-0.1286263056685754,2.90786997827135,1.1709898555690508,-0.12403546568373414,0,0.20346311194720276,train
-0.9399232676549706,0.4574252283958381,-2.0049231339058418,-1.1452368167773983,1.1894277875921093,0,0.2541790442172939,train
0.8241838325040377,-0.4804649966133746,0.12659539915678675,-0.6068436044430798,7.954298686783105,0,0.6091121511000065,train
-0.06521938816041914,1.639449525763814,1.8140331718054128,1.070960196860827,9.29880234571463,1,0.6904453916065462,test
-1.5035696700811563,0.23076957274101634,0.8465174439705687,-0.6049098873470995,4.475695988498521,1,0.32570194770131117,train
0.20540981524418217,1.087203092982932,2.5496589128515508,0.015698588841543775,9.21219491980593,0,0.6141149518762764,train
0.5440032743609111,0.616362463470622,-2.115529754957809,1.5661238378082787,6.568959722787287,1,0.625404508181427,train
0.24722533509866773,-1.6633741146464216,-1.916136727281742,0.6917908532082002,-0.6511199312545115,1,0.3062707913254519,train
1.2531299471317923,-1.9914169827782744,2.3321074295689597,0.9553074117100641,1.9890261816757955,0,0.37256179636476944,train
0.655100481191254,0.39447448990651934,-1.2552990762948393,-1.5242471850069823,5.893238570985145,1,0.5351698883312374,train
-1.0171752974972477,2.0456904451720095,1.744138793345841,0.4635321561131402,2.3650376330740133,0,0.3623369777857615,test
-0.49933286318539377,-1.6404231706325585,2.807269463536702,-0.5355184261080785,-0.14844813146747515,0,0.3007484906656297,train
-1.3940302886693208,-0.2712265343917628,-2.45240549908413,0.7881983206413061,0.31434921849723096,0,0.2684410536105552,test
-0.4961661372153207,0.7023286405638066,0.501011493781502,0.49977259127078405,5.767473611862937,0,0.5085169005277341,train
-1.2090955115638564,0.4630846391654963,-2.3809490748365927,-1.3981327780717927,1.5552340932426119,1,0.25652650689602097,train
0.5838055701238496,-1.5123984276854368,0.4711099995556203,0.824213799327204,3.304974990294098,0,0.5004036264359037,train
0.500717474075113,-1.0903176592916815,2.0561093506992805,1.4094168822405522,6.555959029978488,1,0.5300853863025877,train
-0.1688721261598398,0.22496932951334844,1.9883977441862752,-0.07754477474513555,7.988687409113059,1,0.5564216681949444,test
-1.7739025450102628,-1.5713305692778246,2.6666124618543323,-0.4936492089839453,-1.0601077684573372,1,0.2782497500174013,test
-0.728361175514824,-0.47008011483296425,-2.094487322847859,-0.9090984881627069,1.4897897864881182,0,0.30593594549586217,train
1.61173144130394,-0.9194109219278026,-0.5578134571036282,0.05284775651343442,5.29462892649833,1,0.5047749344869039,train
1.3627275420901195,0.16062618623713776,0.7910537059177405,-0.2724755692522444,11.517679710023216,0,0.8462151490309544,train
-0.061744746669944305,-0.6893303308977287,1.6333940947881933,0.3428320622525849,4.98217603167151,0,0.5654445195862996,test
0.6104844118450551,-0.42890031507379806,-0.18701704285802423,-0.43697612516832113,6.638774599332797,0,0.5262749740128431,train
-1.9669145614318329,-0.04383097318176315,-2.2433262429305225,0.27182339084542756,-4.273062324098119,0,0.1598532657968275,test
1.2755193624664236,0.2017887453884379,-1.2215964204480179,-1.1375629446757842,8.409377649644284,1,0.638798830677373,train
0.10661607448588413,-0.6859876395365546,2.1168871646207137,-0.2523398873504198,4.55848353468566,0,0.5183393551851717,train
0.5279286127690037,0.7601470462543243,2.8520406452413933,-0.08662434618979627,7.253464192698662,1,0.617035187549643,train
-0.6705061222005382,0.1671940597912528,-1.0471014803131033,-0.4246225751337743,-2.2050235750019382,1,0.24950354340982417,test
0.38612365968378964,-1.5396244189536743,-2.821592252981496,-0.26107904248417285,4.249799257478775,1,0.47725381493397867,train
0.7151600567126307,-0.647388714875125,-2.206566130659576,2.028601174028152,5.548684111925664,0,0.5067482683216753,train
0.6352498185973002,-0.07347886052116208,1.815951495652607,1.52212943086125,11.979802661170512,1,0.7048473387184534,train
0.6695613704751424,-0.17416200841180707,-0.6323090971960506,1.548404310056086,8.322064912482674,1,0.49848431081100747,test
-1.1499631962656567,-0.04110061798044493,2.249161155494239,-0.7591154674312404,0.22171611186883022,0,0.3158065837066518,test
-0.49335009467160984,-1.7769018437768236,1.8102830464191442,-0.682666903214877,-0.29292329618685375,0,0.4620044227809492,train
-1.3801791450882217,0.0005783605466658429,0.014462083155371008,0.8939978960201778,1.6943208043675808,1,0.2541201384488727,train
1.6239352916847456,-0.11520986888814395,-2.0289409773051794,0.4359988329248397,10.673461110718613,1,0.70692432897131,train
0.7964613334623489,0.798174277532115,2.783140624160491,0.48800705994144433,9.687590598139494,1,0.6978313846967316,train
1.9825265967159003,0.2297331779677607,-1.274736190706944,-0.10115455708806904,11.81970894256159,0,0.7709629547243001,train
0.4837154041855275,1.9159018213785917,-0.8904121228398685,0.40948683912157624,9.489684617109143,1,0.68255576004119,test
-0.9207864704832891,-2.2067085211081627,0.1838270714812289,1.5981665020563385,3.1220212529110176,0,0.3919193439780467,train
-0.23450119885341517,0.48546157222065883,1.7000302173712782,0.5660001930977836,8.859510436083642,1,0.5947403878227024,train
1.3565748040074816,2.3186145628573347,-0.06553274950279686,-0.6172842350710595,19.006543374946197,1,0.9493558912814822,train
-0.36094927224277706,0.37697749221517823,-0.3668158262567114,-1.8392308414628225,4.787203057419651,0,0.3775922958053187,test
-0.0907981689812964,-0.12907428691805498,1.8100419589663792,0.22139503528804863,6.557673424359171,0,0.5768453620925851,train
1.1176551029094601,-0.8645471971447697,-0.8152343056660913,-0.3132302573476744,1.6810813582782684,1,0.43204133134981804,test
-0.6682776878956215,-0.8833503169946616,-2.7150120669628963,-1.9832707131803593,4.90001647339913,1,0.41730156699714555,train
-0.3315876204717195,0.5479034583748982,2.997725798873324,-0.5416330877695964,5.4749090609856434,0,0.35943767699421064,test
1.161045161948796,1.728270036635143,-2.7614272416957206,-0.024743018070894202,17.01017064247827,0,0.9214052144730815,train
1.0159549241049184,1.2871043170428775,2.5841756112517027,-0.10597660137454128,11.511877076337683,1,0.8264030544812117,test
0.10696062909515029,1.5642059373736934,2.7734408157531867,1.793720579670572,8.04394609096725,1,0.5850644959981397,train
-0.7674872918940789,-1.1300393077011222,0.752846696469013,-0.9165124483499621,2.853074610418598,1,0.472617106743183,train
-0.6441983824616744,0.5666029704579139,-0.1422684601317239,-0.3811814995602465,0.8717678914877134,1,0.35565304641137485,test
-1.5951030195440599,0.9923159017996885,2.4971585540854875,0.287593186625536,-6.759101510024635,0,0.16143933454020798,train
1.2511481315406816,-0.35096057790525637,0.12032557936497223,1.3519790737551434,11.754959308015469,0,0.6890113964851842,train
1.1769483182299854,-0.45873795217851415,-2.0130061133369717,1.6350650625056866,6.52395441780624,0,0.5692739863327683,train
0.13772319538106623,-1.4771989756172497,-1.6401653097422222,1.1107224687825676,1.2478168714246167,0,0.2871898731894282,train
-0.7053977982275744,0.12365748305957984,2.818988138085535,-0.6338067055115212,0.4037121781363927,1,0.2994863877344267,train
0.8453031958920025,0.528726429304586,-2.025031885382635,1.7270225581340617,7.51584452151475,0,0.6692778947416058,train
-0.340587725705785,-0.8501857867457335,1.3140142754399973,0.2614904683979828,5.980524963350374,0,0.5438876352080037,train
0.9916875794111254,0.09523081065716074,-0.9775137611389075,-2.1510023651969292,6.4273528845359955,1,0.5690546765118869,train
0.4017225213458383,-0.662566019206462,2.9369207809242397,-0.27083802452822536,4.489435318914173,1,0.4118394989503582,train
1.7226911922038313,0.25705755988202744,-0.28756765539371987,0.26552790586757963,11.651135492878032,1,0.7997231993398979,train
0.48868141107362667,-0.7077208010447135,-2.098689450927588,1.8597318596465424,3.2974186558828418,0,0.4500546877175165,train
-1.6364310052108408,1.459365528934477,-2.5379283001208996,-1.4274513973409977,-4.15718648271312,0,0.15386100365662964,train
0.46939454432810596,-0.769381642170156,-1.4618714160704676,0.6490998810426377,2.805632918221334,0,0.3634013989287553,train
0.6490984017727879,2.4549380940836665,2.4014572595113357,-0.062453243740892415,15.002155733417982,1,0.8661607419411326,train
-0.676035498739318,0.7172216166616283,-2.7334831131479316,0.2015521589291449,5.302708016035993,0,0.4310111055716815,test
-0.42036240416317644,0.2957524352358298,2.018450227055017,-0.9013283178929524,4.631147756644353,0,0.49905839877999225,train
-0.5853417993901185,1.338175086991224,0.7897125713311235,1.480253274505533,5.99036157928861,1,0.5318183497500403,test
1.477244667764666,-0.7113226753891804,-1.7345555102590562,0.501068612466421,3.692522093616729,1,0.5195510062546431,test
0.004033990898367588,0.005108495027363681,2.3157615283872595,-0.2813456052304418,4.208114206229838,0,0.5195773944626876,train
2.3128581892136144,-0.9919736723179434,2.3623737776344322,0.9442621500801621,9.548001833406783,1,0.6596491287835576,train
0.6524404957443399,1.0115146837775273,-1.4874555741442899,1.2905345280184222,10.368656293014306,1,0.6261229062845507,train
-0.11652375025244624,-0.047432622344392175,0.1204943928189679,0.4773189454423935,5.067314091949258,0,0.4963027786077466,train
0.5664080004907697,0.6845898820065516,-2.529015467594265,-0.3515929272802848,9.04768749869584,1,0.7071208818731927,train
-0.3990947538224695,0.4526344938440514,1.7376694255609344,-1.0816965273696744,7.161904845204415,1,0.5499855526614724,train
0.44164566748045403,1.3038471566385958,-2.03067104790106,1.7328213425847878,10.515413048035523,1,0.6616305960660579,train
1.0447996261340258,-1.7978339800409484,-2.2625293196438494,-0.6153538188515587,1.3566655880779714,0,0.3618603370240369,train
-0.42462533034027866,-0.058746193315780446,0.6045672585673785,-0.7130953730094155,4.201222986189724,0,0.5180922537869097,train
-0.7093142306616498,0.8486614355977659,0.1119309496065144,-0.44140792923632194,3.218550604584924,0,0.38659929871940474,test
-1.5997347616720323,2.0930627834138833,-0.30389735300393284,-1.368625304597639,-5.962816721500806,0,0.1010497008170594,test
1.2401546149878109,0.08129510516312598,2.67403993874715,0.21739365706033095,11.11908245970754,0,0.6986718237835102,train
0.11186300858255044,-0.15731408433569022,-1.6680880060667629,1.8156333177094115,4.146545603237584,0,0.387980189548241,train
-1.8083216140383793,1.080146114176268,2.1938152591172457,-0.9987877424027868,-2.654715369211657,0,0.15383607423607082,test
0.704444318965283,-0.3056385414953113,-1.8286496605732667,-0.3480975557959506,1.7152798242011147,1,0.49191805773757025,train
-0.17766639623550776,0.5271986919341574,-2.839344207871771,-2.0164788452818048,9.173060211278603,1,0.5703659325356893,train
-0.17121146016102531,-1.2040944833619136,-2.2377703053445943,1.5998884333255419,3.447421883057782,0,0.3664683292316949,train
-0.9834115012186745,-0.23555781545940582,-1.462432840468159,0.44958320555290954,1.925205063731976,0,0.21219501964648185,train
-0.08443484916099256,-0.026216673917937132,1.7415320499451452,0.4410208425130355,6.989990268178267,1,0.5930748062554033,train
0.09814462415611952,-0.40759995040867997,-0.4397889989679271,1.0760842329138873,1.1940126597530933,1,0.40591472575059895,train
-0.5241034012064946,-0.42119242823605435,1.0176223589623525,-1.2403300739524077,5.027210602311834,1,0.5296467066109105,test
-0.7979048036035358,1.1572142287544098,-2.3749341414868885,0.028147280524255018,-0.6301825006598774,0,0.33538793548274803,train
0.517394194315279,1.0738611802206297,2.2362840222889684,-0.2487243960875626,12.374853032350314,1,0.7454759448886972,train
-0.25776597078492697,-0.5539739691794451,0.5709387383300282,-1.6561125046329568,4.2156824040616465,0,0.5213089004085015,train
0.44257532031798,0.5908082202516428,-0.714402734275656,-2.0014660846274714,5.486820137120118,0,0.5372383928955631,train
0.021396479480473365,0.7452920105070981,1.2994693878050594,-0.13581995238779343,9.333930122354914,0,0.6951669704330771,test
-1.2537273520478067,-0.9369953331072336,1.7310230272567058,-0.09722209896663077,3.819502568198189,0,0.41469425408253907,train
-0.4266102299322942,-1.2655361681662147,2.72212667370425,0.8204093331783217,0.11733377448032534,0,0.3258061561271193,test
0.33056429403684895,0.11052855312105028,-0.8025805828146968,-1.7444511996660605,3.1897894770252955,0,0.4487073774885187,train
-0.45928982780945027,1.056108671869561,2.1546177569505467,0.3592033376620345,2.95560348779165,1,0.48831059071987626,test
2.8008368295663875,1.2187837344733519,0.0011689006984791916,-0.8868284791887301,26.17170086537166,1,0.9801210032417575,train
0.06355177475535234,1.8731246187476347,2.949942355238166,-1.8452082878640503,9.211212214223067,1,0.5667495480612068,train
-1.0729146438615615,0.2676210032383442,0.3065345769886596,1.3766782338097567,-1.2646540025917141,0,0.34262973889601506,train
-0.5215857175558674,1.675433075072213,-0.2477433872637782,-0.37838804466865167,2.438069001774389,0,0.38952226532745227,train
1.681840776250671,0.520631008853405,-1.4335515661214722,-0.4840047183898717,8.822045817555386,1,0.7775013087225544,train
-1.2567718200468352,-0.48800348531485144,-2.1849407788327118,0.9701242250556691,1.2328321802724624,0,0.25571157172456027,train
0.7217513047614154,0.5091282472460883,-2.4698331566157794,-0.052376833914880794,8.52732642534763,1,0.7106947103894994,test
-0.22730112602976527,1.4558296783577902,2.0651983009094597,0.4750458524950723,6.542301700564358,1,0.5931249868934692,train
-0.7068336407059301,2.100678026575473,2.3674326738602325,-0.014174448157240243,-0.37708326435950834,0,0.3809738364317111,train
0.5145795370272297,0.21637799254075207,0.691698340003732,1.101236901646855,8.043725760747957,0,0.7250544124459734,train
-1.122921727460781,-0.25227459227987514,1.6578569510084202,0.23113735746129735,4.857165283233437,1,0.4116418107653718,test
-2.0331003221810655,0.2841731375205717,0.04368186852429279,1.1466346495445792,-3.8521470339287815,0,0.1531060393766869,train
-0.9108171019257258,0.9215654716728408,1.8326796395764955,-0.487595359766639,1.8906372196370742,1,0.40815377421182464,train
0.40464656272927896,0.4353713620989599,-1.996489305907519,0.5165220865012071,4.484006699276486,0,0.551310368796969,train
1.454758070111829,0.6736994601587696,2.177155153183863,2.019570962758857,12.98365160523602,1,0.870288464634382,test
-0.9558582793311621,0.8924566103207769,-1.3342959241320178,-1.336746747693159,-2.454026598241733,0,0.19657453767054084,test
-0.9790402415299154,1.2119681648128313,-2.472038345467946,0.6099209882746414,1.3413553077753329,1,0.3017115946244035,train
1.1701937779631844,0.48082457896525477,0.24014007340766108,-0.18066846506720644,12.21603388808516,1,0.8114795100236448,test
2.4516045956564056,-0.3384676653121801,2.288534770188053,0.2650475473604233,10.790518632562986,0,0.8312767448054936,train
0.4772765685662832,0.41540597405624663,-1.4651750675368598,-1.553268376316073,0.7313571292457874,0,0.5037976872287173,train
0.09730766773099318,0.42639191155790657,-0.6477012801953284,-0.4423698664008662,4.71797705239303,0,0.44409708787458724,train
0.3429433626224788,-0.4239576111117266,-2.421406357397058,0.5693016454461126,2.8197828626336228,0,0.5219172577829769,test
0.49033886907574525,0.6092507195860485,-1.0112516720737044,1.2521143973697622,6.8550938235733785,1,0.5271512156717526,train
-1.1073447622674482,-1.1456787046098986,2.5085030922483904,0.5469035012748424,3.6201794702669536,0,0.31372926085440656,train
-0.958676668934043,1.0868649482017079,0.5076401091721134,1.2809856015377743,2.9361519956121906,0,0.38121444061851495,train
0.23571846193547694,-0.9414565731400601,-2.9453768702720007,3.0420982298205375,8.219013538874101,1,0.5476476267397316,test
-1.05188670304875,0.8862441946083582,2.002541653417805,-0.3244890743043766,-0.16293621349094511,0,0.3468787156917267,train
0.5885283428326887,1.4020753976526468,1.972152020068127,0.7798818017985935,13.660382285212346,1,0.8202518596552254,train
0.9824510009552633,2.2551346096094274,1.189967154460276,1.44508689463965,16.5101238949698,1,0.9474635816213044,train
0.25221470200237206,-1.0058964413951599,-2.5142144433216504,-0.895752418997705,5.616253231341273,1,0.468377478447813,train
2.3053084946937017,0.5888518856539494,2.92454291320467,-0.7676365584690334,15.249898736275068,1,0.8959592187418787,train
-1.4856660930511298,0.3808009599611214,1.9678867556432325,-0.6586704574030375,-0.4840177452785728,0,0.2776688067744765,test
-1.5348830903787332,0.4323683267467586,2.5547915064741407,-0.8722743959790279,-2.186634837355743,0,0.19033718295739743,train
0.19286254211980539,-0.16455883463311738,-1.047823349447035,0.5964145631992585,4.760746438620291,0,0.3800712643182463,test
0.8320016025929158,-0.33270518489145073,-0.9631637169293077,-0.22197672966370766,3.547556582025011,1,0.4710257337658353,train
0.768157281144332,1.0086545049111997,2.3874725471128038,-0.3878934393189206,8.115613362588668,0,0.772762761904153,train
0.6600540948290445,1.2721045530591386,2.525131599281127,-1.8994351758961414,9.584319183224842,1,0.7571233857432786,train
0.4563030573583643,-0.5173125132454863,-0.18807805109750708,-1.5800865887556748,4.913411299886328,1,0.4918401959577191,train
1.8328789344680467,0.6536548884043413,-2.2194353726203935,0.3540912615166812,16.306934323214783,0,0.8754954340728011,train
1.2487694372794804,-1.563064416520134,-2.72089028672489,1.4398841723270408,6.604882454894409,0,0.4943798980842751,train
0.49907855622656533,1.4139189074138685,0.9483191303460936,-0.45993143167255535,14.202258518043678,1,0.8373165458532931,train
1.784056799773626,-0.3068722321343579,-0.16202467664303777,-1.5493049319899057,8.417922304349306,1,0.725040882279171,train
0.5416155302778893,-0.7397598423255294,2.904940200292697,0.4408274565160703,3.0163410281975267,0,0.4249172685122998,test
-1.3048714581061567,0.404407290051035,-2.991784465479105,-1.3826374993091246,3.527972638040143,0,0.3282721617686188,train
-0.6078136922171484,0.9487126492603262,-0.028112424876684194,-0.22594722582358237,4.961777133757607,1,0.38949697140414224,train
0.31399129833634404,0.027434490263810337,-2.9343509127673615,2.615582799216264,9.373822306448282,0,0.6506980526711488,train
2.4768655802627038,-1.948467984445454,1.2142290718800375,0.41003808931094177,6.370911197759041,0,0.5154805418557075,test
-0.768441669799425,-0.19783194126937076,-2.8486615657467844,-1.5120997039959447,2.945991811156449,0,0.42755692555958147,train
0.11350217726609849,-0.37416402514233155,0.9055838492363537,0.5809676606680938,7.148392019983689,1,0.6231839082620115,train
0.6473325350421073,-0.47777117947583964,2.028814762111013,1.1790325420270633,5.267902888421654,1,0.6289207744874651,train
-0.6566354430728394,-0.9233486142292117,-1.7144150514566108,0.4540180462613679,-3.020144790471732,0,0.2651560292367237,train
-0.3089277892115716,-0.610422162921965,-0.902509906928926,1.6943611631231523,0.7836049568291559,1,0.290055058652679,train
-0.10286126334538888,0.0057439842856925535,2.1965046230938476,-1.4438857516660173,7.165301424356297,0,0.5208868422189449,train
-2.4985098907957557,0.04250252656207635,-2.083351689879988,0.5288481715636592,-5.467767889006932,1,0.09596708915841527,train
-1.6838300896032203,-0.4924446184356767,-2.6801325309003428,-0.4866547636702298,-0.8484428040258158,0,0.27935240386937105,test
-0.33571475901963876,-0.7348271301700774,-2.8905527023236557,-2.3348219062301965,3.1869305048175907,1,0.48845319467739573,train
1.0037282035544992,1.1299586787655176,0.48099719832405974,-1.6222384260783738,13.824757283247015,1,0.8708555025212953,test
0.9508618464694392,-0.92966975321522,-0.5568644066937263,-1.1214353354530173,1.644441702340166,0,0.4334632121008671,test
-0.039133058816380864,-1.5265930154203526,1.4861496503060057,0.3685598193108132,7.0385152291019315,0,0.5226878159842977,train
1.2161718463185707,0.0426519499121058,2.5924588345104755,1.5449270708088858,8.272197588772304,0,0.7008876631814174,train
1.513851948908263,-0.4236905412913461,-1.5557167204181706,-0.5861709396875376,8.382450845949066,1,0.5693132195691586,train
-1.5235052526459343,0.7394693770518121,1.8810449641749276,0.027588304376210432,-0.42683908109212976,0,0.25978466820157026,train
-0.5468500304772047,-0.44538030439430354,-0.5317773930873995,0.9982130669728932,1.0883947289919047,1,0.3006514572300061,train
0.35290713177560507,0.07890650285315197,1.0531498502841226,-1.317892914555817,10.423670053099794,0,0.7079340784505739,train
-1.293835630724419,-1.4776626053177082,1.1623812183266882,-0.199702935433655,5.922283856494872,0,0.47103277981478886,test
0.36184613186496256,-0.7006639297401832,-1.1774600256036611,1.080762843782492,2.220788175987265,0,0.35117932604924895,train
0.13964900037934547,-1.2615576414548637,0.3991232215385656,-0.8171892286332377,4.6348059896880285,0,0.4894182256711373,train
0.6109297892771998,-0.7326260017927131,2.362903394136781,-0.3009756982490439,5.805168062784078,1,0.5314716532694858,train
-0.28137731465918786,1.391564930563213,-2.0145223674584383,0.35773001472728994,6.0874681232041965,0,0.43476835919681106,train
0.2809094471789698,1.519341417063412,1.72411849754823,-0.11519832559178413,11.907566581491686,0,0.7848676083867885,test
1.3863561256217458,-0.10676711091481436,-1.8679414899877762,-0.2328694499928647,8.215019389037446,0,0.6480960248742584,train
0.47808543481458343,-0.32486353069447554,-0.23944797325213774,-0.042235583271197634,8.32328186896769,0,0.5087623131303343,train
-0.21198812877717949,1.0289728712309645,-0.0791126305791261,-1.2353450873585234,5.305874392779612,0,0.496765906361521,test
-0.6384180517730096,-0.1183961434232433,0.38531482552412255,1.6520404806587905,5.889831875876938,1,0.4434536357673339,train
-1.384045803353323,-1.493927126228365,1.7379471029564888,-1.1062140136872498,3.595252146761844,0,0.43446708240657317,train
-0.9629710104068814,0.4032725950127379,2.5901669471872655,0.5778867688560528,-1.4487730276499247,0,0.2838441778722352,test
-0.6029269508734276,-1.368669091254761,0.4872754744112604,0.5543995810649677,4.391773228956893,1,0.4483517168357882,test
-2.4734827087035685,0.36641867973586206,-2.615448424698744,-0.8567604208092772,-4.82251445875105,0,0.1146506862265866,train
-0.9140827155979271,-0.25862028689732763,-0.4006606911224093,-0.02517433704829708,3.14099127267663,0,0.2693242989723035,test
-0.23823854098990796,-1.1201490690894853,-2.9951962945750896,0.466158480413473,4.1093585344538095,0,0.49671459035967086,train
-0.7965918925593157,-0.21327104878356015,2.860644833101926,-0.4561349583597768,0.7870704350398182,1,0.27951847840723243,train
0.23710526545467228,-1.1329802358742156,-2.5999093936698188,1.2516674409585309,5.706574404426663,0,0.4707038407541786,train
2.1273592107076125,0.3392254462896024,2.8407013417716804,0.7049824705612229,14.455415004118686,1,0.8510375629143905,test
-0.810694103055076,0.07735356422127664,-0.9532201113045633,-0.014587745356604792,-0.6951154952986642,0,0.23160784964334688,test
-1.1360417373541025,-2.3322675614580155,-0.6047255563806364,-0.12169671580298456,-0.6678739574015945,0,0.27704458756884937,train
0.33424683913871506,-0.0062713722732829396,1.424623048128078,0.9792999292684736,7.682453400049247,0,0.6947994290733789,test
-1.1480167470154443,0.35581615037716335,0.1891989716688629,-0.618120042634951,3.6253690390598647,0,0.30630392232710496,train
-0.9443923207413006,-0.5394674511577476,2.5043330444856373,1.5916506611591275,-0.6508369329683983,1,0.31622512951817083,train
-0.4521613803574751,-2.708350881904442,0.16200023622490445,0.43242434167977817,2.1786264917050544,1,0.36533260889386376,train
-0.2812399253207113,1.5777486071969185,-2.078832346227839,-0.6364721354467286,4.4807855599404816,0,0.4540564326879243,test
0.0688096468738042,-0.021076952948874718,-0.5290982793200372,0.645421670093024,1.9521191789156784,0,0.4182012167823364,train
-1.3970870112847662,-0.10083115576639132,2.7927224440499376,0.542991161305606,-2.122290790669212,0,0.20552637589566092,train
-0.6086046657623423,-1.3809884519688416,-1.572710216617933,1.5574754210249584,2.782508049901545,0,0.25302253062067487,train
0.608084872107553,0.6192669183544951,2.376303969301053,1.565910390985881,9.283453821913362,0,0.6975391927590364,train
0.35270263590752077,0.3864866414712179,-0.3820613688374266,0.6654355371310084,6.144510576985102,0,0.5400080223051636,train
-0.5706332758328835,-1.5440316500247975,-1.1189292145534064,-0.9106788926162742,-0.198306849272609,0,0.24127020934159535,train
-0.13335656607395138,0.002085035024105602,1.6499956760874763,2.428434304262678,7.300066896074212,1,0.5955866289376954,train
-0.0018381691184274822,-0.5210449223100069,-0.6615442811053436,1.3519726346335965,0.9575564903510465,0,0.3533178008663572,train
1.57675284808779,0.5635065009955964,-1.5852551933286247,-1.7668974531235357,11.416084607268443,0,0.7739165868424045,train
-1.358189795310463,0.5949005644197571,2.3412351002798086,0.4513190655193889,-0.7602457229636359,0,0.2395954250651567,train
1.3346940566152365,-1.2499921090794044,-1.6324565124192283,-1.279943812487955,2.690435398642672,1,0.3821794061971297,train
-0.32730641893816365,-0.8917391830311275,0.6508430222748993,1.2982034262632638,4.757399269040464,0,0.5081448328396697,train
-0.6613956648748626,-2.3325807672586136,-2.1297690709116166,0.7825234069920018,2.18356800004429,1,0.3060110542545769,train
1.4148172435231932,-0.13228944221653152,0.9180005119291392,-1.3826464746498834,12.773220719891636,1,0.8239658905905732,train
0.019299136604712355,0.07746967289617535,-2.5032356183714577,1.1495383734744513,6.378107920527998,0,0.5253350900781759,train
-0.7625925118890685,0.27904248841701756,-0.3236967171392715,0.8468537701843862,-0.18123632182138183,0,0.30057360130923516,train
-0.006672201707808906,0.9631786507752306,-0.8967639448058584,-0.052218997964927634,6.145522321140124,1,0.4331711042219107,train
-0.8635861843460986,0.08196779418786433,-2.3278189790364996,0.44790114836269146,0.20758422418328115,0,0.3200909906118077,test
-1.2207679820519828,-1.8026665073384327,0.8720423461579814,-0.45401815515722327,3.900879717813818,1,0.4762023882559864,train
-0.15633294315913632,-0.8763359000016988,-1.2836293307663096,0.2673544133832238,-2.4591684626765566,0,0.2855775768369775,train
0.2697195570117521,0.06031284922444582,1.9527536260945286,-1.500249159459553,5.470913993890295,1,0.6380408939454674,train
0.2480866716843386,-0.8457725468218638,1.770713305327675,0.49716810530679884,8.204727996161576,0,0.5740954618656994,train
-0.4163749104269814,-0.19422167068362758,0.6760136737494369,1.8618943909069965,5.22457166544776,1,0.5244212278155531,train
1.0196950399442508,0.15767617410312523,-0.7487485822250433,-0.691063152469422,5.730828789997475,1,0.603530526557328,test
-0.2821279280440665,-0.296295496041943,-2.0139013164709976,-0.7876659352663627,1.8798603908241434,0,0.3603035009410822,train
0.29747842721554635,0.8560660848542647,2.9484085675154024,0.29655127578318596,7.843724885294232,0,0.5515465990757198,train
1.3400927517380694,-0.15447616973422687,-2.447023647492862,-2.095613016338163,10.688374671260465,1,0.7202969915715193,train
0.38782812550531165,-0.24789483583533073,-0.13260753495636957,-1.2985703707691447,4.495151409999518,1,0.5223495245229839,train
0.7568871337809576,-1.306383011973815,-0.8346945908890611,0.2667530934647414,2.162679657982472,0,0.3311240548737826,train
0.17351434521226713,0.2911182729642535,1.9393593244677394,-0.17065268533191036,11.27894403255114,1,0.6413294596792716,test
-0.8831749766440358,0.9302508525948086,0.6947743966081541,-0.7219372691220204,4.475899221693223,0,0.429680718816293,test
-2.015954285372178,0.7014238178681663,2.203714836323436,-0.5746522688604665,-6.710349219824797,0,0.14492225969358696,train
1.1474786873704956,-1.4928794599904824,-0.13469050674296534,-0.6042397752527676,4.153092530838889,0,0.42134642276908657,train
0.3704894277273894,1.1925100981506993,1.6563123194840843,-2.2875195175567202,10.998834539580468,1,0.7866232689204109,train
0.8976182999900527,-1.3253035558212003,1.421085320063236,0.02107858994937573,9.92133100234561,1,0.6013076267322196,train
0.20904859175841617,-0.6826754081459672,-2.9713992735294372,0.4000520955163137,7.710951060582674,0,0.5726722694982795,train
-0.07876277845894646,-0.5089673557043121,2.0802037332675303,-0.9035365874696546,5.310652147290584,1,0.5125243908802384,test
0.44415294758448015,0.8541277961336269,2.028503107910751,0.29967570178905256,12.008768116298114,0,0.7371260958954132,test
-1.2207481287496778,-0.9394626149014734,-1.0300215989614818,-3.456498116795289,0.017566174259296075,0,0.2038849312022994,train
-0.4155079005705268,0.46735661373600423,-0.48205296148758325,-0.8686745728175044,0.8690007628501284,0,0.3511586520711661,test
-0.01492649137128825,0.4362712723966839,1.5238083800916815,0.17980354931477588,10.07656862446739,1,0.6572915950307783,train
0.2824927854725997,-1.5112482133720253,-0.2820112655952318,-0.5711641151734037,2.7520962443572343,0,0.35306837423797466,train
0.13865891541987033,-0.26498604488870064,0.9281006890673105,0.2581769845699274,9.090683102396657,0,0.6372951138477949,train
-0.563920900028183,-1.8563100848693481,2.6906935301521546,0.8219824853257836,0.6739394721131471,1,0.3126785177385099,train
-0.2521208472894006,-0.4002282643524527,2.551682596655086,-1.389310275235348,3.8679426918233073,1,0.4054878571320189,train
-0.2746788433590821,-0.7319885700587456,-2.962712198049914,-2.4394925175956947,4.97887646183244,1,0.5070535799042404,train
-0.30335775892283284,-0.6517887359183728,1.725756616450906,0.1419176244023027,5.859937583075371,1,0.5261807390380621,train
-0.41097266296103524,-0.6642084458856018,-0.9555938757692122,1.0726908826599773,0.5268423715386854,0,0.2743987339722932,test
0.2975621219498595,-1.170614421757178,0.6316149155147066,0.5212688646459567,3.1098310697175937,1,0.544868712078097,train
0.773517502300508,-0.07476791944519558,1.4587239602933337,-1.6892130158670664,12.413637594274176,1,0.7535963981979592,test
0.4049123925303413,1.6125084548314945,0.26748938255020693,-0.496142081599607,8.287044734589594,1,0.7767980812657891,test
1.1138922875476576,-0.08153087581367735,0.7690729746501654,1.429525545750434,10.663280143504302,1,0.7871487332865402,train
0.5775654537670719,0.6598794078213347,-1.7543153357500805,-2.1812322999278764,4.024200159781949,1,0.5860356773862455,train
0.8135655369881759,1.6204766642513018,1.1624139252833352,1.0332958764221059,17.36283592836901,1,0.9019691604707352,train
-0.2230998610524028,0.24968765353275246,0.4718068263145474,-0.3983096972672458,6.237433693481389,0,0.5528540573563855,train
-0.5252823861742821,1.3434034067792024,-2.6077847723592154,-1.1445479777546226,3.6061557202072834,0,0.46194341123149224,test
-0.23711952915017528,0.16885954009392526,-1.2535987138771056,-0.11385598440627037,2.292437481962439,1,0.3221638976655641,train
0.1307513446408209,0.14829975591601638,1.844641459993893,-1.013425253054356,8.724041240382945,1,0.6340264691881216,train
-0.9025742985910739,-0.6363009837596039,-2.1471280579591747,0.14898309204945454,-2.1769802122392563,0,0.29389218604256573,test
-0.09889620295784765,0.1836263320416677,1.3200713671555455,-0.6919125375190109,7.841152193401839,0,0.6338875959027587,train
2.0606363678290007,-0.9451801520825839,-2.050474221202708,-0.015256320778259787,6.984107100327685,0,0.5749363395930277,train
-1.0060445436715355,0.06087633305523552,-1.4869254701035544,-1.983539834785483,-3.8298168007902387,1,0.2057265578150035,test
-0.6426537157983345,0.3647714509992884,1.12547905942602,1.6751012937131229,5.012424114905177,1,0.5232191818377603,train
-2.6087200725539748,1.2628686418935897,0.45667294980188755,0.632122106579118,-9.318722170774906,0,0.06627660482387752,train
0.2535898639614079,-0.43395494104628285,-0.30492540344576113,0.5962013478068222,4.26986335604786,0,0.44949434450807946,train
-0.5568947900403618,0.07885509911917626,1.4792004669007444,-0.09859022156390468,4.636977368957046,1,0.5295080980544988,train
-1.2378539658692662,0.09003031582264358,0.6519805468347135,-0.6261568230192321,-0.19536964291236814,1,0.36554125832438167,train
-0.5214610390890715,0.2244769267415846,1.7846851014822285,0.011610250326626204,1.4996452909948044,1,0.509630446415339,train
-0.5147938118748973,-0.6615168647331788,2.3014670581088206,-0.42820535416853023,2.8704007284656647,1,0.40587217875580434,train
-1.292489379822059,-1.1243373687633635,-2.698265631598666,-0.9058374089592546,0.5293932641573977,0,0.36164313381521,train
0.6446894449367725,1.1180098314681368,-0.9567604661860214,0.5892274850699506,6.650217386429908,1,0.6359074107227021,train
-0.4346311502117456,0.6442559452857014,0.5741028992490569,1.7041642127443544,4.463832625118661,0,0.53371042389714,train
0.5313289565947431,1.0733820878260765,1.8542282986152694,-0.346765722685797,12.05502635727891,0,0.7937642555468027,train
-0.09463996690894001,0.7469075221553767,-2.4027078685130165,0.13438442725864888,4.920840637765146,1,0.5259567560782649,test
-0.32752058196272615,1.9011073909066483,-1.21863708313397,0.06990016948561464,4.5200940467564985,0,0.36950287689418665,test
-0.8773195173660137,1.010765427585531,2.793372724511647,-0.5807991353087452,0.5279715592896345,0,0.26495429619138633,train
0.1292318469452607,0.8734414938151758,-2.2635923712509642,1.1759673074821024,6.963642608194227,1,0.5703793291136279,test
-1.0538614392850123,1.3713729012490474,-1.8858329137323884,0.4625229165468386,-1.0672530708739378,0,0.20260576793602653,train
1.1482438914806001,0.7931700057593559,0.9983278102168613,0.4200762986229918,16.398167356150324,1,0.8867143972048576,test
0.2558542542705,1.3032776773911423,-2.1748818328850312,1.042916636822724,6.94525289218738,1,0.6295927987655073,test
-0.7900852713513591,0.35284539384052444,-2.8698555449069714,-1.0898058919912395,2.898811807833087,1,0.4250198678920766,train
2.060255792125051,-0.8653042882359243,1.975518702899894,-0.5213099848546808,10.457754509372403,1,0.7270473958405705,test
0.03365040917426046,-0.6236219522745844,1.2288319716782201,-0.6695871524022877,5.482633450049582,1,0.6035134328496133,train
0.7427628539568262,1.229361970624149,0.25354261939031897,0.7051032774025393,14.438737846891733,0,0.8163465681073193,test
-0.060005227645704665,-1.714304240924093,2.5618529738975244,-0.1931756391780063,2.099596229053647,1,0.3484736212711153,train
-1.6349222352303951,0.5295365867042846,2.9969754531804407,0.5979617033282032,-2.4107721069550423,0,0.13290952898200326,train
0.9265177312928852,-1.9054607833970538,1.643501812080121,0.8035433590243117,6.213688813029547,1,0.4917725064713766,train
-0.23991355927594277,0.12338269797963276,1.7834042667169623,0.4048309980882272,7.049048336282295,0,0.5658553047466139,train
0.2589058836085816,0.18968945743099647,2.3599480448184353,0.38621578603017787,3.8582116271711473,1,0.5789800550645378,test
-1.6471554608815058,0.912510064156807,1.7468114472840153,-1.2824189822776548,-1.5064206063341237,0,0.23714776729677545,train
-1.1278862185299994,0.5865805640472611,0.4728369077304784,1.1375378308851491,4.1703854958485085,0,0.3459839782016115,test
0.22957557334613116,0.33156016775390235,1.6388096638238743,0.07884423111655275,12.3230215037023,1,0.6908135416702115,train
0.07500015601821508,-0.13747364260576142,0.5510061250227416,-0.3620559133713146,5.9941854129576235,0,0.598183645998523,train
-1.463579078925111,0.34504126779019506,-2.8064971325838934,-0.8122429719794155,-0.24910277692919558,0,0.27609765742071407,train
-0.7601697544183678,-0.15695591041802298,2.473789645624791,0.25752008378660013,0.21467985535495537,0,0.34440670146689895,train
1.5610643763949492,0.6129676791871485,1.899602491633284,-0.6836282820493903,18.754707508654857,1,0.8953350254446032,train
-1.1482885052120382,1.0148186612687446,0.4791829001073209,-1.271516096695103,0.5698937908464353,0,0.3272805855845938,train
0.7425092841447879,-0.0019190025956492014,-0.18215534875438077,-1.073017422861837,8.814896254822088,1,0.6084091754881922,train
-0.39046949667333297,-1.3557970382747042,2.6177348497576114,0.4143102522052986,-0.6561552072662507,0,0.3421053064955578,train
0.40569958856850036,0.5449731305203779,0.46159134358634324,-0.5693420054706311,8.885744747511895,0,0.7100285370580046,train
-1.2409901064018112,0.17762120003028253,0.5765097793893874,-0.3298986636219959,3.081961878141567,0,0.3517891285198468,train
-0.26664747594635907,-1.2519386897195088,-1.6597654640304023,0.9408703553066957,-2.964933962587103,1,0.280659725578785,train
-0.5123871039252434,-2.0630552715881176,2.084995233675941,-0.274873582920458,4.253063737745791,0,0.4128349726323142,test
-0.2140037767511736,0.056110394051528706,1.720644493993671,-1.778282599316715,9.41163578530444,1,0.5753272409178892,test
-0.6216646985098951,0.8797600440868553,0.22606177256059778,0.4196779215740788,3.6489114239026175,1,0.43125428250961356,train
0.6050952480247754,1.842099969466748,1.2252335019371543,-0.7992589272559187,17.842969806618186,1,0.8851051666155201,train
0.11685285028750005,-0.16206504311872916,-1.561461168331292,-1.035210231606283,-0.553271833205907,0,0.37872547434537424,train
-1.3686431125910337,-1.0854159318735455,-2.1985815524973518,2.595506238639958,-0.6281363139308997,0,0.2729637711650592,train
-1.033268191165849,1.4884487846188528,0.1429098767519772,1.0313113411326464,0.6710922973431183,0,0.29485331046355717,train
1.238014147272692,-0.8408580567152467,-1.7946338990233066,-0.48912377998682655,5.114341896986189,0,0.4716376362307749,train
-2.092978801789902,1.2660951692369284,-2.2014569525746457,1.1504888625070757,-8.819958631630529,0,0.07739374472260417,train
0.35254332213427614,0.14827370888356536,0.12971527038318298,1.8996185131836738,4.4611748456535505,0,0.6074776317093287,train
0.4945212227065002,0.3814423102144221,-0.5974408713893005,-1.9450220918169772,7.640311417727749,1,0.5395755770720204,train
0.5877620010855983,-2.3587658727334904,0.03590469062857604,0.5773230760328678,-0.10468146456973138,1,0.3200299446175109,test
0.30627351680608,1.5016119968429915,-0.4314268756643127,0.15653494549504546,8.337802655431572,1,0.6334163832837731,test
0.44452054638405747,-0.5470022257325461,1.416234866246965,-1.7280167936101338,5.179908263281128,0,0.6585947953419997,train
1.7304898262666906,1.7517966944973908,0.3947750053243233,-0.34621220937778546,20.941134442387515,1,0.9661840387085522,train
-1.223993924129071,0.1142356562236732,2.918478690542817,2.0172342528282927,-1.5101512261434695,1,0.20685462657805817,test
-1.7899022359448165,0.3281495146073161,-1.6082897484442424,-0.06956485543962626,-5.817402105495655,0,0.11354916166295989,train
2.272821726395796,-0.14302248668421327,-0.2843870599105873,0.17955708993261313,9.047041795638615,1,0.8021085858168946,train
0.3834719141392559,-0.9632709512727062,0.035247004225808176,1.586818154431524,6.284864704605656,1,0.47402378482430796,test
1.333564049692533,0.3418148380876568,2.990631458964163,-0.6928670348369869,13.686993812450666,1,0.7158758058972182,train
1.0584003476936787,-0.7658719409549299,0.45341428704302134,-0.33735922141811114,8.971888569524962,0,0.6483184712852386,train
2.4843477217051375,-2.102769468871599,-2.3537033685925746,-0.8097513995137126,-0.5610186812657971,0,0.3161982302343139,train
1.623541089371591,0.0897631201385604,-0.5740561930751626,2.745024187280082,7.83571195365653,1,0.7222846688226771,train
-0.9432508338080359,-0.3694098998834298,-0.5466424663564138,-0.11598031205371807,0.7498641564998569,0,0.2496004924793782,train
2.1102792482615373,-1.4949875896666491,-1.099886815678295,1.2650942569337744,1.7262607969396044,0,0.35238708985987577,train
-0.4398322962941424,-1.6500995502900448,1.0818549491946712,1.6836184483525285,4.993019207373565,0,0.5078311256352488,train
0.46628945797959037,-0.5599783875340147,-1.2852833229367826,0.3954520683706415,3.220109290057528,0,0.3796912630930784,train
-1.0967532061361953,-0.1649467493427713,2.7148997951675558,-2.038684534465719,1.70225276940878,0,0.2562865888542335,train
-0.801947259386339,-0.7774079857774713,0.41958734119425145,0.9722347785295128,2.725935325528141,0,0.42266555585576787,test
-1.1247517073312512,-2.4006661298047995,-2.9033763219246778,0.5478076478215135,4.110531861152468,1,0.4538470584164091,train
0.484659132997644,-1.2325699719520735,0.3398553703992997,-0.35860291600766436,6.2891804597590255,0,0.5078875905787574,train
-0.18771849818530154,-0.17146514202931828,2.097420220182232,0.9790245380092648,7.290491721516675,1,0.5122049848780733,train
-0.46663907009506583,-1.16167058359371,-0.8268042137142664,-0.7410714640099901,0.9202337396580231,0,0.2655106538552979,train
1.0269808338367037,0.502921099268719,-2.7840527662646553,-0.7496350974389753,12.681026923525295,1,0.8061863605899213,train
1.2759564926035944,0.36767345702821164,2.4410763556188035,0.5696916505858466,10.316126625139582,1,0.7812485662431501,train
1.029758815873378,-1.02351951449904,-0.13424396705712294,0.2135749798653533,1.6833936084560506,0,0.49694514679733565,test
-0.07087762314768797,0.06656744914932475,-1.151490399460665,-0.2059295916856248,2.3102539838771854,0,0.3477566863745276,train
1.6474491141908942,0.21974789756845578,-1.690871163158311,-0.4096079160050785,10.5778503012384,1,0.7351400398807334,train
-0.05582197001053995,0.10969081745724739,0.9365649230683668,-0.264946200821067,6.049326445971801,1,0.6307745495193415,train
0.10240681577040606,1.2656200516038074,-2.045027062849342,0.40644996684574325,7.089928551417234,1,0.5565536849144953,test
-0.6719061733447995,-0.47219867660218373,0.4991321282705776,1.860040453851241,5.235883290285326,1,0.4527265877213111,train
1.122611945821912,-0.6842362869848951,-2.7496653566376716,0.4145894005512658,8.46672631837,1,0.6507892709650701,train
-1.0769363962644092,1.8916105379277162,0.014801119184227218,-0.4836352360059953,-1.7312063696668183,0,0.2533075304421086,train
0.3421092841378396,-0.3348072078731039,2.8345694486422524,0.5562349593510312,5.238085793601215,0,0.4544130610735192,train
1.3529287672410217,2.2470119907699364,-2.392372165097859,0.0923113662138613,16.77500699945604,1,0.9477078939105277,train
0.18722040018140665,0.34727340944266166,0.4730255537160648,0.06389409519542927,8.45423468089303,0,0.6482852641336186,test
1.2034573011025806,-1.5131640944286424,-0.18846479849812514,0.32727447275098936,-1.1984945617056155,0,0.41048988690164034,train
1.4540435284904811,-2.003366186827884,2.9375646158061697,2.225482346991143,2.6605184383373315,0,0.27592822217702395,train
-1.627666194859664,0.31114722533443184,1.8309753575226564,-0.20244166722892853,2.8656670617664526,1,0.2723165885491887,train
0.7200031206307643,-1.1271388128436528,-1.7363207281289472,-1.6508016345727934,3.9627539185213885,1,0.36717744835631805,test
-0.8072840971543405,0.6807262364664557,-1.2804373171006544,-0.47799519906678917,-3.4872995068832084,1,0.22451217322926834,test
0.19492784488473777,0.5337499611640459,2.5754723429419792,-2.47762453991483,3.289727937729916,0,0.5565268175912685,train
-1.5970468562334885,-0.3568802241761193,1.2451780764295375,-1.3556606787953631,1.358720034453659,1,0.3656861992078738,train
-0.8683174704184492,0.01576742339478052,-1.9708302611084951,1.135860363998057,-0.6581497021208419,1,0.2671839763873699,train
-0.6841680244933456,-0.4975957011006196,-2.385461168870842,0.47188903094219437,2.535434046776936,1,0.35948599729150527,train
-0.38724456337291563,-2.0888395573835847,-1.5187224691241272,1.1689194628546882,-0.43770215139493107,0,0.2410086038094698,train
0.30114534103068635,1.597295162725554,-1.4354103435846786,0.41778581357120054,7.940665832602915,1,0.5815249529523133,train
1.809557084305482,-0.5738563510810432,0.8251051299543768,0.4587423280513247,10.85713660387722,0,0.7955876864704308,test
-0.3226868118279567,0.012574511963844619,2.715924530456298,-0.5345281039943315,-0.5668094335887268,0,0.3826531299167998,train
1.172430337752744,-0.1972015344850034,1.2791176436178775,1.0628371869220756,12.24310832150492,1,0.7950385037470372,train
-0.6902207787155605,0.5073218159228556,-1.5254495696682047,1.0465888699362618,2.5308449157097956,0,0.2547236772983962,train
-0.6342375901378898,-0.9680395442358899,0.6668626362655394,0.20431655705676344,3.544109304854783,1,0.4759008410294022,train
1.9126113188913596,0.35698715358712224,2.242485511898426,3.0717093279726515,14.508373473545964,1,0.8813104307918445,train
1.426418694229807,0.7196146439985018,-0.352492993527469,-0.4882092681996295,12.558822824591278,0,0.8133410609225893,train
1.6032714431758255,-1.8461987886755211,1.4659766990203922,-0.6312138624095037,5.8554016762893415,1,0.5264913212564001,train
0.6194256624691629,-0.45701753340887386,-0.1909542299450382,-1.5851962069695449,6.013138229241644,0,0.523149507204492,train
-0.9709391607595724,0.5927871119482448,0.44487204159444893,-0.9401593416143725,3.685340871759321,0,0.37859165288089697,train
0.43543807953177144,0.030064000736938396,0.85378200097264,1.0537269766627495,8.424585952437088,1,0.7069239691747923,train
0.01240358713019136,-0.44612501527375836,0.10471500440842219,1.7136636512435721,5.16077860255105,1,0.48818671242389555,train
-0.1528122514109999,0.2493497160578554,1.8729993903631907,0.09138985852461798,5.136514386367337,0,0.5787585655546102,train
-0.19937895437970293,0.09558889451968453,0.4302808085319092,-0.00311007487436923,6.140705861305323,1,0.5432288883315862,train
-1.8916088667953024,-1.1302450322574398,-1.8732682462341288,-0.8261310171485085,2.162030847046826,0,0.20341563220614486,train
-0.40295204755044434,0.7976872982504766,-2.144735881468047,0.0845281888588232,2.3813880739174866,0,0.39768054341738246,train
-2.721139802514794,-1.1403681121059026,-1.5948442895761474,0.8404773331465495,-7.965489281316349,0,0.14497036127453183,train
-1.9807917637270993,-0.625628227852209,-2.7707581837266684,-0.5609904132599722,-2.761725276469979,1,0.2698698768402194,train
-1.9690580958258366,0.0640519722190269,-2.0682108269591866,0.17507227017139518,-5.891233097505196,0,0.1371864959619697,train
-0.6799976855297227,1.3909250703799696,1.094492055946752,0.4554836971511812,6.527778661107578,1,0.5208493373735561,train
-0.21733411661277965,-0.02008370650436127,2.9098147720461824,-0.2921928266899822,-0.6627034296548118,0,0.3703420042284723,test
0.1514668300143535,1.1573656425767955,-1.6507329062641283,1.4794491677893542,6.361385947756949,0,0.507761707573644,train
-0.6370098902851878,0.28186395479023335,1.453282706282029,-1.8681036998315865,4.850220207345958,1,0.5170657124453476,train
-1.0653909337096477,-0.09731071756046072,1.4651945754659694,0.08712015779788632,3.7480024065189377,1,0.43250348817786893,train
0.11764649792185713,0.4821129938612035,-1.1915401783361834,-0.9472901332285115,2.7408014538159673,1,0.41685248513043927,train
0.05619610655554176,0.8172833908444105,-0.6107634885496163,0.5122202012149326,3.9516596597184215,1,0.469886252900068,test
-1.487734032757257,-0.3858599129251146,-2.7667454302793115,0.5059489667779737,2.027397113070669,0,0.3097409250506284,train
-1.2085075813062747,1.8218973113628927,-0.7190644850866619,1.4814045523487847,-3.1925502261746765,0,0.1474195357417594,train
-0.7952779373859434,1.099172548098537,-2.8544416997521216,0.9096624975451619,6.860846813383158,0,0.4182030648787501,train
-0.5087883458739567,-1.2586139208783926,0.37204252916602254,1.5848834147777338,1.9338718694645662,0,0.43823164350907146,train
0.1493851631576359,-0.9087723174355804,1.2035449071217617,-1.002147926170254,6.565091541240539,0,0.5943929949980309,train
-0.8049050051843382,0.40145916499689216,1.4567219270723104,0.5354121800313106,5.975864195084808,0,0.47860903847603964,train
0.8713072729825498,0.10323303374854205,-0.29721139970765575,0.8957894084332536,9.15210013310109,0,0.6282883872742646,train
-0.09148837359666713,0.916955547850168,2.7444065008913823,1.451412986105679,1.7293568148970548,1,0.4796099332963367,train
1.6150058484210867,1.5017391375562166,-0.6197353397593885,1.0192380744507414,18.879644976095165,1,0.903401939833127,train
-1.4181792265266226,-1.1680608047484915,-0.3903632074659975,0.06868475805429945,-0.38335135475382615,0,0.25024462176626583,test
1.3045452055504305,0.02256993156136795,-1.3020282817983078,1.1401601066580114,9.570470935204764,0,0.6118029715059901,train
2.313013397593876,1.3490497108327162,-1.2320915462537771,-0.15952551022402078,19.073155661791315,1,0.9452201469061849,train
-0.31597508050666256,1.078814079069917,-1.7917843669409392,-0.5187268892661617,2.2341513501566386,0,0.37862930888472923,test
0.04284940570220111,-0.32262116891651604,-0.5502213260776072,-0.19181813982883966,2.8724757356464496,0,0.3877887023880505,train
0.49965670926450084,-1.4286565677174026,1.326381608927333,-0.7706389920250518,4.04788270153269,0,0.5671367182581875,train
-0.2122343651739318,-0.6979466923380757,1.2476020249723394,-0.06213495263816951,3.81668739696544,0,0.5673195883363499,train
1.8865613131395014,0.4410851658167726,-2.445567539280409,-0.40810128401778706,13.191658524972064,1,0.8762960364946062,train
0.8621416462042019,-1.0213706080682625,1.9492035473453369,0.33866078986506964,3.4514975181963323,1,0.589902496640775,train
0.39499933512126917,-0.19775609623597115,1.592088585782741,1.0089072907117373,3.9779496209408327,1,0.6759948817911756,test
0.2587699985191127,-0.6858188273837175,-0.8508022518348741,-0.4480984124702984,6.200399203244787,1,0.3546726279235558,train
-0.0892979244081112,-1.703515047105427,-0.9795897390330834,0.5840199686959635,-2.56890229696444,1,0.25369063279615,train
-1.7108109988408395,-0.38089720218783824,-0.18970077350678105,1.4209823419614205,-2.9254414601375425,0,0.20627409284871356,train
0.3404890970316853,-1.574368799133085,-0.7100187692991007,-1.2882973913271714,-0.8556269618896377,1,0.29314868317449416,test
-0.18702597537652024,0.8908738233958702,-2.046571631867045,0.10029641941721255,4.912001004297709,0,0.4437575079192229,test
0.711417254502576,1.1163387822181516,-2.3376498453482446,-0.36084371398124754,10.910833031382777,1,0.7569529909236579,test
-0.8837968241256614,2.104474334155536,2.326974306630569,-1.0276004617030658,1.0526215009362225,1,0.3230449024910575,train
0.5560438119104575,-1.3358475837284214,2.9541290420493205,0.17546062267628063,0.434815925452096,0,0.34730685921872956,train
-2.047776871552006,-1.4510025509517852,-2.222713060705636,0.0780778153106069,0.8857493801021398,0,0.2651386385879944,test
-0.6845417855408711,0.22598749892664902,1.1193551131349393,0.1419362444588589,3.228308057340346,1,0.5124826588019388,train
-0.7090868353301745,0.675731859924271,2.160189440749111,3.569265035494515,4.396911281621037,0,0.41173673848043246,train
-1.1618182418229712,-1.411839885983249,-2.090458914131323,0.5743687858909692,1.557897581482622,1,0.2828929797903011,train
0.8328699752922349,-2.5594484258694594,2.9367592505158777,1.2329272499424624,-1.379479294923192,0,0.2126187739562396,train
0.8379877322914249,-0.5537342064743888,-2.116243296317262,0.1750460620376658,3.0937642477096023,0,0.5213125071235636,test
0.1339720243102042,-0.9727677424562701,-0.07238115602531536,-0.09002158789650098,5.305437586816428,0,0.4276960770878479,train
-0.46998602072075646,0.888557955449822,2.721455277962318,-1.443914083542676,3.823694633244348,1,0.37699698379490904,train
-0.7044083684427943,-0.1351539323963868,-1.6875214822746571,1.8373134586148843,0.9269753257783258,0,0.2615866938308249,train
1.8890010311610017,-0.30587287507147504,-1.9340529745532042,0.6743271906220736,9.506542777602785,0,0.6937621992817476,train
0.2312526897029188,0.06259715771492712,0.5899905266069467,0.17261819404730766,11.157400811771334,0,0.6482507604182894,train
1.9043794617593301,-1.172382605516414,2.924986172365811,-0.11953314737631072,4.005709170333233,1,0.47718541445717166,train
1.5266932813732064,0.7151894382216529,0.8060094956430319,-0.8446763439670046,18.171701052300733,1,0.9126291087426742,train
-1.1784170636257705,-1.5670631973330562,2.001118513795479,1.652454062483408,1.5670154407720311,1,0.41036938371466963,train
-0.263341351267937,-0.18918733316069605,-1.3134609888788444,0.4446337255195153,1.9456809107128177,0,0.3036117843854116,train
0.6488251118829739,-0.10257255563629632,1.9591598117786555,-0.322486345664979,9.299416274886742,0,0.6857098682114051,train
1.1423008427787296,-0.27554311709989615,1.7587471369561367,-0.7811127728278819,9.357525179556138,0,0.7565694489198966,train
0.35747976605013987,-0.007406787170923,-0.17101058396791258,1.849945664732784,7.852697969086206,1,0.5360248815603463,train
-1.1051467046729821,0.1914482411029223,-2.5496353523678668,0.6398613265005619,-0.2396446493625104,0,0.3106822081062616,test
0.4253182331444406,0.19324090495540888,-2.8705150360317666,-0.3310219615760828,9.115434395298884,0,0.6787141296172113,train
-0.7206688092063691,0.12747805650814362,1.9052417219431232,-1.8104126490619312,5.806638420590238,1,0.44902935109830566,test
0.027738726067207113,-0.5795561719186589,-0.8224735943070192,-1.4506050129956352,0.417570552245611,1,0.337314560739689,test
-0.5989042785450902,-0.1534992485483691,1.7937490324763665,0.5866683467832327,1.3188682544661008,0,0.4859191324899614,test
0.00020486347837799567,0.12990698429688294,2.7435594778268637,-1.6508809947453842,5.750383068560401,0,0.4482140526976062,test
0.16999614949692574,1.5135683352362301,-2.5820531829304083,-0.0867722015811961,7.854633130849047,1,0.6906043058660941,train
-0.12865774316375156,-0.5506906042335497,2.0741563764729287,-0.05003930256999668,4.824986819122332,1,0.5037221631267181,test
-0.33468824001399233,1.745568165849743,0.28220986689373984,1.3767435427992811,7.044673767705737,1,0.5572053143353036,train
-0.8320506456260417,1.1110916724340543,-0.032307623270793506,-2.051670607242166,1.137287686066531,0,0.32791950142042664,train
1.3615355843980843,1.9245733669767877,2.9705085482332123,-0.9551373499821822,17.532203552593096,1,0.9067101798349689,train
0.10601116434488217,2.093219645693395,0.6266562545009862,0.7301090710716215,8.927581286535503,1,0.7707324329704345,train
0.6567849785972003,-0.15285170036235676,-1.0892269477982761,0.3782609679830833,3.657988829223739,1,0.46157144081595597,train
0.1106448809686455,1.144564747913844,0.2515531255347363,1.156041818940596,8.57835136604088,0,0.6592143425524326,train
-0.2944274032382209,-0.6298766650439546,-2.2610276292020233,-0.46299636190930776,-0.19545055578924408,0,0.38561920868029764,train
1.1793777120448334,-0.03445079774823085,-1.369276346752146,2.2231384260060163,7.9813950125698705,1,0.579499859741113,train
0.3853356107394031,-0.7550265767069032,0.21986395266637349,0.16128219663523496,3.1977405567427093,0,0.5321498804739972,test
0.6609912595767056,1.1804343084037379,2.369001771576272,1.0210973879609297,11.102206397521142,1,0.7697082421350796,train
-0.6119962871505702,-1.3582606962140595,0.1180578382329891,-0.07410409307450122,4.016794711758658,0,0.3851542339433922,train
-0.28524462956837426,-1.1952874697796816,2.8131351832417906,0.8957503227366719,-1.4854051219830253,0,0.3238472153877167,train
1.214336764631467,0.39838816721146925,-0.4862275125194584,0.22555001037531094,10.192056742615682,1,0.7129888093110786,train
-0.5321515628754515,0.00652784404903753,1.5435422346646677,-0.570048778820844,5.066145693889921,0,0.528287774690126,train
-1.0154322817572108,-0.34022056109759197,0.8480215080408269,-0.36259126618666515,6.732547403248155,0,0.44031593988871326,train
0.27759200771992054,1.3966829254951834,-1.375849716113132,-0.2857101600554792,7.535730892551979,0,0.5506262906505744,train
0.3847668740854896,-1.4007783075453217,1.7796363881869341,0.6530465361079625,5.705109210043206,0,0.5271130218548739,test
0.695169860408403,-0.5079307381407443,-0.7244489822119773,0.19502313811339692,3.606893761364427,0,0.4447232978020412,test
-0.7387568019021059,1.7145602165741523,1.6033321509540466,0.38111197762239535,4.8847588121594585,1,0.4842653365956497,test
0.35173710670877995,-0.12825787216120432,-0.32703134596042016,-0.8895569677934163,6.373382493791295,1,0.49361073724452526,train
0.4060799399128207,-1.411766248157705,2.931714804866542,-0.5111718929022336,-0.07059849248895067,0,0.33376711120858366,test
-4.192089059863118,1.245732689069984,0.8786416563040453,0.05209334819907234,-16.937684539935102,0,0.011597526744012378,test
-0.08848252492050115,0.12327733538740243,0.8266548817040187,0.02240368323744561,8.358156180743167,1,0.6171202975387955,test
-1.7865622740378297,-0.8435053392372063,-2.174579729439021,-1.1961577334633835,-1.2117751099429956,0,0.22341871453834483,train
-0.03419955620347594,-0.746004868913011,-0.3886469400723582,0.9874350257173689,3.847961311008676,0,0.371638636428315,train
1.332448393393994,-0.18442774470720513,1.2304611698589412,0.54210965243646,10.928527506427695,1,0.8148125848762913,train
0.29469010848137933,1.0275589175853364,1.929373284147868,1.2699016670685053,11.122771113938121,0,0.7307853528986795,train
0.9614789605365897,-1.8552000784720148,2.658963226514297,-1.0206218171777555,1.8570569681498243,1,0.33674524338265066,train
-0.8545192923942736,1.163710533225106,-0.7224260238215621,0.27522929137667806,1.0456947247585915,0,0.23182500321498836,train
-1.038423654680907,-0.7017638248230926,-1.6042846017653805,-0.9614413113295964,-2.686613963958294,0,0.2222581513022036,train
1.1150188167973614,-1.636964093486702,-1.7348020672806488,-0.4339781894735376,0.4742899228556866,1,0.3136420172955489,test
-0.659219276690024,-0.11726500040185035,2.7529263657005068,0.0008751439435409922,1.6041676563012555,0,0.3154102619801455,train
1.1238215836637262,1.2479688074257567,-2.7203890571405935,1.8742609701058268,15.74589504800752,0,0.8833826001863562,train
-0.9118697916990565,1.3916374545426142,-2.0403847830511808,-0.33614401529112453,-0.6971826833341025,1,0.2525435803798571,test
-0.9096458158967783,-2.1582211842610963,-2.8701273691336517,0.7678911555908737,4.9294355283493285,1,0.4365796233434258,test
1.4871756372380607,-0.17497182157636865,2.771524626110631,0.5351414253194456,8.677720161186066,1,0.678947613842228,test
0.9755771103090841,-0.06284465783761468,1.3345508365956418,-0.22648112516936728,13.253272142467907,1,0.7861396693731709,test
-0.2835727554320794,0.8123075318970369,-0.3296210041509644,-0.627105509201572,5.317210070219605,1,0.4201518575900663,train
0.9424133281874976,-0.8108779030637352,-0.5011976493500767,1.0025905860394166,1.731841361476227,0,0.46024119929422785,test
-1.583384746600616,2.198236319362821,-0.9895015792741138,-0.5228455909060011,-6.231638311044686,0,0.07360850405871742,train
-0.8440387281816898,-1.0533378349494513,-1.568539849343596,-0.39904848079760713,0.36112445949189653,0,0.23987623065472857,train
1.82556304845395,-0.37717262492796827,2.571466657132654,1.065227324923917,9.490630906543108,1,0.7173714342530386,train
0.17526402181711676,-1.1318433128986753,-0.6490252943758685,1.1373012549232293,4.272634952412496,1,0.32799121795436326,train
1.454975239414171,-2.3802402505897597,2.859777216091275,0.16123963093186236,-1.6207761764121573,1,0.22392412558636296,test
-0.9050251658417613,1.1495948570118486,-2.6118294745867683,-0.979058178729403,3.157397759576213,1,0.3460476641160896,train
-0.5405773127188899,-1.6854008157263414,0.26392771328088305,0.30861534139146174,3.6214699744833023,0,0.4089064146448106,train
2.982571132812285,-0.5831236497812721,-0.06449851422475339,-0.8768414123007096,11.120569562490228,1,0.8077619255108835,train
0.3317990403253415,0.8060711329238706,2.8040729316316586,-0.06103545896255833,4.785845587293585,0,0.5782154802640984,train
-0.5559640186605699,-0.3437149812543124,-1.0293148510108237,-0.6328929090023644,1.1392887973713888,0,0.2612071600150551,train
-0.33458784054179214,-1.5880733894379937,1.38939017429335,0.6433587613167995,1.9325842695707443,0,0.5118992129665731,train
-0.33451704043212643,0.03673321398043507,-2.5824787916788075,0.14141473687839426,3.219597556212112,0,0.4665241628802254,train
1.3523837113195707,-1.112531023299329,2.605607392653428,0.7865818333115752,3.6113937775432623,1,0.4992530304974574,train
0.5553515414110828,0.4076607586450362,-0.10259693638782519,0.8226229887251872,9.37339002312093,1,0.6372913094621832,train
0.37886344931012655,0.36474337693097875,2.84636873914104,-0.05365901123635455,6.1404044296638665,1,0.5358623778493964,test
-1.2408211140165113,-1.7449966572425664,-2.163013092799265,1.0638747962108432,1.7084529833896616,0,0.30311311646380623,train
0.45850102665437154,0.49533109877849707,0.3406598054458394,-1.8820565337495054,9.21687210045056,1,0.6994128881623446,test
-1.3522730107919052,-0.6590950342244766,-0.7631281412236977,-0.8508939885334837,-3.5828998204330933,0,0.1973221354478182,train
-0.693038959981177,-1.0360397237478147,0.7305085284720607,1.904199114021867,2.773900517769325,0,0.47705349198257535,train
1.0906301281920538,-2.056344337542861,1.5759324445901646,-0.9132038447448775,3.571439448773489,0,0.4724974502891688,test
0.9125577310611108,2.397812678490575,0.42037383925033245,-1.1054338589447101,19.749948214586766,1,0.9299412890364748,train
-0.015719330005376595,-0.2916989859650136,2.5289694690435347,-0.7809720305824734,4.3793449002399925,0,0.45372979674796043,test
-0.8706090855583957,-1.8438758974600713,1.343556014327853,1.0054446899840435,4.793722682775944,0,0.49503936643515273,train
-0.2503560132527137,-0.8802500696987311,-1.14928243308241,-0.84000871056696,0.41157518894064765,0,0.27681417029011285,test
0.0361542663520317,0.24710322919305985,1.2157589524076453,0.42886676896833736,8.75472262689091,0,0.6660911179036983,train
0.547353606154448,0.5021811697304941,-0.2924499394866684,-0.019794561532854287,9.049642825334,1,0.6139460308872947,train
-2.1284441650276853,-0.7906946730965023,0.8736371862614609,-0.4628496572403732,2.522532485152301,0,0.32892025930890306,train
-0.11369126111029602,1.2372059296657607,0.27236352041416856,-0.8543137285050351,4.961585449093058,0,0.60368996137711,train
-0.642470150778603,-0.21495168534010023,-2.373372050640752,-0.11712502299788134,2.693931116883405,1,0.3657954878977388,train
-1.422458619184034,0.1299705983520326,-2.857936587393624,1.1538997448637562,-0.40569191489467515,0,0.3024989843044226,train
-0.09363683589545405,0.6767859247349831,-2.8750630935212906,1.7563306124835996,5.827145011782744,1,0.605473486542386,test
0.6859599564408713,1.6747973104598426,2.830270094664943,0.189645206601472,12.893264146445285,1,0.7646709389870615,train
-0.10574602301362059,1.3129356148311884,-1.4307000838613648,-1.163170421694381,5.550487399654842,0,0.4209329785160003,train
-0.2578908665075164,-0.8441741882122902,-2.024543844328808,-1.2294772009378523,-0.6427727716521963,0,0.3414927105824503,test
0.6362848989507246,0.6250991561351482,-0.023745807172374622,1.3018323363277193,12.83378757142777,1,0.693971254973156,train
-0.9648989470078638,-0.0631370236915895,-2.0519396538286006,-1.1640711443199343,0.6474733281993024,1,0.2640368509910892,train
-2.3897314857968888,1.2770356062772856,-1.8676694069281656,-2.2148615784737613,-8.63790530388417,0,0.04355883782705775,train
-0.1044571867834522,0.39371182709545527,-1.46474353740715,1.7059134361805384,2.1391024194966626,0,0.36763364545082505,train
0.6560112305448035,0.1919164337652922,-1.4720778505805885,1.3096040043052972,7.453631300648956,0,0.5157693564709838,test
0.444870543709073,0.4721399337541725,0.6344284466635379,-1.6082148727702086,9.018357230292574,1,0.7311529636160299,train
1.2542912773457575,-1.10805830716854,-0.21072825771935477,0.32512973996503897,2.7083471269851014,0,0.487565168581045,train
-1.7770245016810378,0.4235367101107876,-1.4473156996840832,-0.8980375792999952,-6.651524276509724,0,0.10608597847699794,train
0.11147751583388125,-0.10553215323835406,-2.2991407329559554,1.8561209234618772,4.661791993712371,0,0.4897201420275159,test
-0.5011951171909451,0.1521689550695083,0.4803909935965658,0.12424227675905948,6.20850752296604,1,0.49056945057327717,train
2.2391545444682834,-0.6132270946708506,-1.1274221323778841,-0.8053198518411245,6.380216177848837,0,0.6105877138508446,test
0.02057971235856253,0.35348424774876924,2.4986719098118924,2.3059913495851863,5.03426885509378,1,0.5142625880646451,test
-0.5746607184474075,0.03982746356364332,1.4379606468413222,0.9479566208088884,5.387332236145529,0,0.5277389917813479,train
0.00569642740726059,1.486810410849191,1.6933782195555853,-0.7331916091259487,8.476774824705831,1,0.7147138538960164,train
-1.0323228758761092,-0.006985204902029378,-0.17050058504163346,-1.2055739425376042,0.6073169571764403,0,0.2802619110144222,train
0.44739781532596506,-0.40011969441366524,-0.06997611190178166,-1.673003441114595,6.315964456666595,0,0.5265758630752799,train
-0.9548174189565702,1.6113235681127904,-1.8030700004322686,0.43342116914943657,-3.954711436018168,0,0.21334909954801248,train
-0.5278485012658771,1.4251296299846592,2.21272856005117,0.34962328746186827,0.23270255907367066,1,0.46521977032238676,test
0.259308124015638,0.1948031505231839,-2.8582253651986083,-1.1145157319607721,7.223023084857621,1,0.645106575268569,test
0.2653858607838862,-0.3280552649685368,-2.851898428684355,0.5340746060303165,8.174574601485773,0,0.5963326031391104,test
-1.2145002919747492,-0.5624729838438198,0.915041015072318,1.6684260485139857,5.777738550857037,1,0.42361109933856705,test
-0.3385452858891027,-1.122869350012205,1.8482111176619522,0.7488758109153442,6.211130602815627,0,0.4865073423782566,test
1.650464686842968,0.09116389726951245,1.3332947573540057,-1.2901337516726703,17.18852912964047,1,0.8766142876571732,train
0.7308082832529773,-0.7178954203126864,-2.427011120717756,-0.22160605337499628,7.2126175433806425,1,0.5402043170376408,train
0.406656015086016,-1.8236201410197528,-1.0815432724689888,0.345001071886665,0.19346786233920676,0,0.25092110809429596,train
0.8363082956772656,0.5425053154644475,-2.523684540275629,-0.15940700987322773,11.704920220389404,0,0.7452599121185275,test
-0.7768255532918266,-0.16356937388096787,2.802213896505422,0.1167491806252154,-0.9366680822991384,1,0.29005755299122166,test
0.32057372320688293,-0.71538432651971,1.76477345689376,0.7493867873059181,6.3747410683188,0,0.5961155247683724,train
-1.8466609914741214,0.502067119386528,-2.085366401944122,-1.3582747789305745,-5.643896995654709,0,0.12826003953949522,train
-0.3190084583612008,-0.07449687726466983,0.2770584672962473,-1.4419398510053056,4.563517482496949,0,0.4852710844078472,train
-0.5760303326881693,-1.4257774264031824,-2.738599853614521,0.8965198393775524,7.768928672789194,1,0.4221758998148203,train
-0.20076514075084445,1.122441854513925,-0.7128791154675751,-1.0216721857766968,4.611823149885545,1,0.4036897888347652,train
-0.4713617087414965,-0.11380729254284251,-0.9560329155407556,0.7177605413068708,0.6226181700872312,0,0.28009905570877935,train
-0.6495224866543684,0.10467633405679642,0.7683001770516413,-0.3837023272828406,5.022037593076286,0,0.49647839191547477,train
-0.695078018486411,-1.1845012406694444,-1.3297956271776292,0.42503480292431783,-3.5087795152083108,0,0.23923096569795166,train
-0.5423978419138731,2.4393159862727103,-1.605999310303563,0.26050675459588807,1.3318236812085258,1,0.32239465243395504,train
1.2016270528906068,0.6305593763959995,-1.960073155715448,-1.5388981865789095,10.1704529249153,1,0.749240617596175,train
-0.8950587411091419,-0.8773567501468142,-2.9725506878685395,0.6033519308318444,2.7035827725291255,1,0.4336856257685188,train
-1.2342496823208104,1.55840216823284,-0.767443645662381,1.9674085073283338,-3.564832901419673,0,0.14621889202851132,train
-0.19113963841150566,-0.04945425187100399,-0.2249931851381337,-0.61249423348779,3.877350611785071,0,0.4171984041381447,train
0.15206454899058286,0.023572492601983776,1.83236407845496,1.976823230000665,7.866710009098026,0,0.6295274040454314,test
2.035521612322855,0.5025387125232672,0.1662017171946637,-0.0758632907217355,16.381965938487944,1,0.9065349624208475,test
0.18419818028458634,-0.08407201195617031,-1.7142344996934358,-0.4266779266199007,5.826651316211917,1,0.41197277557751955,test
-0.47808472402087193,-0.16358549475551007,-1.24685116206961,0.6876824939192993,-0.8852382011986126,0,0.2719140446157383,train
0.45886181281978655,-0.22413389698340092,-2.734881618083954,-1.784597085391143,3.969341006580912,1,0.6195425485804523,train
-0.9746568662612962,-0.3092059107294169,1.0918183206541503,-1.1915903484123607,5.1851133710549995,0,0.46025457769464145,train
0.1840754635535659,0.5578038913819134,-2.330326383270672,0.537183414284358,5.083814169279365,1,0.5695397944139626,train
-0.04780130151699263,0.2736644209781992,1.6472173506448886,0.04114959198703211,6.240250950723663,1,0.6295904743524188,train
-0.12915824151523198,-0.3677331128341607,-1.5531230367595827,0.9908049210256924,1.780361364262105,0,0.3261753878917498,test
0.01793951463726998,0.2128851856313309,-1.7424269533398087,0.8373380688049071,2.597036895947751,0,0.4066449355686603,train
-0.033209171074620215,-0.27244071464491193,0.5027434241444788,-0.5235695599002773,5.5713029935664276,1,0.5626940010278618,train
1.7924831230850595,-0.9346052833855156,-1.785484022739765,0.5389224118109882,7.348716379969622,0,0.5101135278388129,test
0.6748478691777582,-0.5903338167368098,2.920671276948477,-1.3814140988854977,3.8799830699219067,1,0.4594254555160363,train
2.2385142354701806,-0.3175483529738589,-2.620622764029423,0.7305934807712691,10.585096142888935,1,0.8230246703290799,train
0.25403235018394665,-1.4753445092016548,0.08949395179557484,-1.7795063146273,6.185849356160128,1,0.42134133807069996,train
0.3177121591244076,-1.1571969134481253,-2.189627559885073,-1.1535806019248716,5.232574681379917,1,0.39880121903109356,train
-0.4486335038863862,-0.04965844913262269,-1.124745100448212,0.7660158367958346,2.525103449676615,0,0.2793945197885698,test
-0.8451466959799115,-0.32499995588721625,-0.8135242229772821,0.8327178065992938,1.9868495067512293,1,0.23712225647814708,test
-0.10773407509684006,-1.0208844112750086,-2.3197215248875453,0.12344401148898684,1.3101384904949034,0,0.396615265902187,train
-1.5724598525014057,1.2683695670618618,-2.3724380581374094,-0.2278067327702045,-3.6359036738094317,0,0.15678344831895938,train
-0.4831109966133764,2.7262007845163305,0.8116110187450332,0.9400625197841522,9.999990646983555,1,0.6024061871797498,train
-0.8065961434681295,0.16006114906599042,-2.766657054881435,0.9645711497049843,1.4005496399674724,1,0.4057315205288423,train
-1.5074742397770904,-0.7718285768272259,-0.9415984100212524,-0.0728116915912516,-1.6531477257543392,0,0.18061146419512578,test
-0.6033961311916883,1.7914651990177868,2.1790032594968967,1.5801462189309172,3.499484013723753,1,0.45137404776533224,train
-1.6067229265014098,-0.815442269170987,1.9172300610690591,0.547913946676004,2.646583322948837,1,0.346371296516542,train
-1.683455387030283,-0.9718997824989408,1.322455573042311,2.2840756639109983,2.67730754559364,1,0.4044822181362419,train
1.859217557031351,1.2414906440253592,-1.244649413001099,-0.29206400668989624,17.198919952279056,1,0.8948457046598005,test
0.5638367766374082,-0.6056454375157534,0.9060648638571869,0.7451526112060776,8.321118915655909,1,0.6618098001615477,test
-0.02453076618253168,0.499854622145706,-0.15740894769688873,0.7681510766764379,3.5619141098529656,1,0.5000196394277258,train
-0.6632668377192674,1.9327201521286592,-2.1326977396802373,1.2956433038214157,1.4577947683831631,0,0.3382331660687841,train
-1.003666203694496,-0.46754813860533767,-1.573430289372696,-0.2159555959277391,-4.793954295248196,0,0.2193619052137917,train
0.1272228078917412,0.7210731354149286,2.650777108983709,1.9525832085650252,3.6438019661789696,1,0.542013504475741,test
0.8276772717839698,2.013362006238846,-2.7906745404667097,-0.6262684700739904,17.696721530768833,1,0.8975272923560448,train
-0.4330521315518519,3.4706739547901817,-0.668858915622061,-0.37968951618846525,3.747261154712387,1,0.41055835438332533,train
0.37069155005945886,1.6434467878133445,-2.829208349875899,0.9000223843430096,10.616362261080324,0,0.7879282157807223,train
-0.4529661411035364,-2.6914851574549057,-0.623705583243324,1.366110128247196,-2.432940353557654,0,0.24966787757723546,train
-0.15911174835651012,-1.108137643045072,-0.30197986807047617,0.2671573759275123,3.893762746099423,1,0.3518304768959355,train
0.5928064787817049,1.317108479867618,-1.2351645689974247,-2.7732132280617536,6.398255805284323,0,0.6383599774888727,train
-1.9056601538920612,-0.3361981123097885,-2.6063598851492378,1.2499125886931546,-1.9812123811036422,0,0.2307591494583707,train
-0.652054768123721,-0.5129068728031226,-0.7875065359127618,0.7446316673297215,-2.2992634779058236,0,0.26141542558222053,train
-0.1619344185823252,0.826487106325951,-2.680238440451644,-0.7389910831018982,9.427138874102074,1,0.564230307815097,test
0.9871547601107732,-2.2084236806172592,2.0135116513186,0.07089116962179691,2.731976882668752,1,0.3917442064657569,train
0.14756245918761624,-1.0612135262965294,2.692788657678064,0.42504817226484487,3.1961469981764914,1,0.384939740088521,train
1.0964988459177754,1.6713836779959967,-1.0793018140422608,1.7770856090723728,13.516773013758367,0,0.8159972862295928,train
-0.9313372069638979,-0.34048504166963306,-2.590772620086378,0.8550450703465731,3.2287625014638883,0,0.35926971694601156,test
-1.9428940538128152,0.3251315116991066,-1.5142211945692141,-0.5593326288040547,-4.006541454582559,0,0.09749365375050055,train
-1.6231855285163594,-0.327940820665461,-1.8630964039110647,-0.37410623056731857,-2.6790275661716754,0,0.17444276134465028,train
-0.04270593585498502,0.34954194710873904,-0.5871110587420842,-1.1475931240381647,6.681135793086438,0,0.41408212223019875,test
0.9889925207505399,-1.615769117331271,-0.32568162234823994,0.30222695176833786,1.9117230171456665,0,0.36072759498028556,train
-1.668956607219549,-1.299404069186281,0.29210949478873793,-0.08520912102413412,3.8899874066118825,0,0.3481722635221236,train
-2.3366590885609284,0.2273545793518276,-1.7813108102076087,-2.717341322831897,-8.671354593318021,0,0.08210952709711983,train
-0.9256833611662242,0.39133785388725434,-2.473660705363936,-0.9575832306960952,1.1590303929248256,0,0.32872319679057127,train
-0.16276009597295304,-0.46611961554540443,2.63946586833603,-1.0389300242652477,0.21266075467500078,1,0.39961042302385436,train
0.5174763446445092,-0.9070916891584455,-2.530134734309483,-0.6273286204562624,5.18066395234816,1,0.5095491846833078,train
0.7088066529828648,-1.7473447242743119,0.38868490763809316,0.38131459446893423,5.814775966877127,0,0.45944297578326837,train
0.7142857374360083,-0.3575069305365566,0.18293835207175624,1.3994462760367774,5.619247592528185,0,0.6203390492669787,train
0.32738096431305547,-1.5262336125873786,2.23929370950016,0.5018767298169662,3.40935284799184,0,0.4359874668756606,train
0.6958716501274984,0.8810813110689211,-1.6559553243860838,-0.5273632893217043,8.648976832588204,1,0.6344908537225552,train
0.8440585454731043,0.5545871833578679,2.414449566752202,-1.859795983589068,8.840939597116343,0,0.7327646721021951,train
0.9988559184671657,-0.16759310411786332,2.224433677806555,-0.5969460115499692,9.824166985277387,1,0.6925206143721688,test
-2.330346237018009,1.1503801787400871,-2.8685923642099,-1.247550763328839,-7.162401911807391,0,0.09781904021337744,train
-0.13093242580832506,-1.1639469795555928,-1.2196544490277408,-0.8907829846630251,1.192836714642695,1,0.2731994941362625,test
0.716879934597407,-0.14484660415113246,1.4932903816184133,-0.0836879055305834,10.451707746042779,1,0.7360702510423566,train
0.33305930998004896,-0.08594088303354262,2.454855388990966,-0.9834200369053874,5.331691726988263,1,0.5479662033782364,test
-1.1528996529348314,-0.14000554068591162,2.064254359081433,2.5702041528163364,1.4956093627845186,1,0.34832565670301463,train
-1.0096538884631738,-0.19916319496570367,-2.3583552690945355,-2.2582543615077544,1.5431398702794423,0,0.30558181784586264,train
1.181270007274759,-1.5513623371264114,-2.4498153563933736,-0.37138556202017864,-1.0196792460176574,0,0.44353927692795214,train
-0.31754321510073313,0.1626804684548245,1.6933901635741364,0.23122291219497876,5.549859747404991,1,0.5623494457927801,train
0.5842099560726335,-0.12243168789856085,-1.5211364877720601,-0.3723961171328033,3.7113914282470715,0,0.4626391562499471,train
-0.3922240099409029,0.7174502160572164,0.6574681039386494,-0.2532093370330652,6.027575175066734,1,0.5581919450080821,test
0.4009825954381496,-0.2340124094886307,2.4595207363914753,-0.42169627927281855,6.699870069552856,1,0.5431450984733965,test
-1.2503869571214452,-0.4113644195205581,-0.25904983234510226,-1.1558138637216313,-3.540813952032995,0,0.2498213141226646,train
0.9600256128520327,-0.22960935812195737,0.48776645911169414,1.3824262633282942,7.592271122351782,1,0.7202558670206337,train
-0.31128148687278134,-1.207421145347311,1.535014732064088,1.2981659141648578,6.910307588598976,0,0.5202085811675186,train
-2.089738414091307,1.2293419068212044,1.6445234503476236,-0.677977153982404,-3.262053023408836,0,0.1424451135955845,test
0.4429630971123572,-0.8458950553601767,-2.0816095589800723,-0.19524597148268236,4.445336752137579,1,0.4254763542474984,train
-0.2957563457863478,0.6663161829792482,0.22362062495591406,0.05642472026431959,5.480464554605286,1,0.5130135643368526,train
1.4760812722135035,-0.3146973420700058,-0.7570162177056439,1.3681898089323996,9.232889547368172,1,0.596383716167545,train
1.1526412243223105,-1.5573450123419565,-1.599757663717426,-1.133534028975409,2.9202495786182703,1,0.31511264657808186,train
0.44508305822734057,0.1898685502831398,0.7532547229576063,-1.2343085230007198,7.778962253745243,1,0.7159691286716063,train
-0.03299111298717146,1.2311661565252034,-2.4782886291476762,1.389844832390376,5.693528109464066,0,0.5901731298084303,train
0.24413336947344885,0.8393469738663679,-0.5593964295167493,1.3054878203251752,5.398566217478725,0,0.5310854780499088,train
-0.10046999503208522,-3.005448253820004,1.4181384674893334,-0.8088271986614731,1.5891969722323576,1,0.43003981463380103,train
-0.17001538979883488,-1.7382387762199134,0.25954330451055174,0.14897984467092387,-0.4253976768987102,1,0.41632029671695425,test
1.5981706705483183,0.039882233219279396,0.35375958525098694,0.8575651573988623,11.886311552267248,1,0.8249930630445372,train
0.3135549305693542,-0.38497251657210485,0.6620186500924152,0.6351224421085394,7.655428463169287,1,0.629233502577767,train
0.6944148865163293,1.0659272102623318,2.3617451247848207,0.3211726884484484,12.587554600517828,0,0.7665616866013018,test
0.423757325736779,0.7272743004595511,1.838825958832678,0.6361981323487901,12.990522747025233,0,0.744029257817201,train
-0.22533023429959034,0.9458755964574044,2.9042710473156674,0.6430974142179358,3.9471111503866836,1,0.41715325756273464,test
0.40946263344865924,0.17020329021159547,-1.7326471628007298,0.32232328670121285,5.2743708552084545,1,0.48457736977334603,train
0.10753267276287168,0.6926249142240017,2.375674253212628,0.4245198799992139,7.631310340106878,0,0.5855935578113808,train
-0.8554634687655788,2.67452290952273,1.3640262519504907,-2.485637739468902,5.653013718154224,1,0.44792646038854833,train
-0.40905536869206494,0.8199432253501141,-0.22369598172923988,-0.40169507394798687,4.201918701181044,1,0.40519501006927805,train
1.9355674944115573,-1.2384404068724726,-0.7959644971342126,1.6671263097186337,4.436509219114129,1,0.42659119103104837,train
-1.35158845900015,0.5591459659999076,-1.8017634662441062,-0.49954847842480227,-1.2845566591884414,0,0.16523687685906893,train
-0.06867470117338184,-0.7832729795606795,-0.34331106708437886,-1.526915236458602,5.0167859404956445,0,0.37255201013170547,train
-0.6053404142529797,-1.737355030786924,-1.5768540670196922,-0.7047422450443162,-0.4795348647729788,0,0.24963540195955664,test
-1.5743197300960008,0.21715149926457905,1.2833311165311319,1.0096306109313515,0.5120548420453486,1,0.32649070828264987,train
1.7284859120123006,0.33069699357611515,2.0654795739015714,2.005479687129439,17.118245572943696,1,0.8739455849601244,train
1.3931553975572821,-0.42065018544212385,2.365240495600535,0.37555776224712284,6.508234682555216,1,0.6848920775325713,train
0.6907784376347077,-0.4166061236878332,0.5309666484253244,2.7070923761766,9.538101265711825,0,0.6634581861958434,train
1.4481463638803571,1.2077892037109221,1.0669993729087457,-0.8456686718811287,19.793666101153427,1,0.9402843426529875,train
0.6292124114333163,1.1440936902577385,-1.0394581399746468,0.4684624448370145,6.449397407380427,1,0.6308192665876808,train
1.135153482198193,0.8901184520659707,2.485090921127706,-0.7266725619516451,12.436217667303051,1,0.8168630170079183,train
-1.5992782646080363,-0.3564234180932292,1.8891071584085068,0.10514646589294811,4.108592124840035,0,0.3169591781005772,test
0.7156036396672165,-0.7867614769925093,-1.0597218110847642,1.563860115422167,1.5885155695063087,0,0.38405247763892264,test
0.5845403670122488,-0.4760400786007471,-2.8430759319830434,0.7351550672878607,6.00577922169959,1,0.6263327856613053,train
-1.0034674310228908,1.0421429495225578,1.048848292712913,-1.7217916320885354,5.210487513107239,0,0.4209498830209671,train
-0.23340496230719507,-0.3418263657135601,1.3759623558707208,0.2332181415932139,6.894225229991206,1,0.5791271192421209,train
0.030932792933670995,0.8457905958888671,-1.5341302476259362,1.3228950958776438,3.8137901269262877,1,0.4361606438887786,train
-1.6045116491019855,0.5151077771182909,2.0019351954902653,0.7359039249284999,-0.8916222399848504,0,0.24335653398177404,train
0.8973162448957158,-0.7244272248993184,-2.1951824171409826,1.1439844912665318,7.607890500814063,1,0.5163815860285024,train
-1.0076351225517641,1.517229645955828,1.122100030086088,1.1554853257126436,2.893156139508768,0,0.4102291030715036,train
-0.7942129729465491,0.20191485164405124,1.0006577371584537,0.7397728319185859,5.325067430746918,1,0.4842695965230103,train
1.9663041900997538,0.5781064200814462,-2.1626705040180934,-1.8802136090686892,13.032882258558445,1,0.8773211564258296,train
0.3603820029283224,0.48627511226462644,1.7945084787451213,0.1975440913313215,8.237722876393216,0,0.7146616390823206,train
0.6082144252677408,-0.4494316719946393,0.8957454370974198,0.23550244103097337,9.269012027366824,0,0.6848059842663918,train
-1.101998103224757,2.415716014426178,1.158507839084277,0.25795094342261676,2.758496867071788,0,0.3508810475863055,test
0.030455464779049306,1.149845707315508,-0.301079421911572,-0.08963746522664091,8.50807889065993,0,0.5370074907771645,train
-0.39063409525663995,-0.08726802796691538,-0.9347320247409776,0.13484504368881184,-0.5454392381435633,0,0.29422726081112477,train
0.5197181742539139,0.15506372787967426,1.0891797202796134,0.40129287165890776,7.774335101045568,1,0.743544838580497,train
-1.1281318097828608,0.6009372706452372,-1.9273989426498515,-1.275510343842894,0.7800159804406595,0,0.20933870160470597,train
-0.40290098144667125,0.02304731068568705,-0.6276883138430716,1.922614145851456,1.8865031062919508,0,0.32170266110569323,test
0.614012113700794,1.3804247731177979,1.0346999830029597,-1.5044686047665756,13.272334662149982,1,0.857291657775086,train
0.16148766585993934,0.5115561487343714,-1.8146421353907738,-0.7322578674528962,6.233435616902329,0,0.4728288920267977,train
2.2262143026032057,-0.2939630620754635,1.33116666151742,-2.329118653184357,12.460006229436566,0,0.8790755835285377,train
-1.1640100339108075,-1.2492257471951744,-0.06025371282450376,-1.201757474998541,0.19629682281170335,0,0.3184720729485158,train
-1.3233213577702778,0.739954259332863,2.734488999246283,-0.24173747132209233,-2.568954936578547,0,0.19057253342491354,test
1.6443470450645428,0.06460413461524638,1.495150832384386,-0.37584065967911345,13.499974907690737,1,0.8696663298760691,train
-1.361822142250133,0.31266589536120354,2.200889044716341,-2.3850813715102266,-0.9388808682556373,0,0.271835583368629,train
-0.41585695736034173,0.09676134462723249,0.6765818745252896,0.25448447387426987,6.727535776254434,1,0.5340974389791557,train
-1.257323703638123,-0.3032327436853677,2.521807101877018,-0.3374205845475714,-0.6652414750397071,0,0.26677033832385294,train
0.49628908070442823,-1.8946710610145332,-0.4872276255318244,-2.0766226361699998,0.133215138532766,0,0.2911536696867666,train
0.359291225039241,0.5252479035436284,0.5042361916831695,2.2768006272881824,9.137906537616114,1,0.7041140076133252,train
-1.2817387950389691,1.0474412809071527,2.8417238238466505,0.2989020293864139,-3.258878813849783,0,0.17676003336679003,train
-0.2718913183972883,-1.3074084996975175,-0.16305200122277874,-1.4224580959017747,-0.18064080940957528,0,0.35744214717036266,train
0.16500039453286794,1.4460198133412498,2.033315492644487,-0.4752228816924199,8.591889990364724,1,0.716592427799788,train
-1.050445990893791,-1.900590433690551,-1.4845718313072886,1.042514684576483,-0.9513800549178286,1,0.23940109760161185,test
1.2972867696421317,-1.0339777515153081,-0.3579616218934598,-0.8332394933644894,2.798963585190897,1,0.4799829727386562,train
1.613079025104406,-0.6295213414881607,2.817042191061179,0.0715278523916941,6.858910111740591,1,0.5954430524610638,train
0.43175363357178137,1.2610494427245482,1.4325083196291368,-0.5957170080509797,11.858760634043318,1,0.8154211358951571,test
-0.8819856541627429,0.694561241908519,1.5280257707231701,-1.0803531512760947,3.3184086557767913,1,0.4518412306603937,train
-0.5669391979314741,-0.24602754298423518,2.0995909963628447,0.7290710584067296,6.028388785832714,0,0.44264238865680566,train
-0.52263872423916,0.65109327474431,2.4208986766152023,-0.8629302444042832,3.3148550571269504,0,0.41117638617137986,train
1.5802684242007579,-0.5964265965141553,-1.0113968931021595,-0.08352128227868665,4.321671520326102,1,0.530506102813159,train
0.42977032486541206,-0.2255905201524766,-0.3577222293570488,0.5446663109496064,3.9762403075459902,1,0.4913736370543669,train
-0.4209486584134077,0.3538647335719192,2.791332756582843,0.20296443864797684,1.6892098015783565,1,0.36258595390099596,train
0.3385573609257352,-0.04356540169924449,-0.8576446576840921,0.5960724763620407,4.486930558926408,1,0.4292117675606707,train
-0.40591753211057907,0.1309002006552962,1.9888650007458857,0.4410083005912517,3.408442851576746,1,0.5016128962453186,train
-0.3191948993043026,2.6205050620874943,1.1561526010094827,0.5038906314755959,9.765524757955626,1,0.6850788441635761,test
-0.09642454836058637,1.582741878185655,-2.96411006409498,-0.4037199481473771,9.512654893049126,1,0.6708645734737256,train
-0.09795225192659957,0.27688130859763976,-0.23471340828297116,0.0690653021371388,4.767076933790857,0,0.45353157305628167,test
-3.3070127503342173,-0.4077382959230468,-0.49074411835917253,0.3168512429561843,-5.572918975177382,0,0.07290693866939965,test
1.7689708239917372,-0.37018296639800335,-0.8973645808204376,1.027883337262288,5.207901424437186,1,0.6173641328475752,test
0.22333849055226987,-0.01983174037549323,1.6431290401403285,1.321287080217549,9.108397854132441,1,0.6597306718543404,train
0.6163946770520445,-1.192471942835518,-2.544854773697853,-0.8829019743891208,5.470233239502426,1,0.4846616812482475,train
1.9954842342310115,-0.4207543304670529,2.391548971460381,0.5634167344741973,8.470472904496406,1,0.7558009165133477,test
-1.3377902703601598,1.7006933903996546,1.5755136166067212,1.089317423803844,3.358885544423169,0,0.28420179435335124,train
-0.011899656467183,0.8832683843972294,2.5580858796402275,2.5745678228688518,6.444798448051815,1,0.5338543390235096,train
-0.38827041573948196,-0.9713144647902578,-2.956440818902724,1.1280101130616806,6.580901513728231,0,0.4834991849509682,test
-0.6445813682558665,-0.08556483144481909,1.5352706122454265,1.6380417167722974,5.143267284733354,0,0.5058707545536055,train
-0.0701645959373973,-0.4744158799709955,-0.8640276579690642,0.13800063473875035,1.2499112499339644,1,0.3281910668406189,train
-1.5137675614213895,-0.6482590202779605,-2.55498594774943,-0.7762918435331178,2.229744754110088,1,0.2905478239636378,train
1.594025590451958,-0.9313961736567886,1.0331382426850286,-0.9442793044515513,7.500700250562202,1,0.7241979563876042,train
-0.19328396511805523,-0.1748458500566317,-1.6210182913718305,-0.5378299760009451,0.514411879234568,1,0.3318364698709601,train
-0.7866611622250886,0.7339686730624145,0.8405303049106454,-0.5533364084630327,4.967228905115273,1,0.47282513875775867,train
-0.06706285312566097,-0.9594889112482335,2.942597963124326,-0.07515340804718623,3.4335336141752837,0,0.3349922718138266,train
1.1880733908971688,0.24911156103970417,1.2535338110307332,-0.15282337023463313,13.041193370911406,1,0.8465649327877665,train
0.9173628036859682,0.6980028694032254,0.010480259563989236,0.20725649914629168,8.743768194697637,0,0.7654082551458025,test
-0.4392060914327557,-0.1740900496910645,-0.8518142171990521,0.7263374861302818,1.5173168567827264,1,0.2897173830762455,train
0.15123171299057375,2.6215035122285264,-1.8193138323389877,0.7855289837388086,6.68023235528689,1,0.6526270102710326,train
-1.9799696102330469,-0.18666272731063055,0.2108639712528011,0.08059586390591215,-2.4685669466324303,0,0.21261764145313916,train
-0.760520805696831,2.1980660646733985,2.5016169273514404,0.6582234561087476,3.712859286625334,0,0.33739424657679584,train
0.9239277817716681,-1.8780077372375963,-2.2697753485814562,-1.5654140683658213,3.0385755505463905,1,0.3488331881858644,train
1.7088297526686933,0.28054163166368995,-1.854474518340318,-1.4356405003848693,10.448804745030701,0,0.7715102603673185,test
1.361188806567567,-1.1919039715758994,-2.8964738044503298,0.6509367639411794,6.828360202954633,1,0.6039074001993837,test
0.9162207116407743,0.07051189591408288,-1.0387620959978672,-0.6148044417084663,4.620825511461287,0,0.5467715778351439,train
-1.650833624706337,1.3406395547110654,2.6676588651458406,1.2492117614342022,-2.8453129735308758,0,0.12307289181709553,train
1.3361156750217367,0.4299482853248921,1.1790387601753167,-0.7853000577329101,12.505717166162732,1,0.8794770702971131,test
-0.14974603127035227,-0.6680973895209491,-2.3281067730863705,0.6518594456572052,2.282471386443921,0,0.4143076973058286,train
-0.6220311218934916,-1.6148844860780613,2.6973359868879685,-2.5342495563196783,1.525350326973963,1,0.3135593331282067,train
0.24951673232251864,-0.6220269731603513,1.9453994856930255,0.6064575962368899,2.875764014821273,1,0.5713193291142868,train
1.1331058484129457,0.47981372573238834,2.3329976270559047,0.027802830971895245,16.530662905404043,1,0.7867940658953606,train
-1.680690592709904,-1.58718513728493,1.3338097013803303,0.25319075143779074,5.4847181541569725,0,0.4595609111354624,train
-0.6563413804134434,-0.00682069977546024,-2.6074116743434805,-1.9898708937020622,4.1491916686146455,0,0.40742931050704484,train
0.8325027788390288,0.07908917343170761,2.8429471607806622,-0.9987972849014252,10.056185133103103,1,0.5962209137395058,train
-0.10523742029751397,-2.0992612197225573,-1.8114357418039468,0.1589770197286398,2.1009887990014287,0,0.2621276432442398,test
0.06711170193330736,0.17094997247124563,-0.9810402494558375,-1.8028761712849266,0.7942166977137353,1,0.3871120755932888,test
0.5519260695397068,0.5602377544866881,-1.3450473693250882,-1.967288843675647,5.221287156173555,0,0.5341537222844177,train
2.2244959909555493,0.3213457947299813,-1.4293215348285295,0.10759816108758043,12.431858615068819,1,0.8255912710347754,train
0.2122131948577994,-1.162997736607448,-1.0819645143521606,-2.344985495383657,1.8972007283053014,0,0.297855749449426,test
-1.9405213877085583,1.5665443960443808,2.1675396189972584,1.0478977651585903,-4.37206521654547,0,0.11174253991176633,test
-0.3761647666077066,1.1551106893804046,-1.3458784021407553,0.13593971740173896,2.24933028159405,0,0.3297978886109873,train
1.8589870987003814,0.2880451703605802,-1.1518673520869926,0.060309778492615686,9.823346134028819,1,0.7621858770070001,test
-1.3500267353599749,1.3201805977489447,-0.4591539729470968,-0.0378257331341997,-0.9810362990591397,0,0.15363499614119852,train
-0.15946890926501037,0.2783173015936837,2.452299559154654,1.2652201927440638,2.428810557061047,1,0.47716240397926885,train
-0.7910894607312755,-0.17418193881740873,2.640767067753668,-0.8893431434141795,-0.9105138110184756,1,0.3118787394015971,train
0.14735620328765367,2.0648314853767675,1.4696960192996622,0.8022901335619903,12.243504393654797,1,0.8015171637775215,train
-0.08779511540387866,-1.8985360517780605,2.3865263380345088,-1.0183538733651323,1.7595759634491488,1,0.3674520606110575,test
0.8674313395457329,0.6958320879132643,2.2493047970425657,0.13853800706495317,10.146481162127802,1,0.7768468099417738,test
-1.8827954879027564,-0.2371936032345977,-0.3778067783494947,0.07389861412887493,-1.3050486611511496,0,0.16044421476306697,test
0.9822016465820556,-0.2843841573658737,0.7078632469755037,0.027619115088769054,10.135101734144206,1,0.7395565876882536,train
-0.15755152860156976,0.40165705509332345,-1.0535423923832776,-0.45782447144494853,1.201454403041852,0,0.35182821869126846,test
1.5962476811718689,-0.7309021605961726,0.2547330481363037,0.291234941561387,8.919430859292808,1,0.6832306875814445,train
1.3094580097552864,-0.27315371377238395,-0.585342400824973,-1.1261234195568794,8.603809463056763,1,0.5982277249397107,train
0.7051025723212565,-0.2254373275078518,-1.8284758479513608,0.5203764105504712,6.514473982371291,0,0.5034634884640755,train
-0.058909934662853505,2.2697710081027735,0.9189910524259477,1.5217448560648659,13.796200066452947,0,0.7529837864697405,train
-2.8925649496976713,0.5667389085178934,1.6962170315011695,-0.8407185818063967,-6.2388278562619774,0,0.09293966717570577,test
-0.40489675233931505,0.5783246709706825,1.764938264065866,-0.4988322961824886,3.05397914515832,0,0.5494656052136413,test
-0.2871214012231931,0.46241303160898334,0.851998107754925,0.2263841581171727,6.889229712963734,0,0.5944246977154959,train
-1.2527980504227216,0.09651501928735438,0.22631826616091644,-0.7978538660276425,0.7813849616533248,0,0.3024184427080008,test
-1.6468843951582903,0.7295267006103573,2.2228971522861265,-0.13730221794461903,-0.25987267024017857,0,0.19663974252268662,train
-0.09245962364725997,-0.4556429071688029,0.20629808942451477,-0.019950421633412204,4.481706216238694,0,0.4906122140190398,train
-1.0523410136511642,-0.4922674351656867,-1.6581343981578134,1.09096844070567,-1.0663122129937461,0,0.2204603635462903,test
-0.3369239512169911,1.2049118885309744,-1.796672038446442,-0.4558969973906064,0.10073698189538449,1,0.3780904823673749,test
-1.5889566788913685,-1.2773555586109289,-0.15242360987134074,-0.8089041990847753,2.398057646759352,0,0.27953997932892083,train
0.20686599330122282,-0.2198425275621834,-1.2746638393159224,-0.04217677201527766,2.560418845748811,1,0.3750728758721669,train
-1.0935554404761185,0.011246343914835293,-2.6094163615674772,-1.1155030975043347,-1.0809835992370505,0,0.3278608368977953,test
0.73676522319172,0.8159351775690358,1.8761077666620487,0.22137900532636037,10.534242711157622,1,0.807336641433137,train
-1.3345213076434699,0.35231399842228994,-2.460127168297986,-2.01674154615828,-1.5478768977003377,0,0.24985235416570994,train
0.3940270922553874,-0.06596514886096383,1.3440673796265425,-0.010062961729919816,10.573109685563917,0,0.7019578957964161,train
0.1919740911242264,0.3978558051349,-1.2848217623806506,-1.178519686324297,1.6604855054226384,0,0.42760217948084567,train
1.2638955244791477,-0.07389333259746547,1.2938343620784165,0.5474593783236593,12.135196905981763,1,0.8200591071420757,train
0.5988963116067736,-0.6653151127608234,-0.8451042006022629,0.9413591124394234,4.267194945060326,1,0.3988783647365875,train
1.4142684843710376,-0.004932381392556066,0.5005987722476473,0.41367119796390445,10.20227138464378,1,0.8116118562576617,test
-0.937601821967886,1.5834801530827327,-2.4016090014142333,1.35828995455869,0.7236818936539882,0,0.2956359916428838,train
0.049794307547343965,0.26734957997405756,2.6207201355939382,-2.300035701722562,4.794720709166902,0,0.4913091173719542,train
0.011554338483280087,0.8043306295022981,-1.6768262486218133,0.2447329835201963,4.233475904638077,1,0.44104077526950497,train
0.08366572763291455,0.27728927813029214,2.89289475402588,-0.2558121478891161,2.455440028458388,0,0.4529421371744387,train
0.15888496904211316,1.9810826128441108,-1.651051795900903,-0.24050678056968308,6.126633026656533,0,0.5828477202802368,train
-0.5423920771843781,-0.6996255739249448,0.8492914981915365,1.2306326480012866,5.606603641698153,1,0.5099160189763494,train
-0.16214082173979072,-0.3001587736062801,-1.996060852464576,-0.48174784604276827,2.3813574488305265,0,0.3760395305303699,train
0.264537039692995,0.36688147717285285,-0.7738668641163313,-0.0021519071646164626,5.810324316375116,1,0.4633041306479518,train
0.305029029772809,1.4372429498728703,2.4840164604883483,-0.7384076696310413,6.292103776086336,1,0.6857585708757746,train
-1.5299436220442708,-0.4847263681517414,0.7270533411771343,0.0410931387977071,3.2368379648869987,0,0.35911370343800586,train
0.2724125639309091,0.7054547164687719,-0.6004709557555503,1.0553583383862888,5.960834510191338,0,0.5198233101617382,train
0.2930300338875179,1.2998041025513456,2.9827109305352817,-0.7122682740130456,5.0397119736247165,1,0.589979106583717,train
-0.7282735692046092,-0.33606125078398524,-1.953905881499907,-0.7652824518192365,2.2723013910630816,0,0.28662421328406307,test
-0.31750034995477744,-0.7313309953176901,-0.5783474645690574,0.36838185116913946,-1.8034205426078853,0,0.314428583620233,train
0.335580939990375,0.1326763858044118,-2.1198251131604535,-0.4656784771319448,6.319656475632123,0,0.5237631877691433,train
-2.1654972202559954,0.19669597325403793,2.122312850216045,0.25931798705923376,0.31288824706906393,0,0.16881206960499248,test
2.434552101578831,1.4249942366231458,-1.9113302323396864,1.1155893732806748,19.557687357839267,1,0.9655150165590238,test
-0.9410588191740349,0.9658819068113939,1.9635105491771467,0.35369098297331014,0.7945845605827726,0,0.38040255947092033,train
-1.2830869809468102,1.446170303396268,0.8875529115194283,-0.3705805560822004,-0.9343253512793486,0,0.31528930110287884,train
-1.434890490283998,0.2578727712942585,0.40760539641147364,-0.6934834855897558,0.3321408392463767,0,0.28859167271802505,train
0.4780377419211013,-0.5493552045828367,2.567200841529374,0.23428287884610985,3.929907304506199,1,0.49814472231504375,train
-0.9837969093865705,1.3269329208363982,-1.82263158678246,0.14211551965837868,-1.488162010836752,0,0.21261302389448913,test
-0.4875494494123659,0.3644223260870186,0.6640195900127548,0.1728281527769841,9.462165338196906,1,0.5247178669074551,train
-0.908339302176132,0.4103467733836579,-0.8853825974205867,-0.7012868985137548,-2.567630318104378,0,0.21745029231772733,train
1.6174763926853772,-1.9453924002481293,-1.7931096115799896,-2.043453330383194,1.039347479220801,0,0.27511824954662245,train
1.3475547882914898,0.6150321383190432,2.296801564344893,-0.1676289967189902,14.167170015654257,1,0.8393642479800493,train
-0.6387203941460962,0.1731609854958379,-0.9946642608928311,-0.468729631811024,0.5143855598152263,1,0.25649756607969904,test
-1.360064878641564,-1.0842282321895957,-1.2038765344246931,-1.5787795462366223,-0.972161687798063,0,0.19761302060229627,train
-0.7026595861311188,0.5245016088203031,0.12693434387048708,0.07479218415222284,3.3537883862022078,1,0.3896325704662433,test
-0.455259716606733,0.5892178667683639,-2.704053026825876,2.704808130046631,6.3870821177496415,0,0.4805797729003613,test
-0.4760930632559896,-0.9946480872648761,0.23807133005609327,1.3690926014914155,4.383864789000985,1,0.42434630417793406,train
-0.09585326375917538,2.290656913740245,0.3240812404371831,-0.47976992469109775,10.214275001751885,1,0.6793779858842506,train
1.6750984319446154,-1.0273531490818992,-0.7707834652519736,3.1183559854923217,5.072169898945079,1,0.45946805034164223,train
0.18357291356179492,0.43031024363453874,2.0160822445713817,0.43454410487622563,8.716984579126308,0,0.6437773541159032,train
-0.36600743021490084,-1.3959142089502383,0.9298763818611091,-0.7768370805371985,5.91646956767479,1,0.5123924719747881,train
2.8882688585166605,0.1155951398613773,1.0898448579135653,0.5450011528767863,21.649658408713677,1,0.9531694953020331,train
-0.5422133991131222,1.7660908635546646,-0.3377724048421933,0.34643259497985673,2.2828727821382824,0,0.36918969129306217,train
0.1104272769246614,0.30760048518612587,-2.989136583765325,1.2799581383659542,7.968725218630096,1,0.6425699226884887,train
0.19379626423637533,0.6325599301065652,-0.17620552010015,0.5489924477306034,8.568693242435904,0,0.5620815752762327,train
-2.1536408930898805,-0.1051036660220123,-2.539634352794477,0.6760844804525706,-1.7361345185567434,0,0.17601702228663718,train
1.21969063496752,-0.9006695160677072,-1.3443993912148042,0.6150099879567608,5.57740271918902,0,0.4201795639964969,train
0.9463276926878255,2.3538622427814406,1.6987678461293658,-0.9370241090372137,19.39591675619174,1,0.941700140497788,test
0.1269851040653399,2.4111962433258656,2.4078070075258706,-0.3437666455979333,8.825397135787926,1,0.7178458396767324,train
-0.23005256002517838,-0.4525852913934521,-1.8555981428051036,0.06332714172194394,1.1488812271181326,0,0.3386801996438901,train
0.6296733867637827,0.4483327413979908,0.9423753554731951,0.0638575633747122,9.101538578432933,1,0.7839254407940718,train
-3.2281740501727265,-1.5308386168414656,-0.8270948781234244,-0.36264594274443834,-2.530609154465076,0,0.1725500549042419,train
1.5076911015636398,-0.33039326074332,0.21164138350311124,1.2440004708243202,9.122111123003602,1,0.7404312690029272,train
-0.728181447374984,0.007455536197104706,-2.745609115740261,0.11661127660005577,3.2790840593954496,0,0.41800018829417546,test
0.6898738701296504,-1.1981555261423622,-1.1144106097919309,0.06750938737087142,2.4441922140233165,0,0.32653271042529175,train
-0.8187378966870026,0.6314984924733991,-2.782903375468088,-0.8998242517209462,4.434900484870063,0,0.4028625201746021,train
-1.3218874164580323,0.5556806718063578,0.8155270777052657,-0.6891221166033775,3.9393115054222805,1,0.34239159225202703,test
-1.669442360093228,-0.295414647493936,-1.0256032839578746,-1.3493381412128835,-5.092029224041308,0,0.14418663471032575,train
0.3587204455699245,0.4192110354824511,-1.7192801961045203,0.9066620111966475,4.12764576960628,0,0.49927508466573844,train
0.05465948786120819,1.0549464891805314,0.2196756067406449,-0.8667229191881599,6.249477443117267,0,0.6315870804513489,train
-0.9212414182795544,-1.389795057557295,-1.414187024580346,0.4962955916855715,-1.902250318315142,1,0.23113811076243337,train
-3.051359440826631,0.17101025455629998,0.38323398265373854,0.08631052350529474,-6.485764612447132,1,0.09332652802601188,train
1.0037008923304287,1.4842793570939983,1.5158897921577292,-0.33262890063377093,18.8952137643706,1,0.9129700569973267,train
-0.3922711512038456,0.29331126843852706,0.75013839230221,0.3108545675004551,5.245657635862546,1,0.5541465373358138,test
0.6093402844654455,0.6135654490949647,1.2033598362274995,-0.11387275789221542,11.981533325023923,1,0.8009456275775785,train
-1.3248885549902296,0.4140649708213338,-1.0148768332193157,0.5064192629622658,-2.883406494274593,0,0.15336315815087903,train
0.06803987113980545,-0.907300587573238,2.4820271875891278,1.0365840884498294,3.4791469282498766,0,0.4276337570802763,train
-0.41735957551278724,-3.804912838468489,-1.913104253847159,0.1680851621263022,-3.7675945220353326,0,0.23376544257566267,train
-0.03682864094686056,0.7198361468303557,-0.09221249818382304,0.9017176471226722,4.4620483262603,0,0.524704811519734,train
0.09767545879311484,-0.2520116302386581,-2.7411685766509004,1.0280715068785962,5.631971546167968,1,0.5574359031799517,train
0.176704265190667,-1.7193815711534268,-1.699258635294757,0.4636247638430101,0.3605902928302863,0,0.27614170132089355,train
-0.02516462502427371,0.4664211569741377,2.0565264274807973,-1.7069426565229497,7.239880843852044,0,0.5927954930304857,train
-0.5200074228014387,2.150931030539215,1.9173187612521314,0.35283203283345355,5.927068104525079,1,0.534591954251962,train
-0.0871952949103675,-1.5093246202668005,-2.4823684013357683,-0.2656378107652115,2.017040106571512,1,0.3978262820905405,train
2.11813250525459,0.24072231240417155,-1.8684270091597055,1.2901799723944753,10.758210216686534,1,0.8244353280347171,train
-0.20849479752917185,-0.19229054581450689,-0.750282450744022,1.3191133499705738,3.2483229755301375,0,0.3327222265499795,train
-1.4772015978420234,0.21962464741005752,-2.418408939167591,2.5812079701114734,-1.4210620913024568,0,0.2270091845202931,test
-1.3285544409005414,-0.5077872136460072,2.7858177745213757,-1.593151532544649,-3.4924923041984055,0,0.2307983417479348,train
-1.524000315419129,1.3450279154870022,-2.0703276412386593,1.5489080001339104,-2.5949315596647837,0,0.13400329261296698,train
0.8046884929842337,-0.7229778089263013,-0.8967739544932458,-0.34724834467901694,5.8123795187349465,0,0.4123485743387586,train
1.0045750054684504,-1.2627840837978277,2.5552126167103326,-0.6430910496343103,4.215470796207851,1,0.45262356499858686,test
-0.05114020090719143,0.49452801932012025,-0.573780441697445,-0.09509838236494843,3.9787197498170306,0,0.42368658950974536,train
0.9181996029747431,-0.480193238058318,2.809741244503914,1.017413430429233,6.160931059151035,0,0.5287538207363096,train
-1.1997069263020579,0.2786077499659582,-2.1413556700382426,-1.3341305080335057,-2.6527996583661597,0,0.23120907009916977,train
1.5095407384995905,-0.07725320493236255,-2.404008163080987,1.2714917367269456,9.455827051544748,1,0.7510795378933405,test
0.1332924107770745,-1.1412546792447105,2.7208820447145667,-0.9907305881524505,2.6674068104610447,0,0.3724610541701875,train
-1.2246863020497847,-0.8036980074332764,-0.819698595705594,-0.038621526812197896,-0.31450554683853715,0,0.20894534590218344,train
1.3641819204302208,-1.4149469847717726,-0.43614930327921053,-0.7868044432558804,1.2901915044528849,0,0.39575451838865605,train
1.0166405405968868,0.4061096412137328,-1.3537014856139673,-1.9020198411569067,4.4459751990303396,1,0.6220944111967344,train
-0.6535173729810799,-1.5358392053965702,1.3023482697501683,-1.1327446551204705,8.504169359725829,0,0.5024580191821416,train
-0.9268503575237493,1.0439420433702291,-1.5271353515026962,0.38970941995836667,-3.706350265815388,0,0.20695143470315466,train
-0.38647399919417785,-0.36607138841761444,-0.02151640266139543,0.337959736203862,2.118272463591889,0,0.4071529120290033,train
1.48618100618034,0.48295116741114763,-0.5143043527404911,0.5640997743764021,11.240764124246848,1,0.7726307514833272,train
-0.6194332562717609,-1.392745009073137,0.17944380707619345,-0.015038409710179274,-0.6484240945892852,1,0.39526405154668975,train
-0.5573795725718772,0.1302936845984247,0.6467130846966729,-0.44070593176331485,6.56130701568505,0,0.5019122926171627,test
-3.0763844637348527,-1.4742730503289998,-0.9180385772534785,1.7407213473971344,-3.8644017863717677,1,0.16509299288290916,train
-0.28258547341544543,0.2715070595380485,-0.2587605893302225,-1.2126191868786713,4.8644315453216596,0,0.40853712791445174,train
-1.3372244531235264,-0.09990294163461608,-0.6688612533762228,-0.9714471332192749,-0.7546822998415872,1,0.18526362179069145,train
-0.32929814427067294,-0.700339494651632,1.4635478776521493,0.9283006585407667,2.366565696151754,0,0.5447003813841866,train
-0.09968789806236085,0.5747783616972452,-0.010223493147086593,-0.40676565819889227,2.323620833133778,1,0.5143258766229969,train
0.21255902291634157,-1.6635196275421513,-0.9798644020784422,0.8492692175479012,1.530216052831776,0,0.2633153799334431,train
-0.5050888502120392,0.3512542729817498,2.504213739855105,0.30754034090413596,1.5664168129494895,1,0.39332692252478646,test
0.9300745374941668,1.0722743889465582,-2.919417777370291,0.9327347030246341,15.02776443021113,1,0.8573340003689041,train
-0.43120502174914865,-0.4973907661319164,2.5112620285207496,-0.3666310304466661,2.135260282260614,1,0.3830211030557238,train
-0.04676345704646441,-0.5560015885341447,-1.8532806542796554,0.15323526353567837,5.8470111768550685,0,0.35717247981440087,train
1.2284004935322161,-0.8449642966076584,-2.796111582301207,1.1043215013589676,7.771547236105714,1,0.6420106832825881,train
-1.891317217869844,2.541638271120797,-1.4379839708250448,-0.36880898791280275,-11.940748622936031,0,0.039470504102989475,train
0.42472308431183964,1.0013571278240094,0.8639393231943586,0.12328311823081742,11.591130838348692,1,0.7897751739367824,test
-0.07905760611648899,-1.643312503708435,-1.2644512453824908,-0.6249720307749724,-1.5783129814845243,1,0.2523250234555318,train
0.6092757703782737,1.6287967819750457,1.7733578826484084,-0.9618833136001425,12.106046234280756,1,0.8559801228769888,train
-0.6473022701602846,-0.4892833416819793,-1.1691945992734805,0.24934209080805747,-0.20603915263140027,0,0.2459887525793055,train
-0.6000356308123626,-1.380157474366488,2.1674904512666853,1.6840584023577607,3.9472092567674624,1,0.40888599253959057,train
-1.1549491372891587,0.29461490818061653,0.42525494086352733,0.572183508531417,-0.15926405896285578,0,0.3433951821276124,train
0.7449727953501686,-1.5637558111509866,0.0788933295205485,2.4834810211718534,3.3260870186819806,0,0.4314150229068178,train
-1.312256559148313,-0.0005630675565727246,-0.9454816625879823,-1.1278596438050679,-4.797991631877357,0,0.16947147991794775,train
-2.3470566079021653,1.634015572271466,-2.1989154422404162,0.49592491593664895,-8.211159761601452,0,0.04578355673513431,train
0.8177473263147914,-0.07792172750779228,-0.12349692353418762,0.042888768758805894,7.829072575851136,1,0.6217342657022492,train
-0.47209813207261186,1.082876647044029,1.461056679570114,-1.4112975700996528,6.098298318230781,0,0.5748485184669487,test
-0.10329734373490417,0.15916267701036116,1.0323303182412076,-0.04356994888369288,7.426412946558731,0,0.6294361440294537,train
-0.2753789676892014,0.49615351793689355,1.1383484066127139,1.2159568147849031,8.87099048806172,1,0.6129169650836901,train
-0.39154507826781276,-1.1871291372055641,1.8345221111588605,0.3133829557784857,4.157949975347071,0,0.4816068884665035,train
0.005332492171063067,0.3702413576752132,-2.1560340662255495,0.6804781893305553,2.677091631818766,1,0.4787319117996461,test
-0.8231566461263706,-0.18067850588142897,0.2412014884845135,-0.1258288867407328,2.8505768436655106,0,0.38624368717265756,test
-0.07995182939699436,-0.4845268753077244,2.38982896180256,0.11684720885638125,6.158126399064032,1,0.45680851120414073,train
-0.6393012258095346,0.7004406756015144,-1.5617869568164353,0.001909728259855659,0.7458942525312993,0,0.2682981809091302,train
-0.5396071877614326,0.22728276725817953,-0.1571990896269484,0.5831564864594969,3.8796457390968437,0,0.3709612122006704,train
-1.5086023330012492,0.1604032445395889,-1.8062889380438072,-1.483887807288065,-4.157058464844732,0,0.16025063035945547,train
-1.6902913155545494,-0.6480726291585608,-2.8743062858528594,-1.0275461649507747,3.2369614092075656,0,0.31828172558684764,train
0.44972690629428985,-0.23957409562088622,-1.9803176841606462,0.31624413582572375,1.9140897007667252,0,0.4801326082326273,test
0.7739623558553951,-0.9992195347530587,-1.6610383250725471,1.3273976247356132,4.187479772319845,0,0.38140874605283803,train
-0.4588752572575143,0.2967896439516368,2.698783844221185,-1.7945100461128267,3.967848487971035,0,0.3678934083833779,test
0.15863260802923346,-0.004936230369574238,-0.6109582831860374,1.050346789013819,6.241991256553347,0,0.42535810834682214,train
-2.0359598977306606,1.9443903127969846,-1.4637873632290743,0.49260621723925463,-10.478253967233497,0,0.041401718042704934,train
-0.5688501833342505,0.29938827747487906,2.236015252664468,1.1375367653858395,2.029015091841569,1,0.42753813827487636,train
-1.4691961031204837,-0.7324098258870034,1.9969288613584038,-0.5589749644516132,3.774434186750024,0,0.3441294134907162,train
0.7301914612359803,0.34277694103735307,2.086165152681965,0.07826567825309222,8.53488100282022,0,0.7340024748616595,train
0.635086317912706,-0.5386861633674223,0.9925250811014381,1.0354989829754249,8.378223229929688,1,0.6832389855922862,train
-2.0135165490724143,-1.8421575678357434,0.2701665828514255,2.499847787417569,4.3983473583093025,0,0.3850381009016796,test
0.5830724559199766,-0.012751700272857594,-2.519151105662606,0.886151039654461,8.155602358085414,1,0.6286344035882816,train
0.18512577172184355,-0.4815475506198854,1.6946009438886298,1.7773523755563503,7.046936925072743,1,0.6083894902686712,train
0.16659442077942127,0.3222522282229375,1.515045358671978,0.9553771594492723,8.69891741038761,1,0.6870911727373086,train
-1.266692859598543,1.350991684072927,-0.09918779493809593,-0.4293172306607295,-3.4068436441271808,0,0.20611437989054365,train
0.622509653784424,-0.4732546885602684,-2.5178102641527733,-0.8307853786033428,6.7903288761467335,0,0.5763602908460176,train
-0.9568617723864851,0.8848934924727092,-0.9942829237569946,0.009841838508493309,-1.2656684664688842,1,0.19883455066527214,train
0.8805576655090135,-1.3716447832849727,-1.827240283834678,0.4325722188308045,0.3971423849122169,1,0.35464377901250776,train
0.3326020669132295,0.11005731743733323,1.2209820008967398,-1.4659312100514923,12.24223257000638,0,0.7096948450001661,train
-0.8734252507668375,-0.5061444064283842,2.760473157337616,-0.9259224373207886,0.2228093121825558,0,0.2850111827261054,test
0.15707939056561465,-0.07166096126531568,2.0141996558865216,-0.9837557132770565,8.492937668781083,0,0.5960158075096681,train
-2.0859175551291815,-0.09325333121754709,1.4940719708384247,-1.2373911790997625,-0.9214180011705584,1,0.26034522196253995,train
-0.5558456384894433,-1.0205760550607352,1.001281672646245,2.085845048120888,2.522629087888231,1,0.5125289287864567,train
-1.0236661092915236,1.7638269879068573,2.198284479588155,-0.2858735209748871,-3.404062943828274,0,0.3031774045750029,train
-0.8789532941857808,0.4637688109236311,-0.9868765473149805,-0.11053247501675034,0.1866936021411374,0,0.21714403753607084,train
0.06650353511174609,0.6028227161920909,1.7321157728477985,1.4631641089162997,10.783663052142806,0,0.6681997623090792,train
0.7677069802896973,0.20161152406686683,-0.21639048790857807,0.5652391614140144,5.97969523365122,0,0.6356198878260368,test
0.3223386553334354,-0.11378384077391324,-0.09511441708637225,0.5725403711369942,5.184078357602768,1,0.5322748705946215,test
1.5800393842332119,-0.6628041788808904,-0.9175233817719941,-1.425018095906293,5.372357771618066,0,0.5209117523268217,train
-0.633177959868073,-1.0516769463421747,-2.6774485550252507,0.4455574677886607,4.259261288972176,1,0.4126357809730534,test
-0.04855072944038033,-0.8314704148761825,-2.6050485305684394,-0.2908773784619719,4.193720100349179,0,0.4681164849616431,test
-0.6143789207396209,1.4502984837587947,-2.208172611829906,-1.9783930944064239,1.4489158470371177,0,0.3620454642616233,train
0.007858899403280661,0.0138014773972387,1.9836957141271174,1.4671403877834128,6.974183564647296,1,0.5796421642795241,train
0.05817463260354494,0.8255879473804768,2.6235123527567925,0.44905608286576104,5.622101265032855,0,0.5368971482123893,train
0.1885208839257924,1.4554156905262083,1.455223044704626,-0.7280706602096944,12.59829312765284,1,0.7756433601407811,train
-0.2459569890646197,0.32940015652335036,0.04737164892534196,-0.2731592591820155,4.043991959338355,0,0.4762400222608869,train
-0.019766201013786993,0.4041012826425436,-0.34157903830669323,-1.2958301733122288,4.246369991382464,1,0.4610516057847597,train
-0.028072641133540077,-1.2193988097692252,-2.8986678665678487,-0.3774244889869652,3.719794447757809,1,0.49358383595209626,train
-0.32243481948734276,-0.039975203022422794,1.2715786830871236,0.9803677430288986,6.474403546133212,1,0.5802612704051587,train
-1.3015886502129381,-0.6128405418783991,-2.69627135672404,-0.5188502810604055,0.25853011698046147,0,0.33545254137686153,train
-1.6602613597256708,-1.1681157460170806,-2.2466136861260546,-1.4656168214765781,-2.7585830195485292,0,0.26518080025618646,train
0.7406673120367316,0.20927392606795328,2.975725189548273,0.30817889613682853,4.622779663103922,1,0.5767696841079588,train
-1.476057243000551,-0.03606822995795278,1.5918600008520087,0.18867452873775026,3.122817412758151,0,0.34632312584259983,train
-0.6023010932739766,1.1679189480457992,0.5563653421282302,-0.566304081201315,4.121908401194019,0,0.4952965992323734,train
-0.11872249474223232,0.2028914364985377,-2.432642230068174,-1.079086339178323,6.845672670448569,0,0.4914902337042092,train
-1.1025040973987765,0.27363219449915405,2.121027428558861,0.14591399766911026,1.413474355566551,1,0.3348027848623405,train
0.7386152730800105,1.3364447973050362,0.7835355347087671,-0.9127504397792842,16.19901963864227,0,0.8653068449479036,test
-0.48841167658445767,-0.4365345935187,1.517550746548645,-0.8201508842090064,4.937949404729418,1,0.5275516482818242,train
-0.19935827481914797,0.6282594378662124,1.733864440782014,-0.8421588744767434,9.12381115749368,1,0.6065617174204407,train
0.141831491316251,1.2064188105468967,-2.521389869921337,-0.13479236500114228,7.409275271192,1,0.6481067158869757,test
-0.33884785383872296,0.6926007614772325,0.6218304223301678,-1.4954327152288054,7.6760830427668685,0,0.5667003732488383,test
-1.1542304270692672,1.837325768110307,-0.518497269295108,-0.4714317562301557,-0.8620430603823346,0,0.172259467307343,train
0.48884009073655377,2.2974800340133736,-0.48151155900584364,-0.21833906122687397,10.225687244474164,1,0.7601546243422204,train
-0.8438167490823333,-0.3401819475501821,-1.6726910222698443,1.7923894436726462,-0.546704383950455,1,0.24253251103994466,train
-0.9656125365767633,-0.18553264446769085,1.5697017500277104,0.2429571138253984,4.509557440939799,0,0.44500222618830687,train
-2.067209792029507,-1.4932960538175375,2.8762636332218072,1.5128623316504461,-1.0183754410746637,0,0.23392276411405105,train
0.41912187701154635,-0.33167665233355315,-2.1859929599011743,-0.7673038809224033,3.9186889440544075,1,0.4998938534019479,train
0.5212620623931372,-0.6479179925347807,-2.008078833300606,-0.7554515054255138,5.354278113779346,0,0.44625259718000015,train
-1.1833468226629096,0.21044417259060869,0.5634703920264323,0.1401132012459751,3.6872346673874743,0,0.36012268951392495,train
0.15465040583236062,1.2404200766061138,2.0726014807619224,-1.1454314502946141,7.386458949874801,1,0.6929096693168707,test
0.05279638589750651,0.2796929159858568,-0.029413932633446827,0.32526467596384456,4.771498669358605,1,0.5259253951398554,test
0.016273825220992934,-0.986398592247177,-2.540485287882415,2.049502306011806,2.8712969188701645,0,0.45189624431132175,test
0.10033551292072457,0.46340128755213256,-2.5768063899446334,-0.2670342615129009,8.281371323738531,0,0.5871225053945207,test
0.011154473966552678,-0.9890290152883214,-0.5807684828345714,1.1839973306086975,-0.34500222721117746,1,0.3331192458555532,train
-1.250159804078465,1.138441040685116,-2.530424056859957,-0.33012572498230197,-1.460982310080539,0,0.2455752483040679,train
0.8321395368556291,-0.04171651772065661,1.0892241053303007,-1.5014983112706877,9.28784684326808,1,0.7697081632195671,test
-1.5819969629891333,-0.8478315092865619,-0.18968742643427294,1.4394664400785309,1.240884933623913,1,0.24731433410150164,train
0.4399710254758326,-0.3754962672178213,1.000045085724257,-1.3695361025827741,7.554590182034185,1,0.6758016542650522,train
1.025661180402813,0.2969581752741649,-0.9641081268637928,0.7678706068034988,5.383988598800525,0,0.6105884188120776,train
-0.806049185503121,0.6191095456241916,-1.4573766707257676,0.16344295834785252,1.780026800910618,0,0.22990021676878955,train
-0.919783678417644,-0.9994509420220522,-0.28173102469730216,-0.011232624083762459,-0.9437490982678265,0,0.29518340102673185,train
0.8929606138083206,1.0423849896079644,-0.7776471010523687,-0.17167193090023838,8.285805088548576,1,0.7050905085614887,train
0.25312963547992257,-2.3102986386611555,-1.3603129559042588,1.1868155194554757,-3.682843662760245,1,0.2154072387764838,test
-0.8986322968433758,0.6636009458561144,-2.48303781190356,-0.3677159098926978,0.2513117700475498,1,0.33241307748790533,train
1.9247339202054645,-0.5615465790620954,0.8084128010453222,0.6385498532425061,13.760570497595603,1,0.8069277089630874,train
1.4068320463956248,0.5514243352179486,2.314705394535993,-1.338427220831081,13.875043464005895,1,0.8384762099785743,train
0.3119294829792906,-0.23862364726912838,2.5257905212179352,-0.29670402546854846,3.7854195140441185,0,0.5146982291104519,test
0.14668669783084196,-0.7330475546660274,0.0168901144352942,0.035377757892920726,5.481084740288111,0,0.466702153298965,train
-0.4450760330894552,0.4196882718881705,1.7194617214749073,0.7575991583315546,5.501008413299326,1,0.5401869479320519,train
-0.6976193832761134,1.187188343577587,2.9906067227640865,0.08965455860967059,2.249393210313613,0,0.28353053703814857,train
-0.19002095503768526,1.2895654401573753,-0.9617700195847996,0.06774764800733009,2.189037163869315,1,0.3945535467352359,train
-0.1858889503251239,-0.3996506140106394,1.4661114073172206,0.5286529724017878,6.681374341413714,0,0.5789547760657995,test
1.3490841699550702,1.0755396266921684,-0.8300250068836288,0.7130167143577694,10.07024716104748,1,0.8059620396459319,test
1.1407745791702033,-1.4852447319405297,2.061373619670059,-0.8419864626680507,3.633366261609291,0,0.513066023717639,test
0.22680578767799398,-1.1708334633772746,-1.9936101258412884,1.26248699662756,3.132171277029283,1,0.3583877033536709,train
-0.22579980565609992,-1.2828759924653383,1.2212689672541046,1.5600410690276008,3.4371408390950617,0,0.5359933648504543,train
-0.12216360811153089,-0.5927022217376325,-1.1409534982155538,-0.11457748812680917,2.4128484689885763,0,0.30311842490266633,train
-0.5849127239502709,-0.3072250183730627,-1.4050489182071182,-0.2536708268950313,-1.39405950331303,1,0.2586717301455618,test
1.0661632852125387,-0.5773878413742071,-0.7443797948764104,-0.0004904643347554259,2.9126402606876614,1,0.48426956209052885,train
-0.10255107494121407,0.13604418817105,-2.9686092186605144,1.940077973831327,8.26117085844093,1,0.583737855588286,test
-0.6989649195127716,1.0416833356837885,-0.5867586946985881,-0.3206595161975744,-0.7065634307788732,1,0.2811549279304313,test
0.30534949081553386,-1.3775520356266133,1.2269962088485284,-0.48995849599360086,6.78522288407021,0,0.5632860669811727,test
0.8135072528257892,1.1623054340921573,-2.378314846844815,0.4287443771336018,13.297634098467249,1,0.7892330706832918,train
-0.7363033448757036,0.7164661846553037,0.9535076823954309,2.756538890504268,3.534653921258172,1,0.49480610523917035,train
-0.14102499512656097,-0.8952118764983567,2.050227802020851,1.2769167705434248,2.741754061253622,0,0.4854664368332733,test
-0.9043703166066791,1.0188963926575012,2.353544118183475,-0.9402781540870565,4.711884605961756,0,0.3257640689406972,test
-0.06152795000117987,-0.5217437737848916,0.09988804983735644,0.4506457556604938,3.133689620149461,0,0.47090660710740057,test
-1.1841163177178624,-0.2553514897754012,0.710553649278097,0.8045628191847755,3.2462884135567687,0,0.3965188463219227,train
2.356688705042506,-1.3765476084634367,1.7630748243263774,-1.4384266213320027,6.104123564398906,1,0.6481172133813157,train
-2.1326511229922542,-0.2512825104108848,-2.743496522379827,-0.16849569169196332,-2.5629640172788664,0,0.21425615795107428,train
-2.019805128786681,-0.9880089377360386,-1.2039652993010264,0.5377899386557055,-1.3833393450056537,0,0.1562224986700259,train
1.1736336155481384,0.24320333466222666,2.7992408971159586,-0.0069954986137059855,12.546540108637604,1,0.6945151402012046,train
0.7637027797533553,1.9930288707456716,-1.6486864250885953,-1.8072452680109525,12.917225601717758,1,0.7835445148737205,test
-0.5310536450054921,-1.0544043094595306,-2.9109337792132575,-1.3863482382729972,2.9660823887255745,0,0.46054667061490706,train
-0.3559204109384587,-0.2749156644580005,0.7480310995091797,0.40503966356175336,4.388101594309873,0,0.5402415498690838,train
1.0618607397306958,-1.469169627439389,1.4362267817288243,1.441412904297783,6.688295894170056,1,0.5863203466043948,train
-2.654857701111987,-0.28240490997521284,2.335342615178871,0.4387783579729106,-4.139089927866417,0,0.13995242567755065,train
1.1953305690849538,-1.3311532119932636,1.0295756852316806,0.3184028209116517,9.701737778374651,0,0.6205578242294064,train
0.101178586563021,-1.2901371390192524,1.636407760630913,0.6407612815511051,7.536376546045426,1,0.5362037380044775,train
0.6122043799955699,-1.2099156253650405,0.19914591723142294,0.13845646217859958,7.805776190364064,0,0.49525775799771693,test
-1.1950657837429466,-0.3376663467633272,2.1348395557554776,1.4016559118560146,0.2937639278502837,0,0.33800862193258957,train
-1.0593692771361138,-0.41650571078761184,-1.5375287709338192,0.6000046322714581,-2.110604859252016,1,0.21063241490009554,test
1.448864756147284,1.1977649965633366,-1.805392400667493,-1.4936620921790265,15.183297380889801,1,0.8518336362226667,test
-0.8286398971861523,2.244986738197377,-2.4189532120307664,-0.7315038215250632,0.7494726684544359,1,0.3269672876189705,train
0.1994676826398752,0.14030648114800953,2.177414420633788,-1.0569262921234313,7.025494886565588,1,0.595311019743934,train
-1.2294686356413644,1.2696211086301767,0.5423664647673005,-0.7846431653642774,0.10898426469490541,1,0.3043777341539765,train
-0.3958467418011579,-0.029221526269777986,2.315259791210865,0.2709257717414362,3.4256239640457906,0,0.44003702915904225,train
0.5181036876981278,2.534135962691382,1.358794438363078,-0.09901371940479906,17.677503556402105,1,0.9041342445977557,test
-0.5671603779425626,0.841272479028154,0.9676197698336058,-1.1774895499969797,3.5978480944970266,0,0.5429190411001286,train
1.7070174081919713,-0.3754773686807752,-1.8137152044865559,-0.8638915747414091,5.323150556652467,0,0.6363086140701,train
0.6581469759328265,-0.5958274580288254,0.9168762584076751,-0.04494656321972718,11.833518532151288,1,0.6751506671751393,train
2.5192124094684014,1.1740631601059104,0.1808756874236579,-0.730223940342649,21.37409896198052,1,0.9739381549409394,train
-0.13728181850537524,1.174739906178163,-2.7820208488820195,-0.1436198673700712,8.155466691994544,1,0.6085039390727975,train
-0.8114815594042906,-0.9444107598840076,0.6197369099280716,-0.08634923083740553,6.616508220640369,1,0.4518787010608271,train
1.5198570194762586,0.3618763762881016,2.2695343738944223,1.388722363990265,13.553788859893508,0,0.8355312783905355,train
0.805125423062267,1.098641645577535,-2.6434845484615326,0.5937738316488334,12.18158507374812,1,0.8133012633797749,test
1.1183400917250652,-0.5012736220001514,-2.4665342814087112,0.6020568341760276,9.35183342255997,1,0.6331080850437215,train
-0.7030650411462609,-0.4325196759353159,-0.45583750074932183,-0.1331529232885062,0.2060284904002806,0,0.2905348272500538,train
1.9977203479116867,-1.6493712992981058,-1.7371711207510083,0.46938283139362186,0.9869771245446849,0,0.3386068594765549,test
0.3846237064155884,1.1523524850680538,-0.9471697272006843,-1.211565361979084,8.929010854097346,0,0.5638544163553425,test
0.47923732045909867,2.9539878942463518,1.4068126936062892,-1.0858390485211866,16.95763102207189,1,0.9144535466742184,train
1.1234409519591706,-0.7191748317785319,-1.001759163408512,0.2047809851245604,3.7972205357058137,1,0.44568568817467696,train
-0.37139676584261844,0.8352060461887968,-0.8169691772184509,-0.6745773941048078,2.5920260161205864,0,0.33502470223076153,train
-0.3574419474477048,0.8362655506345537,-2.3801778236654814,1.2534881866708047,1.4829566673376888,0,0.4543465742530597,train
-0.9615248192863678,1.6566447960398243,1.0639028955569403,-1.958295855141721,4.936115740985332,0,0.4212729277452326,train
0.12021296082486763,-0.8968381619971727,-0.481284912823297,0.05972966102122429,0.2103155575546456,1,0.36341551354344076,train
1.9240585618507937,0.06590634632421129,2.872214052868535,0.402888865196153,7.794789444598617,1,0.7770486232865677,test
-0.4330068464632605,-0.5882216784401055,2.7565386157519107,0.6272636375613505,-0.01095229249841112,0,0.33876744482512305,train
-0.40587772378865405,-0.1526206578463751,-1.2226760351237518,0.08952359429025375,-0.21919572272144427,0,0.282519396183284,train
-0.6177848825798472,-2.1371636975127557,-2.7214810786776473,-1.072895836113946,1.7306728996539409,1,0.40799686902998,train
0.9784097930786957,-0.6475943417111238,-2.3282690872887573,0.19357252767206068,7.163231525351236,1,0.5641717878747335,train
1.3756476703285017,-1.1982211828130698,1.1108919577607619,1.469652871757179,6.116429754603207,1,0.6595762315821457,train
2.066185486742986,0.58597426718311,-0.12018146891456638,-0.21399910281692702,16.02125639272591,1,0.8981174022746196,train
0.5061541762466562,1.017191119894496,2.5105670914723204,-1.4684146670957678,7.021340765944535,1,0.6951760316794413,train
-0.35222543770564996,0.9642022741284807,2.7295643866411083,0.3266981247571726,1.8136427913471302,1,0.41033271309649383,train
1.333278727951734,2.4212072194241503,-1.0572664793077955,0.8599697503314647,19.23623903181179,1,0.920387537118977,train
0.9275778563938525,-0.8994545185796866,-0.7470762699718292,-0.2179761863408797,2.5138195219131303,1,0.4124622254049708,train
-1.8624831081800965,1.0548091813174651,2.1387707278952757,-1.1764085358934888,-3.7400345099651098,0,0.1519558327458253,train
-1.2948276987365297,0.048549201310337825,-0.5898133044104177,-0.1486668243147703,-3.0888108028687706,0,0.19157038223721634,train
1.8278029015724688,-0.6609534983375347,-1.3067914095969597,-0.22915125981371495,7.607422154137936,1,0.5446153614042759,train
-0.07591031718516404,0.7124819062608743,0.903349508344859,-0.25116094845659953,8.74865693855443,0,0.6613230600314945,test
-0.2423771191575172,-0.032548180173645004,2.295645326290636,0.5944888601608248,5.333495895091369,0,0.47302708246234004,train
-1.87329621831572,-3.229406093393804,2.363282039552079,-1.825093486713311,3.214493595783929,0,0.4976759871270097,train
-1.4761498869734748,-0.058932036460032367,-0.396859798888749,-0.23787968424643297,-3.635353047874136,0,0.19201521706705443,train
-0.5444641753593016,-0.1110186331842833,-2.5296167441075212,-0.4418533888380956,3.8695480941065026,0,0.4124545126579662,train
-0.7411226910996332,0.25514534487529167,-1.4329160094227382,1.8907958726896736,-2.8405571770189,0,0.2406676318278677,test
-0.44380746640466445,-1.4357988004696656,0.12482194617392217,-1.9376981713844943,2.6407054317363574,0,0.3942365837185004,train
2.730922509445526,-0.9902196140739494,-2.0889193653784464,-2.199807574754176,8.967778334541709,1,0.6328989417116438,test
0.0019292030728063432,-0.20679146390415032,-0.2598662088142878,0.0222498721840289,4.327541764853647,0,0.43580118414758695,test
0.795460473187889,-0.21411773333467254,0.9893031023494281,0.19762688409855125,9.11095930675654,1,0.7421382732120922,train
0.25769127166357425,1.61652439847317,0.17183405792801665,-0.5335957741151831,11.925857547431773,0,0.7250230130298569,train
0.0052888672725790765,1.032134127241813,-1.2666163060511118,-0.10531715064541836,2.9648911199711905,0,0.4303264412317441,train
-0.7098726688060928,-0.40796443748642974,1.1513911373397612,-1.1315079160295474,4.711999410553405,1,0.505030159577825,train
-0.554133064323779,1.0446238923034048,-0.006446388341774245,0.1012749344530247,4.720580675432577,0,0.41016657008291496,train
-0.044334345010475854,-0.4783776576127749,2.2924992838845544,0.16205261333463292,4.354013982543778,1,0.4809735667024474,train
-0.37982815988075846,-1.7679968750281159,-2.0016299936166164,0.23450019918941656,-0.6299320100826376,1,0.29701792058862925,train
0.057846082065106,0.007321079765863727,-2.2704780530713466,0.11557177887771528,4.757953493474515,1,0.4832919038686546,train
0.2668718764505786,-0.029230452446385845,-0.6751885872923693,0.5304254194899574,1.9530802262837268,0,0.43569099420776236,train
0.09626442386759834,1.3014560522444187,-2.146737415808251,0.1680044997346441,6.1151439841114135,0,0.5750301824953485,train
-0.14743498873963998,0.1820772817763795,-2.730510526162901,-1.195233286784593,3.5086009894139747,1,0.5393523591969303,train
0.43173506128632966,-0.26761475516196637,-2.7835761149407823,-1.73952456993496,7.428266856981651,1,0.618256494775321,train
-2.0698973415183817,2.0349268704574985,0.6000341210252467,-0.5159846669705792,-8.663070441845175,0,0.09361874375092737,train
1.6649682572884215,-0.6948415640019295,2.533907010722217,-0.2933740940921641,9.61167424425847,1,0.6355369901521825,train
1.9166729850205515,-0.5188349268729995,2.9761389720897142,0.5580672797466624,11.1514296824175,0,0.6381107664072816,test
0.7284078617861777,-0.7860540986235888,-1.7273782486193077,0.18655285880853129,3.8774683869864437,0,0.41394318176444633,train
0.39013871001199607,-0.2887663508342861,-2.9143071210407303,-0.002773638763350318,10.257830781716248,1,0.6292518124593884,train
0.3233923040951485,0.19275359291021993,-0.8462950745738564,-0.43329343873825615,6.547157977286601,1,0.4518512982774951,test
-0.4526452785195692,1.4968221419234098,1.4916120243990125,-0.20970188960804895,5.277309936547175,0,0.5903905179497521,train
0.15102230536446104,-0.2021376561359286,-0.489500997278153,-1.0470500433345586,4.080081459667688,0,0.4239894458959131,test
-0.6061339761147888,-0.3774951250308678,1.642802941850693,0.16336755330927305,5.31927999303223,0,0.4992016674460085,train
1.3169769806117444,0.09746720675691042,-1.3806645223115255,-0.998349726320887,7.183830753394973,1,0.6308696023635985,train
1.05459117273473,-1.2224524831931174,-1.892612022899225,-0.720737131212613,3.2436574076775537,1,0.3983228021500121,test
0.9351486425762676,0.67548711754365,2.251178366807694,0.5473931490049178,12.94207916875778,1,0.7865454825090696,train
2.249619881460594,-0.9859715829257202,-0.9544206246083471,1.4287479515170087,4.826203237811371,1,0.511203617149608,train
-1.0579449043605387,-0.055093968601757075,-0.6550434481416012,0.4932791496460602,-2.369097270785081,1,0.21906051854091332,test
-0.36439606858125395,-2.941460869901943,2.011273456739448,0.3886870400521302,5.774375762534397,0,0.39200714767472233,train
-0.50953285189243,0.4670755784528381,2.374795088324949,-1.5134036946304776,6.069982445374462,1,0.4188396447267885,test
0.7511822582221157,0.20867137690022758,-0.02921546080394144,-0.10255695315170324,9.823439925417278,1,0.6654060104235155,train
-0.1975899305038007,2.8366854564971256,1.5389170746760676,-0.6937626445125329,9.111090058174543,1,0.7296018443391642,test
-1.5992225653557317,0.6457999977534129,-0.0532982203911625,0.9084909095155445,-3.6753188459175052,0,0.18004976435164424,test
0.2925014082603132,0.6725175536412695,1.943822716671085,-0.9119897627171603,10.936622653588117,1,0.6988083680129182,train
0.4929941907575362,1.3590866506544836,2.8451048214356707,-0.4726233501742678,8.242779295559837,1,0.6761314902477569,test
0.31277536223340946,1.7351322696354134,0.4386937844887959,0.2075987530023328,12.752931114353663,1,0.7832781746213872,train
-1.1086663200063263,-0.7062146256695425,1.5228333817756408,0.21759535883998685,3.9058627450192573,0,0.4417112453890917,train
-1.9718100718797336,-0.10541108654585239,-1.050996058894036,-0.15993685442757874,-3.4983498912301867,0,0.11116801411896084,train
-1.5571663169635857,-0.7072565683433603,-0.3013326779561578,-0.8706090426390577,1.1703272996509335,1,0.22662766115565106,test
0.5668884425031919,-0.18203814083063624,-1.9249006261023132,0.23483647361028373,1.7926701701142487,1,0.4990806412383203,test
-0.0647540530643141,-0.20918324076828412,-1.1006500487514372,-1.172359785354162,1.961770872885522,0,0.3331404155464093,test
-1.2343043467284622,-0.25589973918998477,-2.6386515884422295,2.0127611665838816,0.012553902169581965,0,0.3193697952633527,train
-0.6951992196254374,0.9982465114136105,1.0353169753893052,1.368701131476966,5.848550522817775,1,0.5115840424542203,train
1.1470726048149595,1.0862803609856622,-1.8055842954304615,0.25411560004503664,12.943272230508354,1,0.7836358780446856,train
0.2747791642926499,-0.2899423607391204,-2.420749841762824,-1.3223618829589472,4.457574531015498,0,0.5247223851042169,train
0.7755276143464682,0.7856747332526706,-0.45173343270869903,0.7688307900774499,7.855422542141516,0,0.679237733065243,train
-0.04504285298420949,2.037770717210762,-0.5167992081545583,0.24783288611395113,6.990505205495845,0,0.539617141730872,train
2.1083550607734303,-0.42983328823008093,2.6044524967475837,0.9247472576412745,10.878334847942837,0,0.7365212494688955,test
0.7545050291573706,-0.5939795880342567,-2.764339659528231,-0.09696736816566486,8.461755604395291,1,0.6214600162823524,train
-1.290159203357649,0.7493115690021857,2.150951218045922,1.8058451013007029,-0.05716936743406849,0,0.27358928111350006,train
-1.3324680335879693,-0.755082288757789,0.5360342446909767,-0.7715079909821159,-2.431360256637964,0,0.3777123499825466,test
0.5772566664566037,0.3428190971869654,-0.5567245286053932,-0.19171015446986386,6.723389671037374,0,0.5593952343223141,train
0.5703758305696771,-0.6496214961999791,0.7846007760621667,0.11074593104848773,8.061533791988527,1,0.6479166729752905,train
-0.28995409693305507,-0.4175661240908175,-2.5339532139398777,1.8755380969830107,4.278141346161236,0,0.44594058382539603,train
1.006561132896279,0.3432872352404612,-0.23450103669908673,-2.2201347066878308,11.035075420583537,1,0.7000323308666195,train
-0.19802877765203386,2.4334423165130374,0.9942582699374931,-0.4901088490537077,8.278075008420593,1,0.7181414243162103,test
0.35364994127517013,-0.4604300576415306,1.8023412889129267,0.6491336766583714,9.902295432430908,0,0.6217449468337777,train
-0.3914433531211021,-0.7644617638778387,0.5730799288142903,-1.0497502415764655,5.600210439427635,1,0.4952287870640769,train
-0.41243970795691043,-0.6835705667729485,-0.39104100447544177,1.1725011755191652,2.869595746910128,0,0.3307404731403512,train
0.45458893749285845,1.832569023872259,-2.135881225861817,0.0431726563201855,8.180753287729692,1,0.7331450084603705,train
1.3540459269012872,0.7442660677546298,-2.7085157330573812,-0.17783467184656837,16.683617649490877,1,0.8691947080345317,train
-0.6620424417276702,-1.621887660954331,1.2321068103847193,0.4465945221411932,4.0167939704757565,0,0.502355139662278,train
1.2033365597906405,0.7433479020729514,0.5392605497524974,-0.25130280686681244,13.466313148173821,1,0.8690376139614409,train
2.353260464256236,-1.330235905541205,2.1290270485369547,-1.1132437779277784,9.112824754576549,1,0.6080351596456366,train
1.122268242581868,-0.2754751286748121,-1.9317946103534946,0.21026528444378859,8.329887320392757,0,0.5813873893075268,train
-0.5051601812466933,0.034445686117079856,-0.4079805151288083,-1.6927573764746549,3.9493747853404892,1,0.33292338974620583,train
-0.08123753603222157,0.8500445357639838,0.6009117988404111,0.16686988223913993,8.859097475439826,1,0.6389978065738948,test
0.9791815448467467,0.6484891235787621,-2.773031979100054,-0.927894067149002,12.823938937616278,1,0.8130232691099982,test
0.05427082429764415,2.6328717511824573,0.7191619387312738,0.09601625653655468,11.807952628203848,1,0.7933369533834674,train
1.004749441188495,-0.3789222983860179,-0.8191035553348915,0.23308238594446734,3.2178197816220386,0,0.5023533907475636,test
-0.03292152392464919,-1.137230062248161,-1.243414736835191,-0.6593390171934723,-0.8482749349431542,1,0.2812669596959696,train
1.6796731712190456,-0.9988756029249906,1.634326877634603,0.1868051900042914,10.699143964334036,1,0.7035083220901598,test
0.06506606227821793,-1.322998107591157,-2.197184901931454,-0.6077920005163319,-0.7364665610564587,1,0.3678049629094205,train
-1.0943335472333657,-0.8059038203996066,-1.7333463202938755,0.05607552967801268,-3.140912464871188,0,0.22946500626946426,train
1.0261788368222748,-1.083371943422975,1.4477184680423099,-2.382459072801394,7.978457847458641,1,0.6474571915949232,train
1.338965677636408,-2.659142267767025,-1.9800722765878944,1.8256226618622653,-4.327952013804834,0,0.18996939030265117,test
-0.27376933823427196,0.9367984580169897,-0.726440281099852,-0.40592605791580033,1.178320505525088,0,0.3727232944094138,train
-0.5397641333660579,0.7658161866082484,-0.0646083224398235,-0.9716229741842414,4.877652855883333,0,0.39804654357528807,train
1.081299785433599,-2.6115469478914473,-1.0293166065471113,-1.5753181202932505,-3.2039879076171545,0,0.1671613452359629,train
0.6502370638052325,-0.6272977152348386,0.6098983189808713,0.8565866623258023,5.4281628276224385,1,0.6415742184866041,test
0.6196266066596622,2.1750191434462325,1.6680163658050269,-1.0445988833918776,16.962061062159535,0,0.8948013607960806,test
-1.3159040954810468,1.580623809701272,1.2552291153901836,-0.241988374067209,-1.3229524726890136,0,0.309933724815683,test
-1.0860667106576705,0.4973287215283038,0.5574742815522997,0.6604974711998534,0.49263080232309275,0,0.3701293364092612,train
0.368792769757187,-1.2765529546243415,-1.2236027146550126,0.028240613711718193,-1.377010648492287,0,0.29655304384791586,train
-1.3870073992161032,-0.17287721177623014,-1.4000758326926444,0.8634104051991717,-2.029224844821968,0,0.16509264847995317,train
1.3636501729805637,-0.8821024450048585,-0.7067395845833229,-0.9355123465884324,4.646668175941134,0,0.4668562285874521,train
-0.4708952422258944,1.0206050231526078,0.5990172049569971,0.5002494192741739,4.058640586006611,0,0.5380363229765004,train
1.8850601866449888,0.24649746085754337,-0.4481156650696274,-1.0385652313197242,12.016244776033947,1,0.8035461609883578,train
0.9001312138798481,-0.5460551131497188,1.656857188640858,-0.7732571274853984,7.8581242072226205,1,0.698828648752694,test
1.185762520676564,-0.018340696127829483,1.8439282663589491,-0.9162266885658653,11.039787584053878,1,0.7881049449607176,test
-0.4476252106289484,0.7084832571771899,0.9783592216191748,1.1792701468660813,6.819801399845405,1,0.5725394100681047,train
-0.602039964377912,1.5070580793354444,0.5619596214405176,-0.7998483557404997,5.332847192922497,1,0.501106070118887,train
-0.2997184388955648,0.5885080750108981,-1.2318487956335546,-0.2978445994632398,2.1373416802538765,0,0.3265797500365196,test
0.47079060054124694,-0.5308252155066128,-2.4176323784508886,-0.24418408868522393,5.368502821981723,1,0.5281542946644687,train
-0.9915634137133481,-0.007760033829576205,2.055215855170866,0.1594467834343869,-1.9522477909168376,0,0.37404916100848973,train
-0.9699607316874903,-0.7341420961902412,0.49802677195102785,0.24926995628205825,3.948898065325646,0,0.4142118907009215,train
-0.46847538755084567,-1.7217589707452439,1.68375531621425,-1.1922440925394686,4.616961415721788,1,0.47960987680281175,train
-0.9847377356228376,-0.4690706023121514,0.3874582256741599,-1.0889476674749825,0.8358179346684751,0,0.38951302492426526,test
0.2309607822651491,0.044424934002439714,2.6646913233646776,-0.6688226301873764,2.066450413640662,0,0.502113975319031,test
-1.0395436743073725,0.3194919509897043,-2.617941522779291,-1.123194293624345,1.007510521628052,1,0.3309379345350672,train
0.2280867003279418,0.530764284086575,1.1329544901522803,0.9934254116027329,13.545901544471377,1,0.7243552292834636,train
-0.23631028956353775,-0.496100863307043,2.103294840217991,1.0609216528994956,4.9954097472595205,1,0.48607707195558514,train
0.8492335471726131,-0.3718266188217541,-2.109763206159271,-0.3150474676024363,4.74896225487007,0,0.5501769270706667,train
-1.4809381323951276,-0.460000094265709,0.6383467352685157,-0.5458969012162278,1.9267027702199302,0,0.354339400702474,train
-1.611682008897933,-1.4858758100614238,0.13432133655462675,-0.9870933026385748,2.396118425381518,1,0.339785285350403,train
0.0035737903366704787,-0.20866865175703248,0.26668734664851446,0.11784290155079306,6.52202770276843,0,0.5344183131655924,train
-1.1023447044014725,-0.9589271520639928,-2.3598173915326153,-0.469926719481815,0.71586022950785,0,0.31428708717975096,test
-0.06327722440056757,-0.826811859471398,-1.7658834773819583,-1.5826699173150507,2.979777739068006,0,0.3280067125434018,test
-0.4892715637451133,-1.2181559171205494,2.2032171514963137,-0.34117467438012933,4.241981917178725,0,0.41310414840543525,test
0.08753379946593767,0.4418197934510345,0.4802351306045498,0.02890078258456253,8.65764006882823,0,0.6353400494907083,train
-0.3548622417639838,2.5906139187059276,1.7733028600030911,-1.0628891011898012,8.884928740421849,1,0.6358194255996805,test
0.4993074947940978,-1.0723915580240604,-2.0152842415294647,0.6358752570224839,3.822821532786337,1,0.3938816382670193,train
-0.08626441128745219,0.8562074597179986,2.735127255407913,1.805107770980037,7.293757196096873,0,0.47877059752815887,train
0.33041350997206126,1.0159116153935062,0.9412254707194068,-2.0083181465326927,13.490989036856332,1,0.7758183357895774,train
-0.3113050765954108,0.20125076678458576,0.9170479974783827,0.24213449979027682,7.495332728815614,0,0.5827913252533674,test
0.07638571247142016,-0.10503585681894254,-2.6392765907964364,-0.5280037977982749,6.077632791802196,1,0.5475421364154484,test
-0.4604451943621353,0.6353559028530417,2.848654473973391,0.9192392179146377,2.520371660092442,1,0.35282143686896705,train
1.1763721833105314,-1.5991857977931374,2.013390247979858,1.412798957760527,3.1912409929547314,1,0.5014064234262474,train
1.6621357968704327,-1.0741057647307335,-1.3606008250244568,-1.7165633953293316,1.6539105689205567,0,0.4272707240676369,train
-0.6807714820642319,0.4188922004026268,-2.4234156762770125,2.3164004803381473,4.183157649678427,1,0.372477923066457,train
-0.369092474744982,0.08633829581303382,-2.229550686390244,0.1964212593385896,7.526253205056249,1,0.395966944236534,train
1.0232519097938613,-0.6110049955941906,1.7494403849153013,-0.6675244747471398,7.318804487387598,1,0.6951460360916636,train
1.1569265241379618,-0.5942664480475429,0.2375512420865924,-1.2008911701160256,5.025215791139578,1,0.654641015190445,train
0.4415774837489705,0.9539733184121039,-2.194186189282461,0.2012231916703448,7.372192038482279,1,0.6506919494821604,train
-0.35040993649680763,0.8192305347970681,2.7492640580925665,0.7092442384643873,5.993577309404004,1,0.40203035980049506,train
0.564699446596074,0.8467512112617478,-2.327533595473656,-0.7908851652550494,9.395001447722413,1,0.692005018980317,train
-0.1898925325522365,2.5828620484688667,-2.7001274351410807,0.750812186799018,7.682901346603373,1,0.6520426415100763,train
1.6955645065642269,2.7453528356176276,1.8485376758937182,1.4748719060304967,24.83718584937285,1,0.9874175376903405,train
0.13377580598797437,-1.945599214921457,0.2118352085865034,-0.2551260423777632,0.6742406830268868,0,0.39807664214506716,test
0.33715862905040994,-0.11164652046556736,0.04958030277658354,0.43642310423977043,8.10900292730209,0,0.5626189102788224,train
2.389290523266043,-1.1525216998382022,-2.2187875941340707,-0.5129265526061566,6.060933531668885,0,0.5750860791671626,test
0.47967768625930535,-0.1136017913985687,-2.7502136754457656,0.6449911042576644,5.866735586612675,0,0.637891828580332,train
0.5650293109131443,0.2981712741232635,0.493331965745357,2.060908495828354,11.587289946543413,1,0.7205303477772006,train
-0.19129081142216536,-1.0484918710245397,-2.8482643682368547,-0.5810125102305542,3.9226877407579055,0,0.4824578761667371,test
0.46970603841106556,-0.9515521597654822,0.6205386033725655,0.6421187322674368,6.6216406894241615,0,0.5830183365920106,train
-0.21845849036263765,0.6809824008005425,1.3757588208143323,-0.42940465260206484,6.798817770066274,1,0.6323994313935829,train
0.4303695160206957,-0.4093419367834189,-0.15633495416721566,1.0536075862054213,5.136569693758427,1,0.5065055081655873,train
-0.7604044807357283,0.524736959486076,-1.3649682588892444,-0.9572450640519095,-1.3402456139685648,0,0.23505777204687311,train
0.9721361078242416,-0.25017753327838893,0.4416824544352509,0.13929224503065102,8.265620101151274,1,0.7132439260300436,test
1.1398264632818886,-0.4851724483259285,-1.8607727467341975,-0.606859300946458,7.593373978998088,0,0.5355112352448399,train
0.3129729819877236,0.31586236936410134,2.999491513339896,-0.9330057519200746,6.745851107281784,0,0.49236138371102905,train
0.629399179027947,0.93002051913767,2.0674394172804265,1.1502427943898752,10.618808996399412,1,0.7778941595606138,train
-1.1199057624948567,0.30060115026143114,-2.5048080296060578,-0.5549333663710241,3.733345244229089,1,0.29744872178246445,test
-1.1474489061627184,-0.20752157642618368,2.2403413654952447,-2.0162558625235802,1.463239781185029,0,0.32330923272776224,train
1.6186541476099816,-0.058671643828684776,-0.9729749344253644,0.021652775935498362,10.054838091078292,1,0.657429337947156,train
1.066888993413721,0.8570518078338735,2.4434689244504186,0.017596573309705005,9.958861977846059,1,0.8062700440920385,train
-0.3574822860309882,0.5214616364677631,-2.694825316839429,-1.1729330292912445,6.871109454813243,0,0.5011715786377864,train
0.1364286955595339,0.3740573546400805,-2.8804663568305617,0.5486981429818125,4.861115222839611,1,0.6383576367019842,train
0.5604357168942525,0.7526013189073321,1.9058901584927677,-1.3097608721191056,10.190611795513597,1,0.7662854939857082,test
-1.5853297184324566,1.9335063100387593,-0.6964344562870206,0.34106707593825286,-6.518000400663462,0,0.08731723023032312,train
0.48578496294323714,0.7720553261700075,2.6378242802291627,-1.174052680687041,9.343766046946527,1,0.6424369101656872,train
0.9332681671629319,-0.13263687496200752,-2.6290115868256603,-1.1720289763525724,6.870986142690155,1,0.6905716410445218,train
1.1027109416361303,-1.4737980739078178,-1.3828125812790308,0.23338459769851946,1.3717615882155174,0,0.3135083313752805,train
-1.119418886088951,1.1880307939850134,-1.1208397282096492,0.5883063253372929,-3.7855363073799104,1,0.1623756521046607,train
-0.845315035813791,1.2487978754180382,-1.8118590562913914,1.8487018201058185,-2.4946916129795906,0,0.24393774513177188,train
3.1164995348314193,-1.1331909293849618,2.139059154654346,0.7414310081957826,8.594053690095803,0,0.7174761122386144,train
0.13723720982678386,0.3181677960101862,-1.325854089283548,-2.0621397086957014,3.8190912674660544,1,0.4092615597363157,train
0.1680156935071833,-0.8417107835870957,0.954013711251223,-0.7094405898877698,12.316116121518267,0,0.5944597130109758,test
-0.03155892407894379,-0.8858583833789521,0.8553326644706787,1.7039057429671272,7.281732084256259,1,0.5622056343537615,train
-0.7670973773387024,1.5387530158858382,-1.9205937328443585,-0.3282437747578857,-0.43078290109539663,0,0.27477612694341025,test
0.8182451794537915,-1.7678745931792044,0.14294605953294237,-2.0391918764989287,5.8795095127048045,0,0.4156326340792937,train
1.713814697523878,0.7889533521210481,2.185658394188958,1.7989217810665605,14.539466979575806,1,0.907285469073589,train
0.5395509489056122,-0.4747604434454699,0.7489843126783384,-0.6639253937101162,6.720218727285677,1,0.6609003762434478,train
1.3371644596211991,1.636033378178227,1.2845402744071395,-0.3305997839773466,20.04151916275024,0,0.9514260220947524,train
-0.11228955887099097,-1.4219397773180822,2.892158216181814,-0.1543904356955931,2.378403076569065,0,0.31232014550373516,train
0.3043585321524726,0.3188418953371767,-1.4790569332260466,-0.4243103834103375,4.418282211126311,1,0.45380792561238725,train
-1.4259034674177749,0.4526185145361001,-1.362367606325056,-0.09193027905246007,-1.877365055695189,0,0.13928465846027413,train
1.591139880480956,-0.09255506559964753,0.03235390149865758,-0.07739737517685728,14.538140962349473,1,0.7660904396065827,train
0.7714983777730362,-0.7676242284326865,1.771980786072592,-1.976025033311738,8.61012944693181,1,0.6415176326379411,train
-0.9862036571726006,-0.21655431790270785,-2.816478468351538,1.0038217914684564,0.8740071103712308,0,0.3857096624172415,train
-0.23959087098834678,-1.2362949041869185,-0.36496466901489955,0.631515468784485,2.607524700272804,0,0.32989390312399625,train
0.17137065955662523,-0.9554241654841196,1.0364461151705155,1.0453046297910358,6.638857717907628,1,0.58905542387067,train
1.6928021816447136,-0.8949233571588372,2.2748198025623685,0.5100036073368956,7.497935429386564,1,0.6401049157645802,train
-0.69422936610802,-0.44738748095748837,1.0650516822580807,0.8513980170726714,5.143935585769265,1,0.5051159767836361,train
0.6526701132362822,0.3569209844707607,-2.7235015199289316,2.2325202377553857,10.10176568418263,1,0.7180807862352003,train
-0.4864279439415985,1.1917153080273433,-2.24046582695304,0.33326678883716077,1.4579352739758518,1,0.4023013562887053,test
1.0495479072008118,-0.34295185042101245,2.052148873318946,0.866825748049668,10.302820762356946,0,0.7000688380208022,test
-1.3491004153385655,-0.39221406311525225,2.8120186608456184,-0.7230580882281857,-2.6602052928912627,0,0.22085474179277464,train
0.6363647444578279,-0.908733697204749,-1.092363312946298,-0.7817543516133426,-0.303244538049285,1,0.3587370610848851,train
-0.09632505956380148,0.13544613929257648,0.8175913033827866,0.2197149758708862,4.939780354514067,0,0.6155223701919201,train
0.3272302204165671,0.7563995130020537,-2.9892841513087345,-0.4195943885044928,11.079464502187435,1,0.7257289113989766,train
0.48170706465939106,1.0452191530520067,2.2601944119090707,-0.3536931644114092,11.463776104505946,1,0.7310192662545503,train
-0.14838399526466756,-0.791320044095551,1.7727117098992737,-0.4993364725932711,4.947879468891045,0,0.5326194282187832,test
-1.127929423716106,-0.9243903411166812,0.7981658824930591,0.0696841438751374,-0.12862791128196038,1,0.43909534353435997,train
-0.6687946211949867,1.0140480956145606,-1.199532411606316,1.3275010100261424,0.7793529833141561,0,0.25243944829009574,train
-1.8049488603997834,0.6864066634456457,2.2394761521591846,-0.3927785347375162,-1.9599827102377272,1,0.1720208244278439,train
0.2679422210294479,-1.895691375532427,1.0393516888522845,1.235820837274788,6.962639412708496,1,0.5060478365104193,train
0.44727535161135534,-1.0055981566421113,-1.7739038566670642,-0.5615107233102686,2.1905245417353703,0,0.36310499973392246,train
2.0171720071653287,-0.26608140144162656,-1.31279998933715,-0.6157252291050274,8.223478557722238,1,0.6700432911886725,train
2.0574395856152767,-0.016341958956920033,2.8958929237401563,0.44693196098904225,13.842473628509662,1,0.7775069335517418,train
-0.10407888188866155,0.38164087084668513,2.9901639492204577,0.598563333417798,1.2054103140295673,1,0.40418720980484235,test
0.346485002409712,1.7186450938415092,-0.8715212655952094,0.2242841978032924,9.861005414410519,0,0.6166746061672315,train
-0.9652764755906607,-1.5216228360620432,0.8026434636439657,0.4589457246156937,5.052641928599958,1,0.46907207911429405,train
0.22266782760826212,-0.447020966589534,2.0358091963542346,0.3017002801483386,9.294045168671218,0,0.5697181459004972,train
0.41745759980546443,2.1804953866112062,2.3082164266233836,-0.9818538077201155,12.224335027973671,1,0.8033474276881675,train
0.9264712145315182,-1.504081148137443,-1.856515390358431,0.35315166291633443,-0.2745622714326055,0,0.34116164303980184,test
0.8709054005564753,0.7728817267574983,-0.729075480682424,1.3299379033587786,7.830463775406294,0,0.6669538096959975,train
0.37909472004460876,-0.06459312488387452,-2.909501345365867,0.6779596653003633,4.859868489065293,1,0.6497791787529821,train
-1.4476044004661113,0.6024882443929531,-1.231368836879221,2.0710502132791775,-3.508956284035933,0,0.1307055579206939,train
-0.5849802573574192,-0.22622161664033225,-0.28278878801038143,1.159067397992645,1.9378008280260988,1,0.3341702733482307,test
0.4703272900714204,0.2965752528542728,-0.36344454989472297,0.23467247859197085,5.211518167444271,1,0.5597534206118951,train
0.5504398120001864,-0.6534714003559555,-1.982588813427146,-1.5020085793696325,3.2932535931089433,0,0.44526219281516005,train
-1.8650960964832313,1.1167505238671047,0.5161723074668578,0.903528509233353,-4.074288779770796,1,0.16917848886516057,train
0.022651396966382104,-1.6913015570614196,1.6640546154955347,-0.85764937783393,3.85376780813744,0,0.49747617575455255,test
0.09673439178660687,0.6377877484695531,0.9123273677802421,0.09134988252494525,9.804532293636141,1,0.6965508273526647,train
-0.7039349900164938,-0.9887404281188771,-0.09923564525414985,0.6803593585500448,1.0880951580013205,0,0.34296700635047994,train
-0.3375509820081242,-1.76606823437789,0.6613458353358528,0.9591768217212162,4.027650125642476,0,0.4729654406108518,train
0.9037959497790192,-0.015539566665065875,-1.0515372734955042,0.4413552660985775,4.1887420996911775,0,0.5298559698523125,train
1.754630170262747,-0.5284030021543724,-2.3446632006929526,-0.27380297311665847,7.6173541081215586,1,0.6900259015942138,train
0.6381583643254946,2.125275014485847,2.0946701445492373,0.16942863351499296,14.364365349805524,1,0.8694818369549784,test
0.03473584854904676,-0.6388977862241878,-0.14439424354007002,-0.13718916900049394,1.9466328261420818,1,0.42972397568317977,train
1.1903282908309902,-0.08181926374326555,0.9964101683672038,-0.8931571997191897,11.64081617380472,1,0.8079072048407051,test
-0.8071371447095682,0.5004759134363008,1.8111900951366051,2.497023273418315,4.441059562016059,0,0.44241148488921833,test
-1.4230744646123086,1.049492344824218,-1.2631467654721835,0.7340142414029734,-5.422623030514102,0,0.12061569078070064,train
0.4556926846559326,-0.35189140093965576,0.9533510704609167,1.1058462352489598,7.818634787694519,0,0.6781211847555465,train
0.9531812894286953,0.9179486327985671,-0.8134114187338923,-0.34481916705316307,10.57806155996106,1,0.6998052292737785,test
-0.6157160094281532,-0.2790657422128617,2.533190271424499,-1.1441978463600413,0.16381307319124394,0,0.3564568857512429,train
-0.922021023358234,-1.006520409287107,2.080163638948953,0.21261342866243363,2.5952909016856753,0,0.39887664145511453,train
-0.25279621715989514,0.21976701057765413,-2.7015975522432223,0.24439599216435104,3.81547777590378,0,0.5135705215434445,test
0.0909133981947337,0.3044263227686151,-2.906965092618875,-0.08020409994505268,9.889063254669363,0,0.6269867693298254,test
-0.3529904274346311,-0.5052149870856961,-2.3086901718026525,-0.1513204697047168,0.2667882083208526,0,0.39129480377513515,train
-1.530890189288473,-0.0618925624090076,-0.6699616541861313,0.9717326679143199,-5.637415697069194,0,0.16275918201054915,train
0.49069533656880077,1.4252585240235407,1.389412140748533,1.022020607425425,16.999906823027608,0,0.838858556449516,test
0.011966032388588814,0.4578902411959944,1.00539303615858,0.37081532438604325,7.008029793359858,0,0.6708308536263062,test
0.46499346559658916,1.9230660096652936,2.417381491682468,0.337996550267896,13.601135667121351,1,0.7823136438984482,train
0.8354869152529756,1.9567584192812584,1.9334183353414458,-0.12477405912722839,18.23445198309076,1,0.9018536664867187,train
2.077674650287459,-0.11676576194844036,-0.2934331284806442,1.4268258540663243,10.625807654097116,1,0.7824314216112164,test
0.8250721672724971,0.058780807997542664,-1.0684283060787279,1.0303060244351847,7.604971410821908,1,0.5254036580738847,train
0.3297122170550292,0.4705258571680078,-0.17997678668938555,0.9988421081002398,3.914549622527531,1,0.5789910161663627,test
1.3363829330273687,-0.5963476160953081,-0.11733040920654147,1.7821414750134374,5.884902863386991,0,0.6149764482123721,test
-3.184160349669481,2.2139576611372433,-1.7923559690293303,-1.4941314230615685,-22.085383601880174,0,0.006372674487964054,train
0.9516362873470195,0.442928622946483,1.3548009670789511,-1.458545967060287,14.690814847826454,1,0.8346485041058883,train
-0.9013512930420902,-0.5555085755312076,0.7774389327247455,1.081688893368615,3.549747073811098,1,0.4552985626964199,train
-0.7646519779727656,-0.12372613437566472,-0.7954305883538151,-1.2777159411899994,-1.024484333480028,0,0.2479136857807375,test
-0.11330442243057856,-1.5104847326432398,1.5524247151267243,0.427264491552565,5.622776683011627,0,0.5152667478753574,train
0.8859045614396521,0.40544660303599006,0.541711206959973,2.167919290303611,9.32811701880492,0,0.7916148582543745,train
-0.45949024812701705,0.6617030956102122,-2.7208547098108538,1.8983278985465597,6.062842411204789,0,0.48454961151685444,test
-2.138760806916321,0.4166222637563888,1.3509458073785048,1.8217987626307697,-2.642869487762925,0,0.208858856889848,train
-1.44687059271538,1.8260806402036676,0.1448585802621416,0.13726130328930117,-1.8430397366814377,0,0.17804306978721185,train
0.5421205238751533,1.2553120151963462,-1.2917354940932648,-0.9061797296063514,7.714999012474981,1,0.6163169304136717,train
0.6453893324187936,-2.054903799969795,0.2308601733555169,1.4884022959133056,-0.9830103773897285,1,0.3897191213852947,train
1.5463709616803627,-1.537989051163358,-0.936428479259872,1.1596425762110647,2.1398488388345576,0,0.325492737063334,train
0.2335148186516619,-0.10132864875928271,2.944397848891053,0.8123811713824753,1.0561486776176001,0,0.4421711998489707,test
-1.9050089823905787,-0.5289539803237534,0.15760266312044147,0.52121382121697,1.386718402661779,1,0.24229346655625833,train
0.07142502865916656,-1.4836167058963616,2.1133820417573794,-0.1880693938280972,5.133719235030302,0,0.4502484064990942,train
1.1557608932034977,-1.026442290902035,-2.6958675219807047,0.2098461370370673,5.340579872542286,0,0.585520879084835,train
-1.3526754676580766,-0.1301584445719565,1.3364279513424844,-0.30745846464527987,1.6809440492292418,1,0.38836491354877317,train
-2.08689709423031,0.5554169033227065,2.685481355910568,-1.1900030471490812,-7.6737703672843445,0,0.1056095993523681,test
0.6145824327173026,-2.1796328940551697,0.6210957358392157,1.9663859401181614,4.033748831763666,0,0.43458737172058814,train
0.5613607312241728,-1.5474783636534806,-2.5673400708111123,-2.264716070920509,5.184147712245353,1,0.4391125964001678,train
0.507010595164627,0.8608162578466173,-0.5459222948843205,-0.7500727115935392,4.573165040460012,1,0.6073235966039766,train
-2.1690943751602014,0.4883091954530343,2.1941961825063343,-2.1602766845975374,-6.490569124534707,0,0.14043260457893514,train
1.032107795870915,-1.1440775416930982,1.1836265439440439,1.3556431243501783,9.569121552025255,0,0.6446317789782714,test
-0.5248170913480634,1.470365801907514,-1.0086383308190296,0.4722003508296874,2.3291105515763744,1,0.2983615876374966,test
-0.01019961611102196,-1.507119652161248,2.035744071734432,-0.9297609864546651,3.0110204339877216,0,0.4577535720235507,test
0.9198758633927798,0.33901719165097705,2.1633184311592073,0.28643885428282784,10.272437630819727,1,0.7562541474829928,train
-0.3808122487974276,-0.572092240150248,2.686546783408131,2.6782027217034,1.0900775507166747,1,0.3570784176875022,train
-1.4515451430440038,-0.06738869283388035,2.978002205550953,-0.6849313455872625,-5.113971413062792,0,0.1797492707897817,train
0.1540971442306527,0.3516406729361453,-0.6250347121690574,-0.015663484599472543,0.005414482219175731,1,0.4538274426903103,train
0.5061221591542759,0.30302099368758567,2.6344424235961323,-1.2091687606092525,6.229227081470746,1,0.5936684100001451,train
0.5821606831601177,0.05162920259279913,-0.41006884284583744,0.17459442979326725,6.41220624939547,1,0.5452708960331103,train
0.4178408786776832,0.00020039400577335543,-2.9301840791665454,-0.8071997554449989,7.0764608152991055,1,0.6659273607916373,train
1.8329688415920666,2.1107494418345,-1.9130162343572457,-1.5047762812394754,22.90645226922885,1,0.9615645953445271,train
0.2925608189560791,-0.7654940983973281,-1.2102093348463958,0.01799435114642351,-2.065583180999941,0,0.33709976090388855,train
0.45557870769231984,0.49130548038829164,-0.9390606243139694,-0.8605521642462287,4.187765456853135,1,0.5084308220550943,train
0.4293444996173714,-0.2751934402191456,-1.6717558258934844,0.11636660402836861,4.040263576453745,0,0.43069264715785416,train
0.31866147199467026,0.9575804327600964,2.724219326798238,0.5932677065596854,7.24144915803337,1,0.6033825950032728,train
-0.29573449611375735,-1.2132919515609526,-0.11885563678513744,-0.4840677587987734,3.211481444995367,0,0.36751500373389995,train
-0.3832924770342781,-0.43984445572850833,2.140390793336878,-0.14583632117915213,2.681877142564468,0,0.4598897647579629,train
1.380210657890449,-0.6907785880827019,-0.09891904809320318,-0.7847359677768168,7.837913568023631,1,0.6052502333914818,test
-1.0280471055271845,0.8694864197801639,-0.630267668061915,0.2714545531895281,-0.5294102909048657,0,0.2080759675977159,test
-1.366150233797891,1.0817201790148652,-2.4152992244655476,-0.11119732039678569,-1.2626636391601531,0,0.20759385883806,train
1.3280810234054965,-1.5203581386179503,-1.729517428691979,-2.2658214150365676,5.117801267273382,0,0.3407118004784509,train
-0.8966648903761604,-0.22723601345574013,2.4213038611821975,0.23656012340140578,2.6153089989269294,0,0.33218364185780375,train
-1.0123013235086735,-0.5235215051938505,2.967378216499669,0.7695961730365036,-2.8560288811850185,0,0.24388736717540888,train
0.9252772641591774,0.16430535212973693,0.28525073231870834,-0.836279957310631,7.329120560737498,1,0.739858569695008,train
-0.14204180497223384,0.41466399082345123,0.9013986257123552,-1.152753453711357,8.975415694633567,1,0.6287895991398047,train
0.4885330952867651,-1.7816289469360138,-2.3418415563453054,0.5657980147079013,-0.24528995967327605,0,0.36736566424171574,test
-1.0943607201772267,0.07779472367807609,-0.14634963754132269,2.0424293660610324,-0.19120836556986287,0,0.2718824573503292,test
0.05068345355802492,0.39259922026593264,1.0711546484298697,-0.5948227894764385,11.042622905417007,1,0.6769592348196564,train
0.8298874864751675,-0.6862782850830316,1.9588326210876517,-0.9260096646879226,7.857761455771079,1,0.6348416128148419,test
-1.358724013663399,0.6291294444941239,0.8582014234513022,-0.47231546164090243,1.3587486671216225,0,0.33358326930375226,train
-1.5419408963960062,0.5725674265889862,1.8856628468723606,0.2865344953408575,-0.8386042348431468,0,0.2654705690450549,train
-1.7878180830788009,0.362660826171865,-2.9235228511488995,-0.8676938648403707,-0.9528551437527513,1,0.23236544010313226,train
2.9186487897668525,-0.3829489818846746,-0.10039963819668696,-0.7507065346085522,12.124170620060653,0,0.8403845103518252,train
-1.0004899951836213,-1.571939391589583,-0.9741428375213101,0.10882973606703678,-4.040707494481694,1,0.23203467864092966,test
0.861800542182034,0.3513884738957055,-2.6760333546438573,0.2825782408491622,8.95312127232913,1,0.7486005768403257,test
1.1709461240384618,-0.3569870527950479,-1.8970307765656642,-2.481157062474477,7.681759115694556,1,0.5692490692086765,train
-1.0730723370526385,-0.4090292327621396,0.9597073135899397,0.07747090295939826,1.3921553130584767,1,0.44132764628613713,train
-0.31285974436084724,-0.6057523393879994,1.646456795819213,-1.0038269353803275,8.832470421392362,1,0.5356959061769787,train
-0.3146018861619276,1.7868359519103925,-0.2235132630008163,1.0045539834756168,4.502045802983551,0,0.4715981142414387,train
0.3385125655236908,0.45250970032500826,0.23194371198015995,2.5894788074812176,11.070221883589612,0,0.6527315368140996,test
-0.40382597953407484,0.7776934615510634,2.1622075747163656,-1.052973026635911,4.2484739447087145,0,0.49411751827264305,test
0.3143257728674037,-1.1347467651481253,1.362242958241909,0.04610583842278179,4.401884415253682,0,0.5858008994697728,test
-2.334068700060703,0.1884031608275934,0.5026877485137407,0.6064696963035087,-3.3029254021444654,0,0.16852572662185236,train
0.770340803161994,1.3835503029051317,2.038480640208295,-0.9554756468322231,11.757217661206699,1,0.8463510893295006,train
1.4094848299452087,-0.8418339740016249,2.925884028188918,0.8999110660384609,4.523787207053226,0,0.5069106475292187,test
-0.8296389196286779,0.9797607670752883,0.28993665953517933,-0.10797600591192495,2.2849328754023173,0,0.38486654539483506,train
-0.13947666048068838,-1.3480954516207493,-1.1375494627477356,0.05061330224801913,0.9709467819335338,0,0.2644448343561664,train
-1.5639220067357138,-0.6380878559303308,-1.138755472408001,1.7915105357371526,-2.2630061776458765,0,0.16591483562808895,train
0.20889639961751544,0.7846823229352695,2.434425197114245,-1.9421190155724384,8.499770767075486,0,0.6088978732703832,train
-0.22762043513205432,0.35435768932497547,0.8212669360006961,-1.896204849228448,8.151737347894924,0,0.6003042890961936,train
-0.8556004673975814,1.5407066036114958,-1.8389307823167103,0.8968047766322097,-0.9951360130182778,0,0.24203793033574902,train
-0.38064999193022175,0.7246273142660509,1.9528439441737202,-1.3244302760714546,4.510583725192232,1,0.5341544702325376,train
-1.0831988440003846,-1.4696773645871024,-2.928832967609445,0.8655278620170402,4.447866419209963,1,0.42604564333091133,train
1.0012319355357326,0.7685671031633762,-0.3627462986119019,0.326958302641628,10.56509619052937,1,0.7396759438300077,train
-0.5333766574584268,-0.5826465651793199,-1.8784926776212063,0.1440191439635389,4.061613758825283,0,0.2991437382964832,test
-0.9832830387300879,-1.1900465635518294,-0.6306875227043802,0.6290761495927948,0.5567548461722662,0,0.25019158638961236,train
-0.1999994746167747,-0.6790751195071646,2.879360492942941,-1.2299899691745513,3.2822160800417253,0,0.34509327430218284,test
-1.9088630433256033,-0.4924437354345594,1.194551236462849,1.6320417489739711,0.8341291843089091,0,0.3340917330629543,train
-0.495408485163339,0.25992032540292326,2.4265945716584945,-0.6638463100840933,4.478817936007352,0,0.4075192151534413,train
0.24260492368361558,0.10312864052199905,1.8207920056047113,0.2607869655121398,6.9645544857797095,1,0.6546546777356483,train
-0.32963907359959094,-1.9651791109855727,-1.539528564029556,0.3009353664010779,-1.485949476180425,0,0.2455862667896823,train
-0.3482754013372072,0.5357425869840091,2.2476923664418695,-0.19060621391851784,3.06565614683092,0,0.48398425729088795,train
1.0250120288429359,-0.08574193878163115,1.593868242117641,0.3184941527241211,10.129551025639069,1,0.7788367922360993,train
-1.1684718940430903,-0.8454876457683418,-2.018427511186761,-0.38902154658657423,-0.30323177722072947,0,0.25465290061360685,train
0.6338881937273012,0.7918433761067641,-1.2271783303816164,-0.41797297794345295,6.458802322832655,0,0.5832322721737336,train
-0.1615032265701964,-0.8459732925096578,-0.2489123542413081,-0.37119615685428337,-0.6183415098130642,0,0.37445047578684426,train
0.5729041404853424,-1.8943797054390215,-1.4378493158667185,-0.2625948110185727,-0.8338218425574623,0,0.24957126496790139,train
-0.8243439063098241,-0.8194794621912161,1.050749216691317,0.2951951269159687,4.6024912879526125,0,0.4874640685900622,train
2.2708263023069395,-0.1460314299497136,-1.5091228929194211,1.1246410223155654,11.76188194884299,0,0.7431992222025127,test
-0.7683946757466361,0.5119989617494307,1.596190267014176,1.6197337975642507,4.02779573303598,0,0.47630501266653413,test
-0.1776779102550233,0.9617570442270774,1.783496111332818,0.8241133635245744,8.255438777495021,1,0.6237059533084843,train
-0.2945480195383949,0.5146854255874532,-2.7463293891521565,-1.2581391905412451,4.556783773486229,0,0.5255314273266632,train
2.513211656350741,1.3573459528111653,1.8893875042159554,-0.6160375720729148,22.69713380784958,1,0.9834393717993354,train
-0.16469352939446022,0.17735045841950522,1.651083777216087,1.1117529345444186,8.909695050353138,1,0.5992420493467421,train
-0.3255219772400289,1.472119614016626,-2.3023001112386305,-0.00045601337109943976,4.11542776225683,0,0.474801819498935,train
1.0538134470213287,0.11518449840910146,-1.5366020860050973,0.21277055400214923,9.933638484067114,1,0.5914102992595676,train
0.5043230294275957,1.7055705503925929,-1.7181911028998926,-1.6420816468365111,9.85791550812503,1,0.6832565110095984,train
-0.7509636243444078,-2.0076837615423084,2.21388097588647,0.27091156342629147,2.4262027409894893,1,0.39195720425055147,train
0.882583638671375,1.3506236099349356,-2.8297647140154925,-0.09970163610037276,14.308611168239393,1,0.86502747992747,test
-0.7602168892847821,0.717452694279549,-1.4505381147450849,0.7090610723119459,3.618075080526248,0,0.2379848021329679,train
-0.4977541903210816,-0.4705650204393387,2.5965856138265444,0.867685088758297,1.0675444988928597,0,0.35947248826359485,train
0.9113288667537284,-0.9299171954367457,-2.6609519351254622,-0.7616570357205393,5.965297415860168,0,0.5719431546924386,train
-2.183889869387423,-0.08211290688810041,2.8598768464175626,0.014696166837063027,-6.083329252810503,0,0.1198413806530626,train
-0.4898854840606841,0.3944025462508138,1.2491280649485415,1.1428001441387234,7.564813243570204,0,0.5598284177012318,test
0.08365649727141505,0.8740464242092036,-0.34674693236820975,0.8384981852693749,5.253175932832462,1,0.5229560968565214,test
1.3361351561099746,-0.43268362734846955,1.138121090067429,-1.1735082476896177,12.871790118998842,1,0.782206594237488,train
0.5213944020790067,0.6963696684176643,2.4642055208345033,0.3387864493859272,6.696213053528148,1,0.6720833127682003,train
-0.7353376549124405,-0.013890582111703607,2.24720938858545,-1.0405666909268014,1.8791224284719086,0,0.38878063531289464,train
0.5397461928216668,0.833497074112305,1.361458326709168,1.5357188678998768,9.634180969031545,1,0.8054267252145489,train
-0.81890246494916,-1.356028727353398,-2.6063776193436627,1.6845077311150094,3.5622650254230255,1,0.38553212790243724,train
0.46708401299319174,-1.3137016331783178,1.9237727836251457,-1.1166661549947934,7.97058885234993,0,0.5219197181091003,test
1.0378233958253948,0.9876536169424153,-2.202225714477955,-1.042980927359926,12.289101049237116,1,0.7930686825960802,train
0.3430205537034821,0.12555197809454907,-0.16469474286097707,-1.0418330964604767,5.8974090994001855,1,0.5485571485807212,train
-0.6317546500372144,0.052591398587713056,0.45605660012426386,0.7944904512731981,5.5233424391568775,1,0.45809321151302806,train
0.7077418340665765,-0.3762639326782173,2.2200912565483844,-0.3451998823779136,7.018799192153366,1,0.6191900868097424,train
0.948362676540242,2.280741591578666,2.729737719784154,-0.4683144266048932,18.54163476490308,0,0.883914502913697,train
1.3303442395011147,0.916583314863596,-0.9587442350626025,-0.28251129571962263,10.799145915237371,1,0.7742309559362441,train
-1.5316104273343065,0.24054741600792584,2.893419716875089,1.4661023328013756,-6.210341938787661,0,0.1648172047061619,train
0.7316493128035828,2.232833507381885,-1.2948665849645493,-0.9752005689496691,8.096121980557179,1,0.7833865989510446,test
-0.19718705967660388,0.6350783471823824,1.2058837660472603,1.5515248110126971,3.7163394257928415,1,0.6385004271413218,train
-0.7871138712067551,0.40433902235266966,1.9076510467163317,1.5381478670026338,0.29746974081399147,1,0.4339842877986064,test
0.12802772730475742,1.0295904840984138,2.004723569973943,1.2460992302088323,10.049491224860109,0,0.6798280343333345,train
-1.6495240134842697,0.33170587276347446,1.6191095174435022,0.32131468629578275,0.9026686855604799,0,0.2871380064410512,train
-1.1864925564892976,-0.47012145049653503,2.981564091443884,0.0733209680099081,-1.8088970865340377,0,0.22273448277852748,train
-0.8432495334644725,0.24522493082653987,-0.8073945093992974,0.7764617345919018,-0.371867485321026,0,0.23400383872066058,train
-1.7179354767248436,0.49731537332116754,-1.590271216685395,1.1119490550652371,-5.584304434435957,0,0.11302468155475244,train
1.1514965048711914,0.260117668486337,1.8067073246461538,-0.24572925025084874,8.254821357144401,1,0.819853219940854,train
0.6116873493714591,-0.12774922381578527,0.836160646650633,0.48511546066653366,11.5048156567217,1,0.7171739376981573,train
0.6213183963422703,1.0135256807895638,1.9247064842074897,2.355673576862497,11.39952472702095,1,0.7993733920140019,train
-1.5700490887491318,-0.11578715260754181,-0.6566511916446327,-0.19658855803233588,-5.6752421386296295,1,0.16196801339998462,train
-1.3953072157454625,-0.6933771568470148,-2.3847807186989214,0.26939270489147865,-1.494821941601188,0,0.27924974018472154,train
-0.2064237599983466,-1.0806015431226048,-2.1436545425554545,-1.0392306723109357,-2.4428424418983674,0,0.354114655005772,train
-0.7355815071599087,1.231839486266178,1.180420471617464,0.7357506368732877,3.6859009650958265,1,0.5036389353254411,train
0.5864651184329622,0.7204383343219706,-0.0820229247966342,-1.9662975918022765,6.219518869578106,1,0.6841490873619095,train
0.47051261696673163,0.8017765055988656,-0.48663860616507204,-0.9273717394869639,5.7664810934387996,0,0.5992416520880772,train
1.2352478445330497,-0.485837654793864,-2.6934085457778396,0.5493851935890735,7.808257399828939,1,0.6890552259610924,test
-0.2899946000570181,-0.11379558937787448,-2.396653810398526,-0.21426765295655498,3.8504417117388345,1,0.43363346921481594,test
-0.5692882609849338,2.338142606533617,2.6438408195353027,0.06343530427005001,2.243497888555998,0,0.38789241603591057,train
-0.3444771645132874,0.34259225385859476,-0.43528015948074916,-0.13176348427853393,0.6369011414924985,0,0.3692726057604186,train
-1.3480125790912008,-0.00405760460432594,-1.0373522412772624,-0.3878661144449591,-3.3949428280578617,0,0.1629815880960259,train
0.4013409111088965,0.03850140587025989,1.8001390453770263,0.8636007562443647,12.2892621567756,1,0.6797518842749886,train
2.5819097427315207,-0.3614699902809426,-1.1192642902507963,0.09957521180198516,7.6960820914331585,1,0.7244615501873831,train
0.014807111898238788,-1.111811543910168,0.45245385898916,0.2729807821710475,2.9614582716652067,0,0.5002964958262883,test
0.4325650125432377,-0.25430830808221494,1.89300625380569,-0.7124008051334093,5.931285937356217,1,0.6431732980952887,test
0.11512077934432173,0.6277128412816668,1.4471444887211362,-0.26062327883982916,8.293259138640252,1,0.7029659022647744,train
-0.35037459656731196,0.3547071024078727,-0.7526123430090701,-0.40999239252951525,1.7994520506116654,0,0.32920596268360613,test
0.1701138533194646,-0.338584687933768,-2.1546428044236494,0.5452682395267922,2.748149944179814,1,0.4529143756198853,train
0.23804000367314204,-1.128164371659619,-2.0384154671319434,-0.9627280770793611,3.0106114086559925,0,0.3699615423234543,train
0.15385182708349357,0.8845810098773489,0.988047512595144,0.3214949463438738,8.59595219334353,1,0.7304342998158495,train
-0.6281672081002719,-1.3723372234184463,-1.4101441022792358,-0.5885298223846002,-0.5481769710406397,0,0.24386205371100386,test
-0.6628428345787053,-1.814692032195455,-2.0598175329336383,0.8672135122841511,0.425684337139737,1,0.2994622997833805,train
-1.1095425510658068,0.1677844577207339,-2.1653113820644654,0.0598434856989918,0.6930981274206144,0,0.25202254503146043,train
0.02486336660609844,-1.2205294985414639,-2.1895006391463006,0.7679181919655815,0.7044699017681397,0,0.3712666046552598,test
-1.0084474974350588,-0.5877108549304133,2.51564832580791,-0.6876016085160945,1.0394917987594454,0,0.3075431559286334,train
0.17105743131792014,0.5946934169932264,0.9902116667562599,0.2669881507065025,9.54550631364084,1,0.7133897279236585,test
0.29108289561610473,1.6112129019441106,2.9898129140422673,0.3785702658238079,8.807323820018583,1,0.6188555801287569,test
0.42448305894673494,-1.3657107605995604,1.3070525672351572,0.5306431069409211,11.504038236726894,1,0.5706313212556683,train
1.1540278867631497,0.6537621961934966,1.6511349905653017,0.2695298655297107,14.276190944970482,1,0.8683597897205599,test
0.5053920708868209,-1.7167081002729045,0.34596272027460984,0.3586326661553212,1.8269966511071036,1,0.4509763973033098,train
-0.20518704730647558,0.3182124097693777,-2.5552405409959187,0.6811384337515748,6.182471176706091,1,0.5022885015659467,test
-0.06468549326178252,0.36209117614772174,1.9502925171868686,-0.7393324553062672,11.182265217008121,0,0.5936359178957558,test
-2.0436585608986335,-0.23785459444498094,2.9815954811581395,-0.8932958674811042,-2.0684015333033043,1,0.1320465590610296,test
0.603803887684423,0.321065393125728,2.7497956145532534,1.829107967178448,6.847251563831555,1,0.5973514880027098,train
-0.012342804516541305,-0.11254643425093455,2.5630068097236,-0.03348266605141465,4.193431409612298,0,0.4607966238546404,test
-0.12137037325524729,-1.0091225703219628,2.5132550460438967,0.3464661078293123,-0.6227004511258896,0,0.3960994932450369,train
0.9075163793649437,-0.08458179170454797,0.46573232362776773,-0.38421122761070736,6.712336789407502,1,0.729068936575458,test
0.91678450157447,0.9152681945255495,0.6159667965882947,1.0570496504311495,12.573621395953808,0,0.8505825104447379,test
-1.938188936875646,-1.4756200518745628,-1.0644915860709225,-0.7652290379452751,-2.9932257596367693,0,0.19524022490211707,train
-1.1558347351677947,-0.402514586786095,-0.9438380800275579,0.9963839535558761,-2.712987675446541,0,0.19749612207746747,train
1.0352745219371748,0.16449492920186917,-0.40306022905601857,-1.2481140120387109,7.441241748776333,1,0.6526130410001753,test
0.7480395440935829,0.08536771164301311,-2.9752340207780614,-0.6803409263422397,5.700106996022425,1,0.7361090831707156,train
-0.5778079115001983,-0.05567890779257186,0.8003224474001898,0.9065334908714001,3.8077949515079537,1,0.5117985141216709,test
-0.364648261655289,0.8053586998693,-2.5012476186664063,0.056208955834569,1.5371763432463483,1,0.4742147769266486,train
1.5488536116335443,0.48655635328542446,1.6703009607035924,-0.2875030627984637,14.51520850551866,1,0.8946348316617393,train
1.3774726839276519,0.3249075465302916,-1.4084654940912618,0.33640681039027875,9.767837792359135,1,0.6858903361382743,train
-0.5154819692508872,0.8149783748082827,0.6690741346481905,-1.091184931544703,5.0904939838904415,0,0.5292222568017549,train
0.19180026984750276,-1.0727403416153256,-2.5816469819944503,-1.965269920810424,3.9281966706870017,1,0.46901611576447966,train
-0.15123427442245685,-0.03625014806207432,0.060874876890488316,-0.05698605440483814,5.135907039921221,1,0.4789817127876309,train
1.7488431071060357,-0.7484539492635561,2.3330279868399284,-0.6157618331583006,9.363405660716476,1,0.6681482529313141,train
0.8962162985031644,0.34650843843335355,1.5702822809130925,0.7322701091493006,14.943160607794425,1,0.810000194323005,train
0.5272106032802305,0.28639441819902195,1.1170753635658892,-0.7981741383378865,10.896683670813601,1,0.7576100857598881,train
1.2723570285095775,-0.5531096847087462,2.585269808348057,-0.30559252463614656,6.941173764118522,1,0.6055612259996309,train
-1.3980482389871525,0.24834273048284772,-2.9612864162191883,-0.5311102595767117,1.3837418184370969,0,0.3139477831893976,test
0.8470108429638479,-0.691838179174215,2.2755937979419265,0.885499434755663,8.652663606309975,1,0.5830930040882637,test
-0.4452790491901979,-0.8030585729044616,0.011499257878224256,0.5183512373448873,1.026912504188688,0,0.39161908343652585,test
0.12298717708334639,0.03224787911609237,0.20709709427782697,1.1944197361063422,4.428820856860033,0,0.564894072731018,train
0.5945193597957104,-0.33365144556547577,2.2848433654081335,2.6209266343600475,8.868242806232704,1,0.5957865147611383,train
1.5051615065411803,-0.2052872131860482,0.31670050597820154,0.3292238380611912,11.811381065477061,0,0.7743604140655399,train
-0.8593432699753639,0.3313041927414562,-2.3631277946829234,0.6417077665622374,2.3278960730535463,0,0.32439108928650506,test
-0.6751833894765008,0.7496396142304192,0.8441899282969345,-0.386810621096469,4.85648658278241,0,0.5031651607997257,train
0.6465922617807095,-0.27589706217029825,0.7502852915217306,1.1322681907772052,8.624774211328612,1,0.6986971077503488,train
1.60039916807834,-1.2534041381512357,-0.19658133396642619,0.4566382208232317,4.125045238828452,0,0.48694808131177003,test
-0.9275625017103076,0.7115069007056382,0.497531943764149,1.72452651281257,4.0182763877610315,1,0.39493019944339847,train
-0.079484733583443,-0.3092313456330044,-0.051636394335290436,1.2235425445711547,5.997691601538886,1,0.45343982339171107,test
0.5411030850951556,2.0181511425244913,-0.044122547948672874,0.9369585967949168,11.118955340304586,0,0.8040066587200975,train
2.0220842526982956,0.16060096694162726,2.339079561400701,-0.978384438566182,14.878029755492758,1,0.860500026544606,train
0.5504807436481307,0.9533230266348273,1.414327204458683,0.07490623565462845,12.71296952888572,1,0.8152299793510507,train
-0.32621818829451504,-1.8869530615998453,-2.2818865088504117,-0.9309201162317804,2.0178962473086233,0,0.33705463179006157,test
-0.16567314428337696,-2.047006187514854,-2.0273985942897337,-0.10978779741631678,0.7532593539561379,0,0.29132400343124915,train
0.6685940990847838,-0.8838582366447906,-2.7291964289942516,1.0031328566558266,5.67915739562951,1,0.5651985370326285,test
-0.18041924818200825,-0.21081279503411635,2.7857664983095205,1.6076577512509775,3.991782023288125,0,0.38596138134823377,train
-0.35625989474820113,1.9254471720988102,0.10458643036105064,-0.5837445400110444,6.046044806895221,1,0.5235875403619428,train
-0.12522773158995246,-1.1377812352114332,2.5119126412917883,-0.035888020021365964,2.9397674590813994,0,0.38845739012183045,train
-0.20912940265124733,-0.17735710942287056,-0.339308743014882,-1.1962217046820687,3.38375838220961,0,0.3877190966117683,train
-1.6041430198029802,-1.6561752948895916,1.2128619353778731,-0.17800802172132416,6.51881541226569,0,0.4703512491402857,train
0.11252135364343994,0.8100792658030669,0.9792220938042302,0.3454185716908532,10.32821461861268,1,0.7156133879660659,train
-0.9629711242960537,0.5772782294210076,0.6347537295689434,-1.7635642293230331,3.2882489164404896,0,0.4072567289515899,train
0.8169595229106349,-0.5756744795988712,0.4699614469782878,-0.20778443098325486,4.59300232079438,1,0.6507051898397469,train
0.6094227773761106,0.9665489317307043,1.3470146168027402,0.5814243726750458,12.897530545293593,1,0.8279624740761548,test
0.6877454589566562,0.705639660041626,1.6418762840326933,-0.43669729459007406,12.595843739127929,0,0.8074583277182115,train
-0.4002259526016451,-1.4571287585991355,2.8336439847610997,1.366748598912958,1.411213400819841,0,0.30533204639528944,train
0.760077136565586,-1.1657096399019906,-0.8872626971567268,0.3723584583057244,1.1521104170772962,0,0.34607055637458173,train
1.6634652108398744,-0.47872069391026945,-1.5122146597962602,1.1022677158028782,7.060681370425264,1,0.5758674666513087,test
-0.029098960178511414,1.2352052033501657,1.4040766802527482,0.8524154934965765,9.438833584356441,1,0.7096783956321018,test
-0.9841380409127365,0.19365855764152792,-2.8981316031921143,-0.40889120887213987,3.8841816155939206,0,0.3895677066867051,train
-0.7316668850041489,1.431069278122324,-1.7074979332664262,-2.090611669661912,0.6384165612482846,0,0.26166387885835357,train
-0.6319594534508248,0.6052981692939484,-2.3130565076037986,-1.9402193540926262,4.157801129677503,0,0.3656619460795882,test
0.2874245396509412,-1.0680588164866431,1.9004421406840084,0.4249209653047287,4.397349751634859,1,0.5383168054172001,train
-1.0471422910947976,-0.5226141019411397,-1.8453055426020533,1.5187840311747907,-2.0813110438244746,0,0.23802723908731419,train
-1.775926863416219,-0.46803132502258166,-1.5379090607411199,-0.3879723534089318,-4.9133534670857495,0,0.1485583798436427,train
-0.6599707635474529,-1.1628507489047641,0.8022286208933496,0.37576620505241953,7.488831502973262,0,0.48651089968970895,train
-1.5655398964013103,0.3629784149859919,-2.8923339223255526,-1.5702808767545662,1.4454006833911488,0,0.267374108118115,train
1.5357112991908188,-0.8118595140802061,-2.53034839562374,-0.7136969696241857,5.507941181779637,0,0.6366878973612673,train
-0.5561936272516297,1.7029319101489266,-1.227141874873556,-0.5645224181816253,-1.1398650337673693,1,0.2891035256592162,train
-0.747334481119516,-1.0363507034163308,1.7127876039342196,0.7814787071813197,6.242806384876041,0,0.4688919931603462,test
1.780640788023944,-0.4478589212944713,2.2061788493434236,-0.1283179136310695,12.868758048340409,1,0.7520477149692527,train
0.5606382360647016,0.7664488931773612,2.9520304862337268,0.46862281072189216,8.587834766802654,0,0.6115648974929283,train
1.2354020004294421,-1.3278607147504933,2.601113474570389,1.0033372111884011,2.4179475100188017,0,0.44809613047175545,train
-0.8332676902335326,0.2145330349670147,0.7252948906605199,-0.3081979551388058,6.2873666761029625,0,0.4530906461794732,train
1.6405077618231183,-1.5313072422055876,1.3366412156538603,-1.9361658789073533,7.1000297131247265,1,0.6055345377610581,train
0.030203631003745155,-0.7291990555136731,-2.678734607102493,-0.8017392500277793,3.9074931201629726,1,0.4984517111918295,train
-1.69988805255419,0.24235279484932223,1.2268508177889927,0.3679291912737668,-0.018069217311925012,0,0.30148468199664136,train
-0.2835644381949732,-0.3530710003419051,0.86200201146635,0.8168575842312843,3.605104362368338,1,0.5596370818628762,train
0.9281512430575453,0.7755446926429445,-1.8457106989810417,-1.9437958125329446,7.814040411340663,0,0.6982187569224761,test
0.751649082621112,0.4896638228027828,2.061976004003336,0.15718403997980043,11.283775272758868,1,0.7573379518358587,train
0.2605315810954756,1.2373497102258302,1.660049198082632,0.5203278852268237,11.013327803958264,1,0.7654890256987052,test
1.6131022612789179,-0.5510799401118358,1.6741516277653332,-1.8679885138486862,8.949653968051415,1,0.7750154227442558,train
0.6084794954253626,-1.1635808800249112,1.0604639559842015,1.5464472015957889,4.961355186652755,1,0.6063837290739414,train
-0.1371309889172291,0.2895538622891344,-0.8791064699413571,0.6723396689318224,-0.1910567384263393,0,0.35951229711620886,train
-0.5287594611491768,-0.7670228927130847,-1.993000936971139,1.1901880174952497,2.879798011279368,1,0.3113595209086103,test
-0.3612823006281834,-0.9067901743529475,-0.2598173429650492,0.6535856914686363,-0.9493494463570826,0,0.34957145944521667,train
0.6766667929912176,0.37191297708839327,-0.30607854534266954,0.21521200528169407,7.817678615109354,1,0.6244238946740422,train
0.9550607594959915,0.8304216577246257,0.11263984719108411,-0.4837257645184563,10.698213360988714,0,0.8004573463833229,train
-0.44853200391711656,2.2499545151823783,-0.2197547836122533,2.3996283245439174,4.239998042381835,1,0.4365061974333385,test
-0.38487822650486997,0.21575957404481008,0.7268373701532131,1.4012050343022926,6.784562938828844,1,0.5505121217037099,train
-1.3574566650528443,-0.01885286496724503,-2.7168718387613886,0.5868458626954878,0.1002244627961163,0,0.30129563528436815,train
-0.07159073475879765,0.3777420581613554,-1.1650830590217773,-2.0644223927432317,3.8079491623003507,0,0.36650409686440133,train
1.3467292268312487,0.12610772290485056,0.5333744933543212,-0.19047616371336723,13.653579047567126,0,0.8227602885387443,train
-1.9355108452926353,-0.9015208283621214,0.638541052295106,1.7570457603465948,-0.6196340754315717,1,0.338654423929222,train
1.9578818489278589,0.5628133494035824,-1.6994926571243465,-0.10029276788951871,14.594434266023002,0,0.8402886327333096,train
0.5698291983803299,0.28700213130335744,-0.7024973532691057,-0.7621213564011639,8.52785320463218,1,0.5316442619424204,train
0.8451018316896054,-0.4692192012745216,2.810598659093621,0.9010119772807155,4.915087711287404,1,0.5194415699708917,test
-0.23207338670351094,0.6022832842574732,2.121658693958267,-0.5911336318016105,5.053468988757224,1,0.5392404472987415,train
0.5933477570451199,1.112060270494279,-0.9938998928359943,-0.34369921491150346,3.7809486117822106,1,0.6184882200458132,train
-1.0654445271078223,1.1660591295702971,-1.7144171116121423,-0.7755064354675666,-1.1380560553257988,0,0.18982564951107397,train
-0.6918356948194171,-0.1729791487918529,1.0447676659198724,-0.5892391411238111,4.47439006102263,0,0.5062787786625627,train
-2.2396367967101383,-0.7387938984072852,-2.612513366012328,0.16540048193487092,-1.1642587804358868,0,0.23466416649784338,train
-0.4679172198896114,0.789686571842371,-0.10561419166605113,-0.34924059522360384,2.9297709379465453,0,0.4099623037830226,train
0.04206606884395599,1.7245323010963007,2.571407430822883,0.7829084570544015,9.240249719644048,1,0.6102785541196261,test
0.15000318009810312,-0.06745322760242242,1.091219204618234,1.3168777445973585,8.327105210999466,0,0.6621881231849871,train
-0.2986338887907586,0.8121767660323818,-2.925512226598188,0.869777126379724,4.559618810738052,1,0.5666075525756633,train
-0.13532391256841225,0.6989411804594916,-0.9881755324509576,-0.44281704167232905,0.03614363159084544,1,0.3760886053745318,train
0.9224669837620333,1.0394559761615858,2.802610771025014,0.12724635248210167,8.91008845928829,0,0.754146095342459,train
-0.3893498873533533,0.3331735143996203,2.203431079648266,1.4201185491062527,3.9322190892176394,0,0.47481188730274715,train
1.5391772114428108,0.10141402651517925,-1.5622903708844502,0.23379211945836376,9.543948098174088,1,0.683335487671343,train
-0.08679134135827406,-1.461400295097468,-1.1357468591088953,0.12757827769165692,-2.084995957915855,0,0.26136400017571854,test
-1.2662725016304635,-0.2815820286557,1.7564097887006183,-0.8083594096330392,2.2718917959497005,1,0.3786647973189146,train
1.3680109151607562,-1.3474984956236045,0.7715689049981194,0.5543450404712994,9.400690024750709,1,0.6099436569994894,train
-0.1547055677641066,1.5360304846185622,2.8998763726696204,-0.8337028540360291,6.124490122489046,0,0.4720240491173251,test
-0.07217904174761437,-0.257305859587968,-2.742228951889407,0.5876766394192073,2.015926941761817,0,0.5283353594099813,train
-0.4061999975951689,-0.5103940488175407,-0.4946493212198728,2.05102193819363,0.08261536473836184,1,0.321967465798638,train
-1.3618307059066037,0.9064361214683341,0.39166077651158204,-0.9956339492731671,1.187204362734295,1,0.26817296867872675,test
1.0971931562796156,1.056873531339259,-2.9753213513061785,-1.5430357221362507,14.938034946852369,1,0.882555328952138,train
-0.2945337363598589,-0.6032290181515112,2.4122156146894973,0.6112491405679021,5.600047783226353,1,0.4159740224586243,test
-2.4920032579587605,-1.077912002965377,1.8984242106425926,1.0939220269166996,-0.2821762886620728,0,0.2981772915441239,train
1.6422847882624168,-0.46784666646252177,1.3959404132889581,-0.7413345684973971,11.536856141811102,1,0.8051854934696411,train
-1.4558773975591885,-0.11669736542649807,0.9342943466516678,-0.5152739684748437,2.408617991278996,1,0.36295494669719536,train
1.2884196712244138,-0.19604213998376172,-2.5438453672710244,1.2071954387081787,11.00714306895781,1,0.7208976931817354,test
1.2229903099031754,0.007767950617896626,-1.7760035163564436,-1.5437611886722566,5.900303273016423,0,0.628916956922237,train
-0.5168646788641419,-0.9117995756701858,-2.044024314741772,-1.563694735277229,0.2127053429420701,0,0.31706149286946933,test
0.366378149458605,0.845987901563421,-1.793825867329063,0.4523064442744022,5.818440068063208,1,0.5569665249445649,train
-0.4194064706811922,-1.5733471469088398,0.40667482294178026,0.10632608297515911,2.9978278653341013,0,0.4402903933965076,train
0.16032550363999684,0.8790619163931733,0.3939902341887427,-0.06015470953390254,3.7259585578685543,1,0.6738654632510472,train
0.24150882241124888,0.6140793971442974,1.3659035350177842,1.1912866083430504,9.956110273743814,1,0.7315427234437494,test
0.7993482744144619,-1.7835866464448056,-1.1396304458628839,-0.9354448636305981,-2.1318851638327834,0,0.25965386220750863,train
-0.40124272935535577,0.8240549489717737,-1.8485395959449498,-0.181668140402446,1.1464749055435477,0,0.35380476029771135,train
-0.672576334862338,0.1696188567882342,2.7880461890747377,1.252452780680209,0.05507179863052014,0,0.3099823371941632,train
-0.1794201276555529,1.4202295609068984,-0.7938070096165757,0.756524187094297,2.071388151129682,1,0.4178182115325024,train
0.7052021926636558,-0.02511431056604158,1.4565866744768048,0.411967028445577,14.830073164263368,0,0.7493457965432507,train
-0.007987273600734616,1.0569723931246184,1.389405409008619,0.3351435275847102,8.527151209457768,1,0.7050425395629132,train
1.7824571797218685,-2.4563933800646067,0.9681421791032867,0.459383062755623,2.816101856415946,1,0.38086702032195285,train
-0.3945805643569939,0.14203340066635364,-2.9969169008919945,1.0459144741033544,6.663668853474558,0,0.5274736831169672,train
-0.5763987155537804,1.2953684348799046,1.3590254929125853,0.3750112229252643,6.914887949828565,0,0.5523300341137471,train
0.8406718231520975,-1.6194515202611774,-1.4717509745562598,-0.050926232485293585,1.959001839466596,0,0.2870362349017572,train
-1.5324163592470477,-0.9185554788307384,-2.627297400509187,-0.8452058272534348,-0.7865591259721136,0,0.31743162429338306,train
0.052234476900230746,1.5753149278687966,1.8438663453925148,-1.7512106786574853,11.030879435805105,0,0.7177664355222513,train
-1.14825513733232,-0.625264681960509,-1.062168512655344,0.5798674040887671,-4.3035627039899005,0,0.1999998511222038,train
1.1049463743430492,-0.338115940784661,-1.7221652506929117,-1.2780167668360851,6.244296093061545,1,0.5388669944061978,train
-0.5047250173762378,-0.8151806557761486,-2.030444964024292,1.7463890663544044,-1.7348505442591122,1,0.318218130453531,train
-2.3520017404943556,-0.11876753634524348,2.8277668870408696,-0.1360383032581848,-3.3212008473854877,0,0.11138991099039655,train
-0.49557645893204294,1.0843378468508114,2.4038766520936594,-1.6664413546593757,6.302968600258112,0,0.43178227113188383,test
-0.5442860063471749,-2.375409154429242,-0.7147859165381165,-1.5677142263198802,-3.187660030704835,0,0.2506782613540642,train
1.4431341735364145,0.7627874157498918,1.3181299013226724,-1.1763184343231028,15.005157301862923,1,0.9145746784235672,test
1.1380395933168497,-0.8417969894036575,-2.210021343284435,-0.3537159169339878,6.359620887739768,0,0.5274848562964187,train
-0.850529093689968,0.12265975263108612,2.1800469526383983,2.4907780379194953,1.0627680353912,0,0.37799812306583286,train
0.11882842431615274,-0.9020026781396048,2.988488693599404,-0.46998315194608387,1.4943753988272843,1,0.3505409228000931,test
-0.17212471032720536,0.8736016808405997,1.2211448146797022,0.7022672639685916,9.404293008272683,1,0.6567557990714333,train
0.5150621505377545,1.288667284765627,-1.0312204269195275,-0.4470045259541877,8.15282844747819,1,0.614910637297641,train
-0.5300976802502353,-0.9854315309702546,-2.160523319793244,-1.9957085719187573,0.6918183826293962,1,0.3323637398918495,train
1.329560779218357,1.1061375747396534,-1.0212784308241887,1.3135094040450868,12.373909143423546,0,0.7978480215005856,train
0.1526907617476941,-0.8067529587682901,1.3096526468632002,-0.7755484959148903,3.315700071092566,0,0.6022031131230933,train
1.92779013523171,-1.3979135249031078,1.1302936963643075,-1.1265749972218069,10.000776938343652,0,0.6517958975164843,train
0.21400658478722284,0.5127413419739054,1.4712255987429312,-2.2111695626677625,9.395720283930965,0,0.7138355908980223,test
-1.4647163515704584,0.6227691795877813,0.9368702824466695,-1.1372046549615098,1.2979066772366348,0,0.3151770663287286,train
-1.732395084441023,-1.385060068413222,-0.4631798891720633,0.8725247240055418,-2.2880830659698743,0,0.23800517546579197,train
0.7906802638026285,2.527376594347922,-1.0010954460218644,-0.9686819998858721,13.419440609983623,1,0.8291265108200545,test
0.4799254788886063,1.385331478865948,2.1776660752127768,-1.0210854555825544,13.164657223253716,1,0.7726091732482093,train
-1.301608127697992,0.7131316532902512,-0.3891834376257477,-0.7230842696561137,-1.0720469249826852,0,0.1875443340500631,train
0.6325912439614142,1.8484501946582437,1.1891204203588401,0.014967566891200358,14.931929952506703,1,0.8895935622138726,train
-1.0662189257595496,-0.6554672351556801,2.3463649857877913,0.05455240192578901,0.9001525183885801,1,0.33051053644318873,test
0.7085103226829034,1.837135167770579,0.8767693577271611,-0.22772561370194117,16.011426174537355,1,0.8948419355251093,train
-0.7672196439530083,1.6454240310313981,-0.3156469746241064,0.5217248535632876,-0.8770402344549235,0,0.2989481552970653,test
-1.584224265458508,-0.23617425094462907,-1.713555943645498,0.21922931379543714,-3.2088827115044873,0,0.16284129656359575,train
0.9837676199559037,-0.11424344822204041,-0.8752818504215467,1.1452281996065643,4.29987836879994,1,0.539132788677037,test
-1.1661010159621756,-1.8630096007422818,2.992707842209824,-0.08665650212990678,5.9736955454593,0,0.265774477203575,train
-0.41984542706922257,0.8639093831381299,0.6328221644990584,-0.1789994483611629,4.134464618790208,1,0.552485429926192,train
0.6872793005784903,-1.7874774152793353,1.3754208202508487,-1.5832703463524165,4.885186404191774,0,0.5256716088880867,train
0.7207749105484378,-0.5068311308052786,-2.6294705521670507,1.4562377733640746,8.578519461994574,1,0.6061284003748313,test
0.21958756796129827,-0.986509280947082,-2.1438330860529735,1.7898907819113803,1.614443451895075,1,0.3986298616922286,train
0.6518506834330168,-1.7489915144541952,0.2765605996411793,1.9226908319702813,1.145007135780057,1,0.438547683813714,train
1.5950493065089295,-0.8252994111424152,-1.102939849365717,-1.5769090063314315,6.938089281978154,0,0.4764699091899274,train
-1.1429165722665882,-0.13472756302334687,0.8242074239451433,-0.9100773482153489,3.4682187166883756,0,0.4101846709875591,test
0.3332456481808434,-0.10774175941353291,2.5518761519736097,-1.1591322350676945,6.121303963720285,0,0.5273533841724641,train
0.5244480234224249,0.5718696197803878,1.3113255019640695,-1.8647141843932264,12.502704965704364,1,0.7822659634084763,train
0.5472014876934437,-1.0103647979200865,2.3278185710675547,-0.4626294440325857,5.038454201850524,0,0.4948892572345992,train
-0.26416543738096404,-1.6383202147913563,0.11297958024698129,0.1758767432006633,2.8807641585078003,0,0.39237552747150894,train
-0.12490622309760625,1.5598066848745389,-1.028732229368853,-0.6182809451414123,2.89565923685361,0,0.4275797797469571,train
-0.6282267452640758,-0.1949926037379642,1.0122069135205383,0.011624658372943526,3.750145757213738,0,0.5159790945142827,train
-0.04587828057983655,0.5428181571281,2.805940435175244,1.9682282218695244,5.508664015287765,0,0.45638039818164616,train
0.8043904826000178,-0.3480993534292506,-1.2970980162874814,0.03524882011805572,4.371505437386573,0,0.4577862160666444,test
-1.8977375476801162,-1.023002733991595,2.353078114135055,-0.6262495777332586,-1.4090876398649825,0,0.27200561867497014,test
1.443664527624696,0.8980409343760112,0.9394529963299423,1.0422257804434854,15.805966684251636,1,0.921167309999406,train
1.9248783722773937,-0.700351616893278,2.7274316959097655,0.7852945330381697,7.998866342233286,1,0.6321259592144652,train
0.6831932488154762,0.042366812577250175,-2.4464251908643906,0.7364808802855357,9.806614363540461,0,0.6410835695693439,train
-0.27223147648684276,-1.2114381227499025,1.2287135329457861,0.6571262502434199,5.388670515952574,0,0.5360440319615764,train
-1.641945334874209,0.8717488846492165,-0.6595977189882616,-0.4669524785226278,-5.430564402360749,0,0.11462339918753373,train
-0.73567899465991,-0.2904788638265013,1.454827812405476,-0.9919905344042226,4.459801051880381,1,0.49406382503642754,test
-1.0603563119598978,-0.14581682562500903,0.7363055465882082,0.3425734115505612,3.5988572020739302,0,0.41656232293271134,train
1.7006086876657422,0.08131078124753312,0.2686737433885744,-0.8518990464512711,15.961873420394348,0,0.8337764505610876,train
0.8825547953981364,-0.45115918274949113,2.6466775039944386,0.7654479927146862,7.257502014577102,1,0.5565237085230259,train
0.710619461402306,1.2419887854791243,-2.1670138466307973,0.35811421323898895,10.2978041303012,0,0.746434641781666,test
0.6888384602071621,-1.9214549156900738,1.6251029485330584,1.6035430114961828,0.5987439617203041,0,0.48915976365281066,test
-0.7954890333926882,0.14783936623646168,1.8574293757993754,-1.1596440685494194,1.800866606652995,1,0.440438893176111,train
1.9708728512875167,-0.8021555590440969,1.2967475211744892,0.19323190383915537,11.538069638584115,0,0.7812604671736927,test
0.24601295710510804,-0.2579840644045125,0.2544296117547207,-0.047515458670082784,9.9370990823419,0,0.5696292873263239,train
-0.288102166354016,1.302680121252283,0.625203251763395,1.3661102955393485,4.437159384382745,1,0.6069598813177197,train
0.8326930331557928,1.4363141234711003,-1.5738792229172842,-1.915791821546157,9.589126677585034,1,0.7349502330193571,train
-0.519827680610904,1.725980298099099,-1.9880271232883122,2.097427550245624,1.8095425139844188,0,0.3618656209457283,test
0.21967358694027575,-0.9375085318975448,0.45961898370670173,-0.31064978028386164,11.078784391263683,0,0.5358407837964175,train
0.8538254323671916,-0.06286543884926869,-0.031390672920687646,-1.5074950378456855,8.031025459586926,1,0.646524355407716,train
0.12880106955867354,-0.38386610877497185,2.7751060105834107,0.4556846614380477,4.380582297797281,0,0.42568920044109704,train
-0.8902424685124829,-0.9103345430934043,-2.3511621219103533,-0.4569795999540119,1.938443839941045,0,0.33121440624270765,train
-0.5864998900003384,-0.11571555433123377,-2.9873984294802174,0.9215906508417656,4.29257795704856,0,0.48166304517600084,train
0.8591600720671572,-1.4065085525538357,-1.085287454226052,-1.9878013771708558,1.0509649048244962,1,0.31020625348070757,train
-0.39721354691775607,0.25399730280953986,2.2028650023339837,-0.9524067149936015,3.0758579773698616,0,0.4703846002815887,train
-1.2688516026606915,-1.2283511978131978,2.8473371188483636,-1.1197700776298098,-0.8064386923522776,0,0.25676805393896185,train
0.16389489298523555,-0.10023554985851538,1.9809418617742036,0.4756643948147339,9.490800473998814,1,0.6000281436538984,train
-0.27857703308770954,1.0857957412537576,0.36086488132698724,-0.9488334169800853,4.8030881432683366,1,0.5610057476622126,test
-0.05424582622852752,-0.6207897565505741,-1.2315756308231018,-0.25417347705591276,3.1971749097931084,0,0.30904029388649457,train
-0.7030091176065485,0.9395944713696799,2.1228645310450727,-0.8563443980932438,2.364825523592363,0,0.42097994238752107,test
0.8404755309553764,-0.5090590475244915,0.0713409769059905,-0.43362599800235524,7.453408740343387,1,0.5971190289616608,test
0.7581572328088318,1.356543667067709,-2.1957873918607227,0.25720020071800687,10.752529073346029,1,0.7736628782602081,train
1.6781957679666661,-1.4045674683334268,2.0271571778474735,0.6953076752068827,8.394488759222074,0,0.5649060270276929,train
0.8203227826288305,1.6667787819629503,2.251682324000967,-1.570344819887472,14.647240388096744,1,0.8574969795740486,train
2.314193082500145,0.5713500269655025,0.18695726168248328,-1.7752265194918768,18.58701636836764,1,0.9336587521288637,train
0.983842266342113,0.42665309543780716,2.1784070384880705,-0.38294227144213394,11.116147698717043,1,0.7755187562754474,train
-1.1794573010638547,-0.9351620361142922,2.1723547476836167,0.6258112166375444,1.3464628237770095,0,0.35703381055465966,train
-0.3033773909124025,-0.4795887014929202,2.563539372641954,0.12609533673113607,2.220821193201461,0,0.39228569646853345,train
-0.6290970562666424,0.0012178391205853337,-0.5304281526261332,0.8107825249034787,1.8100351835961845,0,0.2947514774599225,test
-0.29762083674812995,0.588280058773928,2.1425727518168642,0.8967740828595661,3.262651716509632,1,0.5182057937228312,train
0.482189472736141,0.019545891705759405,-2.3899905348378496,0.5958377731445839,3.8260557753719944,1,0.5901395191037008,train
0.9903478027217615,1.0072024705548004,-1.1697660548725548,1.0935614769947886,8.917435145396022,1,0.7057386337398275,train
1.050179957816941,-0.2874518555079934,-1.1554006162803474,0.5333753726062784,6.2204966264329915,0,0.5076479555019368,train
0.33224342916117827,-1.285545292570632,2.1848499702105793,0.7520442967620589,5.2560903753059875,0,0.47152973911144297,train
1.4084726980672329,-0.1877616174468894,-2.9773274863791532,-1.1802037008044215,12.912893621617483,0,0.7919084280322949,train
2.656421448392233,0.4535900977006023,-1.4443298043211792,0.7342133722151295,15.484923265129252,1,0.8936790560722071,train
-0.39444389571659944,-1.2706519777198828,2.292054167863939,-0.39709017411576614,4.069057090117111,0,0.40233794018458363,test
-2.2476998690611807,-0.07138663367863128,-0.7626421671718964,0.45952117545332366,-7.404310733642732,0,0.09793937670062682,train
-1.7142582195803429,-0.7799438971468735,-0.6292349429298012,-0.12098186768009718,-4.7626987012762765,0,0.18471209262182778,train
0.42841905176383727,0.20362188179905516,0.5955668622943273,-0.558226650750954,9.716203440676754,1,0.6983506872524374,train
-0.4985244752941718,-0.2373838508414169,2.8245878741416615,-0.8892034865118854,-1.507568302106976,0,0.3281552305323668,train
-1.1145230112474291,-1.6492134044572153,0.6853367344335011,-0.03128981910432127,5.3545140705102146,0,0.4539803721154936,train
1.2222120143547313,1.3576153910361362,-1.3744515770194066,1.1017535448962343,11.62011878234683,1,0.8073844053774106,train
2.2997250612490463,3.6886617131043087,-1.9272497037755736,0.3918820899089606,32.986661806523784,1,0.9971916485316177,train
-0.8420137654329369,-0.8648235096429274,-2.915026648648963,-0.12330327704880152,5.4303751914168075,1,0.4309451171676784,train
1.5375414369440321,1.0165395100083068,-0.2676404140228281,0.6713677774290496,14.050768395971959,1,0.8718209760598408,train
-1.0207215156780123,1.1746393901449486,-0.6431812150261988,-0.6084647073856632,-3.4881326342973926,0,0.20303237779402175,train
-2.6934594104853535,-0.6793534540356184,-0.4456079227325609,-0.0892265985879042,-5.287699212001734,0,0.12748453785674224,train
0.5989234892883756,0.02202644654842122,-2.7956820183763123,-1.5341630385335172,8.649788554830888,1,0.68083472519959,test
1.0023618415865256,0.07514807479879203,-2.364812104675235,-0.01359711663782154,9.139068627475835,1,0.6891654000327584,train
1.4107075162426799,1.2815350197317217,-1.3586496939109718,1.3082274284785693,13.190715609516474,1,0.8340589130719687,train
-0.9711083541931208,-0.13306147269274118,0.9344282276033784,-0.44254515559689356,5.699455922333831,0,0.4495544623647619,test
0.520067119929782,0.845605054739919,-0.06757188494675237,0.7882760111686533,7.451154811037489,1,0.6846907806603952,train
1.645688252959919,1.7341982152064774,2.4602951997864517,0.13451594157430716,19.197777592347432,1,0.9472568709333669,train
-2.446856903087438,0.5325737295015793,-0.49601565575512163,0.8667918990557334,-6.660960092687147,0,0.06692729345629868,train
1.7238908792823935,0.3043508989813137,2.756066645155382,0.9431007923508608,12.509525214684365,1,0.8014058020702427,train
-0.4801565511425987,-1.0168394906295044,2.276423311937621,1.1305512741955224,3.155219779663854,0,0.4057435548077154,train
0.24133658580761652,0.17934310518768234,-1.3187976650916293,0.3661603874985818,3.7152640529447423,0,0.4189506999208686,test
0.025076836957490863,0.5201638961159799,-1.3260810775808722,-0.16934221459992468,0.803564197958444,0,0.39948113526486156,train
0.3540715173179105,-0.029997978700804836,-2.989554052132191,0.26848192947466215,7.974005313452223,1,0.6595323987850373,train
1.8804004594445707,0.9407217918501553,-1.038278402347751,1.0264472667957762,11.200438219541576,1,0.866584908678963,train
0.7395962135826094,-1.3094157228165801,1.5745416990085204,-1.1026245900369742,6.701115675584487,1,0.5830240459362648,train
-1.2371440316086975,0.46907954815070746,-0.34171193703468994,-0.022782179465867296,-2.583826514898459,0,0.21109985785079005,train
-0.1570500031823133,-2.32605857976526,0.6740202627202101,0.025123376435289096,4.730370169896404,1,0.4462542458924394,train
-1.9883599154492988,-0.25557653750456744,-1.7080326337283493,-1.7183232759787492,-2.572978848210525,1,0.12893772127991,train
1.4421439910970137,0.5608410015573839,-1.0277053435747001,2.2735462937312105,6.802196945674405,0,0.7387603426026458,train
1.0364714525614354,0.4474474989816692,-2.220969896338233,0.221332819847743,11.268548356622102,0,0.7264507539285043,test
-1.0590382691012263,-0.7961801883545887,-0.21091919817807714,-0.8337151352939193,-2.4964163842273637,0,0.2894034630267312,train
0.2832674577510361,0.7654833265363941,1.4618859289787514,-1.0183608100939467,7.947865129778224,0,0.7478905529234915,test
-1.518059226072905,-0.7789855388836561,-1.5578279500056342,-1.9624594844905972,-3.0979047349213755,0,0.1838566405332064,train
0.6884129612839642,0.9179970650275169,-1.8721973955234172,1.5010758536599644,10.049448743127455,1,0.6622018714790023,train
0.16534035153257837,-1.9642827157491887,0.24735668397573374,0.6541087403187174,0.04957271630897697,0,0.40286907054377064,train
2.617450509876165,0.020438613087839723,-2.086072846160177,-0.2989607105339992,13.65318336251573,1,0.8623073022820641,test
-0.6598559179655957,-0.9265809092960998,2.7713710453975358,-0.6653165980466371,-0.6107683003625362,1,0.3064430420490717,test
0.6114645246850926,0.1900361123439764,-2.605261773733778,-0.5656715845805421,6.8815245064295585,1,0.6729877594307672,train
-2.139934296321826,1.3997410451856824,1.6895855095079577,-0.06120353730855282,-6.338242481311411,0,0.12225724837780438,train
1.4569119146085416,-0.30476402110125395,-1.0252778960543552,-2.1723304067200573,6.608203319448413,0,0.5755209517510202,test
-1.1524405865361782,0.8873676548670775,0.028003934301292333,-0.1700387737675219,-3.1163889481674585,0,0.26354858782669977,train
0.28463974899737415,0.19415295782508948,2.7977153207446532,-0.09889856673620274,5.555366308326227,1,0.5047604079685943,train
-1.6843392525780583,-0.9191127001383811,-1.015299333805406,-0.654660211823236,-0.3374740301619732,0,0.17363301977155077,test
1.4156248080145584,0.3800834189526635,-1.4984727435757432,-1.975907523564513,8.526802520244082,0,0.7077226089763261,train
-0.22945257495469498,-1.0192905780968131,-1.202826089872575,-1.394388030104344,-0.9684908902422196,0,0.27263882213969143,train
-0.19225280095899586,-1.366452311322402,0.12376876668893289,0.9677624926557996,1.6120642587821148,1,0.4111075282705921,test
0.6155060760061488,-2.886945514899455,-0.4911220648192778,0.7915519511007911,-7.018085993562224,0,0.1947381096088892,train
0.49037219852271546,0.06346445225898771,-2.836983184023148,-0.08346291102050989,6.600426067613764,1,0.6723948053271244,train
-0.6700672041908143,-0.7556625655623646,-2.469314621102731,-0.8728076198851785,1.8745174795782056,1,0.37444765401466756,train
0.5403511441758918,0.1239265806900259,-1.681924765491642,-0.94897061723962,5.920709659240963,1,0.5007369550176309,test
0.5477168816595037,-1.7691014343668654,0.41842932323339443,-1.097173400588658,3.1849852765720406,1,0.4576156317476427,train
-0.5947602577856953,0.26196693069269006,2.824040686140819,0.35840004957209953,0.3296944669545836,0,0.32030710278271035,train
0.6749220762889336,0.9105657468276966,2.0731757460184426,1.8936751081160879,12.133875665241794,1,0.7843140991044762,test
-0.14772973837767997,0.6314003172867634,2.674628954383678,0.2753686309002055,3.3810190501823008,0,0.4590908922667542,train
0.0848392705450838,0.3415480412352269,-1.2406400148052998,-0.18725042031155786,5.78096013826515,0,0.39809414256283,train
0.14247857855616256,-0.002651211205470006,2.3059234089678835,1.0188851942348889,7.165894889259181,1,0.5478877817612814,train
1.1861202448636676,-0.7228434441857576,-1.3264779622086953,-0.2110923363360481,3.845720007254849,0,0.44928843841278304,train
-0.06950261178210751,-0.5033099768081978,-0.569631824361422,-1.313093910097491,5.653727225957155,0,0.3566239039867121,train
-1.3502193435401595,0.302950379330384,0.20050068860964743,0.5499798935426056,0.6103258992743652,0,0.27215184173533763,test
0.11541021085324102,-2.5251188015751023,-2.5767929739885687,1.1463737460392698,1.740439670159943,0,0.3431485893493053,train
-1.2780551985547113,0.17031445665740835,-0.6020872647201982,0.6281199721774251,-2.637334475998654,0,0.18872474488282828,test
-0.06923832820562187,1.8592629226298434,-0.14458357771022534,1.4613193601982213,8.848227807162747,0,0.5815992432076325,train
1.005942920717003,-0.24017500088426796,-2.8449821294398205,-1.4514928212180755,9.470574583134535,1,0.7176269427104058,train
0.05824896494006259,0.04475697705062169,-0.6434986081691427,1.1599589453962873,1.1861552341460564,0,0.4059347358918779,train
-1.1803913717746648,0.9261968560386661,1.1292272556513785,-0.0032154797115411973,0.3428429491662377,0,0.3772595073394663,train
-0.02157979016826829,-3.1757665973935962,2.5327568134920337,0.45258420254238074,2.5296798286005706,1,0.26548352005167164,train
-0.6829099870364448,0.17301201528364946,-1.720733232456118,-1.4508529655047595,0.8465770440809413,0,0.2692201153238905,train
-1.0525329769749159,0.36174144234868455,1.069748000390553,-0.8344221401049452,2.372450479955317,1,0.4271306127237967,test
-1.722135555072096,-1.0152770311670392,-2.5388411839936165,0.18929040837119204,1.2495031934092902,0,0.2941316663555568,train
-0.49790565439691875,-1.156666729351181,-1.6883803253958074,-0.4338332237531304,0.9969040917768399,0,0.2714579148468626,test
0.7412165490611129,-1.630994573883401,0.646303089867124,-0.603092958293616,4.465858296539495,1,0.5155966561030986,train
1.3957882412697706,-1.557917971015657,-1.6323064641663523,-0.8270950057868892,1.693523839042165,0,0.3269695844364621,test
1.4034162663963237,-0.8427484826577895,1.9922136890520186,0.3181996381735514,9.661292681571338,1,0.6671184428992633,train
0.3506832973388353,1.2481318292182961,-1.665517214339551,-1.2460737111433444,6.723763746748199,1,0.5802087122021898,train
0.7635550276486776,-0.6152221287274399,0.6293652850876792,0.4382592761527465,9.487679980930771,1,0.6594438299320318,train
0.2864032659870007,-0.3053313448658509,-2.5302051712154974,-0.38471937622293784,6.717397855636536,0,0.5458807581750836,train
-0.4634977088235687,-1.1028379154469088,-1.7923319543918277,-0.41925816032269,0.030602162984473713,0,0.2851551496040628,train
1.7523192338026088,0.025839878946588065,0.025550715623298803,1.9448018947011847,13.136860688716492,1,0.8050726992298891,train
-1.743681675958201,-1.140598260498599,2.0891218201910924,0.32693499036371765,1.4492284405098568,0,0.33521161653770654,train
1.67857459775893,-0.9007037248633173,-0.8093418005325188,-0.631812046789109,6.126436266535395,0,0.4861009015001792,test
0.26449920660245163,0.6129049844070547,-2.9886272953816837,-0.49728149956012796,7.58462653395265,1,0.7000593913898382,train
0.35021563479357637,-0.24691697510683464,0.3662530418235326,1.097993028286247,7.3496344469184205,1,0.6071000879979113,train
-0.11606557188938724,0.20829761929867052,-1.5837369474999523,0.29817301835094634,-0.17098832860601165,1,0.3628274003134172,train
0.3453520706776328,-0.7429675435226875,-1.252222071310236,-1.1469607416538476,2.660920107719625,0,0.34524789551483276,train
-0.03351118192020577,-0.5340556453775581,-2.440659181980987,-1.079491673370435,3.391852517329917,0,0.4596921522314316,train
0.4652964197468271,-0.4150311616296313,0.9685683138042336,-0.6861475316239991,8.742865424485005,1,0.6736872378714187,train
-1.1165985612435008,-1.4897509707663232,-0.8784680409230017,-1.2973772596916286,-1.2123747528017073,0,0.23112582968143075,train
0.5765995460812003,-0.08617648031851992,-1.1862598618341316,-0.4927261309081684,5.242443623694799,0,0.4540651546187873,train
-0.6076292613058221,-1.0846526585922278,-2.5144894093461874,1.1852763255161716,0.20988035500406355,0,0.38541444869798164,test
1.3532297648936105,2.0378251509086405,2.9945131792559385,0.16387752314848097,18.376175664068803,0,0.9122356960168828,train
-0.03639370110242666,1.2746766349485263,2.1347299257753463,-0.13958873666697372,7.825581714271056,1,0.6309942194060824,train
0.8377164295475543,1.1030564415610096,1.9349185635599095,-0.5274603826328635,15.654821034619967,1,0.8439717635845941,train
-1.4189583914823736,0.48942078054578586,2.448965409430169,0.44364385801336653,-5.648129434430585,0,0.21899266197886982,test
0.058540484894305175,-0.15919474530409897,2.6330367710531792,0.844605988989119,4.319433115686707,1,0.4572205550662313,test
-1.2842237812871844,1.2015195656767081,0.19482651759017822,-0.7439457939339551,-0.856993452490772,0,0.2466049041021748,train
-0.7006965036536202,-0.6828327275632615,-0.09098887401608291,0.629604265911284,2.880065554208869,0,0.3460109815050449,train
1.8518647993853647,0.5876539714679085,0.6070382406085564,1.3439283185053903,17.031566568497357,1,0.9220390668208058,train
0.8598231254788905,-0.8201506102725041,1.6486239896131973,1.0074445628551274,9.297439743622617,1,0.6567440628721075,train
-1.213424834948624,1.8316992278040292,1.9749278715036835,0.911303938333533,1.8691104716583675,0,0.2748629825843807,train
0.47750878545906095,0.035356890680848393,-0.12828732255988617,-0.07181924381187692,8.1938220277854,0,0.5722471851754295,train
0.6135406662827536,-0.1673696138019878,-2.122386992571043,0.06828073798652014,8.125892628496764,1,0.542173234795526,test
0.13588402186348375,-0.7662736518138108,-0.21941038833215298,1.519371739637624,3.2996590474716565,0,0.4184684183560789,train
-0.15994868283479144,0.09962764537851677,1.4744615596272084,1.18777689680142,6.499101759729032,0,0.6102540743302641,train
-1.0879280171612948,-0.34080137643107933,0.9070037384391361,1.373216527835002,7.587238938678103,0,0.433339509219297,test
-0.25472282965564896,1.0720802580626445,1.2154130046109053,-1.6357210175005175,9.042680989325815,1,0.644352132001975,train
0.5995845022985021,0.6094065583043239,2.665423775117162,1.3164799492965455,9.405837026127351,0,0.6464536788603932,train
0.4852278834299161,-1.8717685551306789,-2.435359055117126,0.32295073641403615,1.2016399167361627,1,0.37378494368330656,train
-0.6208387370664162,0.5099739294422114,1.0332049582467437,-1.3119743712306564,8.172378302510111,0,0.5271702003308566,train
1.2223542757115728,-0.2642032481537732,-1.5177802283074908,0.1068839796640084,5.227814583912331,1,0.5523294113076849,test
0.8776467503867221,1.3731598880848173,1.6622671377001161,-1.3694137074165096,16.873777740079134,0,0.8863199219441751,train
0.1668067275244231,0.48157228230603333,2.788390129896123,0.8972985008865109,5.150883814008904,1,0.5068238178226381,test
-0.08543058181870714,-0.6190910285420653,1.3376425865583244,-0.19324652036683063,6.853423405097581,1,0.5863327607770041,train
-0.38502369363968614,-0.6803775306742256,0.33696071709207853,1.2172620657311082,3.746078180753699,1,0.46170947343875873,train
0.18590933296708592,-0.46115134478215364,-2.648410714923415,-0.06596681774571629,7.893086810575189,1,0.5369429675262286,test
-0.6533295718552325,-1.1831920394881974,-2.161724855526057,0.5485188085946813,1.0822276478973865,1,0.3201099170302476,train
-0.3754065683307781,-0.6119404556394022,1.8041302568565616,-0.47606849331604645,6.009441563515791,0,0.5081974344540926,train
0.6285760260254043,0.144433645276657,-1.4746283271157625,0.2538825393865783,6.590308753749971,0,0.5036054496615217,train
1.5114954870772495,-0.40489185369266983,-0.7032820757909928,0.5357889491173282,6.483346657740366,1,0.5884844047458855,train
0.45119681594422434,-2.229639772676954,0.5287665539674586,-1.4425963206407253,2.5244457502605027,1,0.4189543004386989,train
-0.3527146620112847,0.6025138055911022,-1.4602050173404655,-0.008438790870684776,3.3485172053493257,0,0.32205124905347476,train
0.43078586361893545,0.15103904169864216,-1.3888636950415634,0.4616614136686196,1.68409924550682,1,0.4581147010284059,test
-0.6152164446361705,-0.8589883330401596,-1.0188577418894602,0.04312633850710199,-0.9233887809479877,0,0.24905914127029194,train
0.6016726141265797,1.2771616307642815,2.153341975283425,-2.957365549348432,11.646839134612618,1,0.7933469743743227,train
-0.2853312535648621,-0.2936755343701792,-2.5728737995221307,1.0618159199674635,2.3824365400558234,0,0.45952410570735147,test
1.9324020074888435,-0.5987708949611724,2.8568664059494573,-0.4386816329038714,4.871885300251517,1,0.6375540947847209,train
-0.8599591525068122,1.2366080395769459,-0.026428260428212003,-1.2630660990265303,1.685784355602551,1,0.3202466792918214,train
-0.04945076312481732,1.4288866088250105,2.9907656746440026,-0.24612429348675324,3.9724558010332713,1,0.487730954828288,test
1.8618869709638803,0.6133565099927728,2.7620962351694036,0.8258837361910519,15.408037402499545,1,0.8621058217097074,test
-1.0257642221116638,-0.8421871579539965,-2.340761932184197,0.3527721446073573,1.0645457770789577,0,0.31517785384501673,train
-0.19820567195994818,0.45355245623951645,1.771583739029551,-0.032000294486984396,8.570307119454698,0,0.5932509619686817,train
-0.5203929968913883,-1.0930729327188229,0.4023399901091951,-0.12673786925077068,2.2583812886411576,0,0.44609469856597306,test
-0.035623282737194874,-0.26135248886821855,-1.450032672857084,-0.42523896009954026,2.4135045557912296,0,0.33960191089483055,train
-1.8457552109313422,-0.4305991797280226,1.4002788165195872,-0.28427236827480296,2.5797440129808233,1,0.33244565415491756,train
0.07185108773370476,-1.0341988841510577,-1.0084308438310887,1.6310154882852392,-2.564416315883422,0,0.2993807698004709,train
0.3979340345712566,1.8006715704263905,-0.3955321871722077,0.7531178375765177,6.641470696158324,1,0.696662146798697,test
-2.1665296851725127,2.1120244608957526,1.709583613259058,-0.6324745605283473,-6.556489072586236,0,0.08224547209108128,train
-0.020300751267464383,0.5868355449415391,-0.3393091034481248,-0.05487386973415322,4.967380888840896,1,0.47435649475794556,train
2.0377752205176765,-0.15607472946252904,2.489304418094256,0.7677132224276666,13.48881049372477,1,0.7975555225971995,train
0.2931736928056932,0.12766848405729148,-2.119191491178859,-0.0028125730422341065,4.998437076661404,0,0.5142699897920832,test
1.5838644541598055,-0.5894558341727548,-0.9854780649035293,-0.30657074730230593,4.6459068058565025,0,0.5339225805409464,train
1.8615940287730002,0.5998002859539001,1.555098845706567,-0.41140510635146305,21.471030887803945,1,0.9311749321575848,train
-0.5989332439288955,1.3760138507869837,0.32791374061272416,0.8769601970257689,5.140172420832954,1,0.4629157125155124,train
1.0588010769482081,-0.6074161562461827,0.6743122701094428,-1.0643908257053742,6.648933686217278,1,0.7005158832719176,train
-0.638255235615049,0.46306121370559705,-2.7320977502756154,-0.5473426735339962,0.7162183223196661,0,0.43793909630479216,train
-0.19179048843530722,0.3098568068108202,-1.111969677991947,0.323001023836146,1.4628306331516974,0,0.3383367983147164,train
-0.7827325448568223,-1.0290128418841342,-2.5121319590535793,0.21454913672318296,2.189384815938402,0,0.3700278033432631,train
1.2535944240428198,0.02717193606385428,2.9599336843635857,0.43464279861554533,5.351235383537794,0,0.6503249338298193,train
-0.7004825681462233,2.089468914292973,2.4905395891741025,1.7106816924193373,2.2926291777231804,0,0.3613310156271845,train
0.08340548338666377,-0.452357708209489,-0.3729311281146961,0.1790291442710136,2.6427242073546,0,0.41083024374160865,train
-0.17632430304495134,-1.613028296889172,0.13133731704177443,-0.5515127005132621,2.1800054262715998,0,0.4000460637385843,train
0.5115994215754909,-1.1716062296197471,0.49959264431298145,0.2384693439037605,4.640223036236352,0,0.5434628765233154,train
0.05218819269163969,1.1353278099081392,-2.0765709816607547,0.3891467537668105,6.942794497759876,1,0.5357714838202684,train
0.0604771713302673,0.12664238710065095,-2.4502942187403702,-0.9765330202751469,5.032025097156513,1,0.5275384917863889,train
0.6939360229767012,-0.32272104797366596,0.6792947070030868,-0.48150695720646575,9.071987549895947,1,0.6929771382231645,test
-0.011544325636946863,-0.1352607139101746,-1.4009325826450583,-1.6349178743213533,3.4063521304329485,0,0.3492078964927627,train
0.23073803922087438,0.12635171239866202,2.3907206663907425,2.2284992108527857,6.7920899094689124,0,0.5612954802985056,train
0.4325644035973479,1.4163650681741422,0.4600342585834811,-0.41598851031299583,10.246360249574506,1,0.7902095790316978,train
0.11972005246958846,-0.4525898395593836,1.3026773678296832,1.0619618426896145,8.425150597448399,0,0.6273523063636118,train
-1.1950276603797072,-0.959938823277719,-2.1416006801129526,1.118204006642988,-0.4529700392708109,0,0.27276999085276754,train
-0.4685663792785313,-0.881096671129007,-1.8996625219490573,0.017135269145069926,2.7523776489609113,0,0.302432867524472,train
-0.4822880285349767,-1.244125448013759,0.5812554999957076,0.4095825481255374,3.595298944766273,0,0.47276729350283747,train
1.4359717009068873,-0.12231819031442062,-2.757329757348937,0.5542057958589929,11.744381492914298,1,0.7811376934619322,test
-0.7400829547875019,1.6037109073393745,-0.3702456156893694,0.9078497565761747,2.045855319902943,0,0.2991516038902047,train
1.76396882840271,-0.9764795813914723,0.9172580252731688,-0.28449201110078376,11.217331157922036,0,0.7242681050819028,train
-0.9784894739500143,-0.3580622261152649,-1.8164806829021871,-0.3613211548186991,-0.19451179021142406,0,0.2396801065645352,train
-0.8467742935194138,1.2836648858336437,-0.5257315599550303,-0.1446312915433483,1.1484574580906581,0,0.25171085659512504,train
-0.6616105838654938,0.6265708123399631,0.5596136904319451,0.4808228547631704,4.352179718455312,0,0.4726385860459362,train
-0.3931537273514885,0.4145644049577349,0.10995404196698555,0.30417560515212694,6.194193125424663,0,0.45755499027248114,train
-0.23240664744905037,1.0894226934246363,0.6385174489317551,0.039174669504042366,6.633894388449369,1,0.6154773918125158,train
1.326014240477978,0.4161429556024848,1.2341943050259463,2.086654194270756,12.309506288498378,0,0.8772540302662996,train
0.05417812058007206,-1.3020856969418066,-0.13264425288570791,-0.39465483783593247,1.9105374312337315,0,0.383852584755565,test
1.3033587474750687,1.2040915962286984,1.8536628051990114,1.53371988552546,19.64146492258756,1,0.915721514669819,train
2.007238409671151,1.2855469326826199,-0.9510845931909344,-2.232347704644139,17.506188725543502,1,0.9175411727148831,train
-0.7234349434768269,0.881971936703954,2.5953140229143408,-1.4051948023049707,0.08128657740542944,0,0.33221572961365076,train
0.15818242005320676,-0.6392372402188194,0.3604904968768956,0.6457739579840382,7.023797568832993,1,0.5396670955454211,test
-1.337715060757756,1.0331867016479221,-0.9459025577348061,-0.16021291768668203,-5.6645351776596895,0,0.1360913754201194,train
1.011554954991889,0.806269920966945,-0.6001828658814792,0.002393398285509412,10.895240841451747,1,0.7180453216295584,train
-0.19868926352643906,-1.6465344491657727,-0.9744554435541883,-0.262132993539787,-0.540956592420556,0,0.2538354071670309,train
0.3590428749633908,1.0464609559696483,-0.20683059705238005,0.21278580166976205,10.204658437473382,0,0.6406266694707619,train
0.024087060865750142,-1.035070198205915,-1.4730884138389804,1.0882186323189078,0.9458951273779801,1,0.29862607601845115,train
-0.6147916654286525,-0.35821481897719937,-2.9266226025863893,-0.4850468353363941,3.531616180762478,1,0.464379528599339,train
1.1771475197049792,-0.4165309198791104,1.8647408406553367,-0.10212625860833283,9.880568636894504,1,0.7297834250090296,train
-0.7421325128383183,0.08936787963351896,-0.6164758257461527,1.2050597279989186,0.6121686909546611,1,0.2670953966870928,train
0.6049358001520239,-1.579139349785989,0.1819858820553466,-0.27196241825142226,3.1177049482738974,1,0.44263190055525103,train
-0.5798380850942009,0.3620017927914962,-1.337529159119828,0.3736191942073132,-2.313553267914448,1,0.26587576824225984,test
-0.2415775663877501,0.2558517320624492,-2.2485992919389126,-0.637537526834725,2.1337401511127836,1,0.43297266962185965,train
-1.5215694320227007,-1.5789049072537398,-2.9915352993600344,-1.0826156355101415,6.457655387030413,1,0.42074857418642647,train
-0.16729521236520353,-1.1638052989745447,-1.2693439629116978,0.7369582375170878,0.007041132370757607,1,0.2711946938303931,test
0.9256257593182736,-0.1575538281340379,-2.5437620122496067,3.283181076835754,6.379270657126895,1,0.6719684112115317,train
-0.6938758772893279,1.1498606644721308,0.3874196117575166,-0.8415184717016462,2.1561494794126643,1,0.44058851531835136,test
1.751187779022532,2.3286170003842552,2.792395067497756,-0.6629101511311942,18.629981355141755,1,0.9671952501312998,train
-2.2716090245329608,0.02781654203120606,-0.4101715046285044,0.09041241592668835,-5.391153426771114,0,0.10869131430824085,test
-0.020460856003675556,-0.7087484664211882,-0.7757459078884019,0.0567838594806871,0.36146985307586066,1,0.32716170279786416,train
0.11005162878275963,0.7010169232232089,-2.182240239931824,-0.40418181551656707,5.508310031234922,1,0.5357323192988184,train
-0.14870498088727482,0.29753450270292126,0.12637681780857335,-0.46692244762282226,6.884493452468755,1,0.5116122727235964,train
1.6239905699637625,1.0582037749413251,1.4348155076125684,-1.3130195067380956,20.881153151286878,1,0.9439179194443804,train
-0.49740471737961195,-0.3870981457342447,-2.489452764406751,0.9291576305924456,2.362637056063705,0,0.40688925550976635,train
0.07442664444325373,0.37963817789117354,-2.477764866185629,1.0765284569954714,8.135816813740771,0,0.555977800592569,train
1.175410015664907,-0.6612981056590728,1.770136814412762,-0.8751951193929741,6.167012439865783,0,0.7024214445561334,train
-0.5094495311956002,1.4944767565675183,0.9629586819697553,1.602238227174697,2.822992353817293,1,0.5737397714701015,train
-0.4391088338177002,0.0568397886479957,0.5115270431229755,-0.9029594129474601,5.5614393056707065,1,0.5055451053621683,train
-0.5511073812635539,-1.173411080679018,1.568538993895733,-1.3144162824224754,8.588335844009606,0,0.49944483855665234,train
0.7915480649757374,-1.158390855335168,-2.667876718875598,-0.4307134336594298,4.208264143421139,0,0.5265030898024989,test
0.05530059101640502,-0.31608347241379137,0.4943069164691183,1.3859487977073466,5.889771168442517,1,0.5727817096089663,test
-1.5916426467637452,1.316493940662263,1.8400437004087298,-1.0091087850974354,-0.6886051056265122,0,0.21625314059037548,train
0.2669755806007322,-0.69548962689697,2.140019982029827,-1.4851874598813277,4.852097900958505,0,0.5339171545184617,test
-0.15918285608087748,-0.057322668147176695,-1.526041196190931,-0.15239201828080906,1.1104846029527127,0,0.335947998339443,train
-1.6551704974573087,1.2038704566105893,-2.617315914099432,0.46893382554395935,-5.978818318689942,0,0.17082447352270438,test
-0.42696062099677967,-0.43475568114711954,1.1909350402588688,0.25400930767473096,7.392444944408901,1,0.5486240647489751,train
0.2030753101477329,-0.5474635247437116,2.375497100400402,-0.8448505049662182,2.66331444430215,0,0.4956741763830248,train
2.3082181009665983,-0.032978185160507385,1.819976734871311,-0.49952340883290997,14.698553349591135,1,0.8987140152177487,train
-0.4272228514286961,0.41756676899619183,-0.5435350950173197,0.4666002079203473,1.5886785885735724,0,0.3388057838659888,test
-0.4427439536039599,0.5764287364619601,-2.400187113164895,-1.092762566545276,2.814208879068686,0,0.426974334381509,test
0.47337894575918693,-0.9695105751700073,1.9981854136019628,0.8583597729516612,6.303139301821678,1,0.5517065978138538,train
-0.4048670798943264,2.007341099669596,-0.8000231071441792,0.21622677788842792,0.5501163426800344,0,0.36413480838262174,train
-0.6278733065906166,0.38656937418355597,-1.0163075868897011,0.48386122273571025,0.035722088578699296,1,0.25940264057610257,train
0.17810480453069905,-0.19525469993705372,2.9640977151941934,-2.7094495267098844,1.457717855848775,1,0.42080315679297225,train
-0.4969388605876793,-0.6455787187681935,-0.8031314284235673,0.8374101604166314,-4.403820271391731,0,0.2754146334178403,train
-0.7589185112421963,1.206680384047726,-0.06418322163486678,0.8695079552090393,1.7347038289716061,0,0.3423280614481218,train
0.09210430592101695,1.630364636755746,1.0170479295010182,-0.20940958891841152,10.312036184639112,1,0.7648459380242583,train
-0.5780582106149166,-0.5012961912484715,2.2393022955032196,0.025131237458910143,5.2226648409433984,1,0.41174650300958066,train
0.44626497589323216,0.7681643681902722,-2.399369122761967,-0.6007524222872138,8.460401993749864,1,0.6670813528646629,train
-0.3066031733519667,0.7483799715108231,-1.5423062693456433,0.4288992826169159,0.6356656788982913,1,0.3433391745867358,test
1.8223342278540782,-2.579030760849469,-1.0668931020678156,-0.2972844768193468,-3.8310402805220476,1,0.14716739771174528,train
0.24703321836352074,0.59581973705269,0.04739892385558164,-1.3503087646228005,7.6101312290601175,0,0.6130995894060631,train
-0.9763197046560294,2.3119245830041857,1.0225253913367123,0.8784820287111667,1.078037949632773,1,0.4003978491903379,train
-0.14463048284880678,2.0829044530301677,-2.5244650028598494,1.425433235194289,7.834516524419134,1,0.6131748115666199,train
0.48861141264669183,0.43882914503383535,1.5649413276240907,0.7469513365630163,12.050926497353709,1,0.7541850280318068,train
-1.475120087253401,-0.7588168065508057,1.2686706234505074,0.7932070730615539,2.650199325770839,0,0.4112699882392652,train
1.3156868031824644,0.24438513763040878,2.608291114407537,-1.613709582611067,8.488315938552041,1,0.7471164674418063,train
-0.22780644418032167,1.7002878056444957,1.0480588088014873,2.2377166036622014,5.971142749071215,0,0.6776375340103494,test
1.5666269802410733,0.6259223658833942,1.2634005677536422,-0.27683564878772843,16.34941972721196,1,0.9156589751296113,train
-0.5909074628394492,-0.6011405640000884,0.0520835758165914,1.30509966035318,1.0690122198051224,0,0.3857275156557712,test
0.4118452793396209,-0.28755555210246336,0.5123267830737004,1.1238277643928072,8.45879733919744,0,0.634838043625968,train
-0.2644893867454639,-0.44037914588059557,-0.02050445007896684,0.13644949959253508,2.945070013469345,0,0.42290734325850554,train
0.7309208284879849,-0.1124678401487465,0.9571644122243583,-1.007828409084427,10.92978692846122,1,0.7433708278298311,train
1.0482597281053927,0.6354397894775973,-1.4152315933341255,0.5669661731382516,8.614206783489035,1,0.66841561844017,train
0.6106967538459186,-1.3393998628263792,-2.6597564100600373,-0.0774703897025229,4.4001020358340925,0,0.485920903393046,train
-0.8641663541649933,2.253949499658385,0.4084818021148955,-0.9882881031438259,4.518622290153039,1,0.3810784061746684,train
-1.8901359775630187,0.8139746125728302,-1.6599733034124824,0.39435126722102926,-3.3781435820046983,0,0.0875889658628249,train
0.26590836718694294,2.4663518644339675,1.7702223027178743,-0.39665990604878143,12.752243676529096,1,0.8359895209800303,test
0.12881773159534562,-0.21834626052006584,0.4276608339848038,-0.3410427729506375,7.648878749762455,1,0.5825957903769523,test
0.391193562818816,1.1978707564351785,-1.6868705535469448,-1.2116205005991683,6.325605103817873,0,0.5895569219344471,train
-1.162109523201632,-0.7583765671204027,0.619774210144862,-1.0401446743260843,2.176411800811392,1,0.4088865324741032,test
0.5845743340912342,0.5664611355850071,-2.0586797777159838,-2.1898424638780223,4.351738657171476,1,0.619749446359915,test
-1.7690285516737192,1.350067697595928,-2.294141757014153,-1.3827986726075283,-5.511992198355382,0,0.11639382685727964,train
0.8708420453677138,-1.469302882945871,-2.659792536812536,0.7854344563892959,6.244190575160895,1,0.48213078977582735,train
1.6270027936484392,-1.326617260493964,-1.0488657059488056,1.9334677090304606,3.8973931696765156,0,0.3680823573368109,train
-0.7350297273302983,-1.024072904837567,-0.49425562852712535,-0.18545594183299868,-0.4726512785222581,1,0.2809126778689305,train
-2.166761466538329,1.5583001770860738,-0.82130897413164,-0.29865004741734186,-10.97838381476529,0,0.04355750778366843,test
-0.5522008937904643,1.2505079073129366,-0.6559027304983291,0.33002271190452565,1.3708964459016133,0,0.31351258599332726,train
-3.3349214413411943,0.020763779491886573,-2.818415119961604,-0.2939825794769731,-8.476475178969274,0,0.08702366126778091,train
-1.2767815093336552,-0.6519305201747407,0.8291807061016918,0.42311784905370037,0.6309442671296237,0,0.41278874478020555,train
-0.2933611555277806,1.4405941074582305,1.9603860370312622,0.2827874971043915,5.88097964807629,1,0.5875653151937933,train
-0.15285862349298168,-0.9901388878646988,-0.8905513339401052,-0.02754535030372371,2.356771630043827,0,0.29000008580143954,test
1.2941588370206205,1.3555999879430993,-1.5532494612654235,0.27771661749190335,10.149157594845441,1,0.8279183623394311,train
2.4084419424931602,-2.150350423427976,-1.0265906909838503,0.035684562328474376,-1.7678711713445718,1,0.20554287427594756,test
0.8901192563732431,2.02339205565486,-2.355625395517129,-0.9243349244553414,15.367676640648876,0,0.8757637449246582,test
0.2348552041291325,-0.969144297053041,0.959691686596837,-1.0643738263627545,8.961880429523342,1,0.590235933727733,train
0.27355154300298257,1.082992782100738,-1.2366313732232943,-0.19922978515231593,5.900518256730286,1,0.5145363158196301,test
-0.8870219501625554,0.11860002476414405,1.9428938061814094,-0.8832433189862375,3.2367135219666086,1,0.4094435149713297,train
-0.5776035692441728,-0.43728459590926133,-2.377993109781497,-1.727373951505254,5.509901509753195,0,0.37370983953883197,train
-0.5655578796678721,-0.39454685193598416,-2.7103876697208635,0.9462892787710393,5.368597887333342,0,0.43618222673574336,train
-0.7968164553117739,-0.4101754752420112,0.3306644973512074,-0.0004211449960683454,1.629976697953022,0,0.4070264854601301,train
-1.5496287756770124,-3.044649301885384,2.4486933975370464,0.6652405616116426,3.001846070987867,0,0.4282420312480413,train
-0.7723605382340463,-0.6519968245439921,-2.275314092534112,1.1394699950722171,3.174701156963967,0,0.32914365610194624,train
-0.18879872270519762,-0.4703116323492164,-0.4069229398932688,-1.0200520086957743,5.5539543669511895,1,0.3652289325421623,train
-2.073495097995861,-0.7004260790119415,-2.229618953624639,1.6950972935101982,-1.5158355025817127,0,0.19622300492949515,train
-0.827984903810066,0.7601031339848331,-1.1527546295925373,0.021695047464829295,-0.7901554647360524,0,0.22014082252217895,test
-0.0481986685118697,1.516287740425811,-0.5693721495847459,0.09652060385030999,2.6855295542992392,1,0.49484852427347503,train
0.712472405569678,-2.1533534304445463,-1.9205301809403512,-2.033703278769104,-0.022611509016195158,1,0.2621360536753141,train
1.656118365121542,0.7684784088788265,1.055624655642312,-0.32646487224796106,20.727825468934427,1,0.930975439894175,train
-0.7242714618124457,0.4773882304380028,2.704762062153346,-1.1396738610973498,1.6166465993535768,1,0.31364006315629184,train
0.604810481797939,1.227500046339089,-2.114850507615133,-0.08797462311366362,7.721026514058784,1,0.7109112167543726,test
1.3582810192585804,0.7687580420836222,-2.314631027453572,1.0392380055375652,14.974996994681497,1,0.8351459834122151,train
-0.09307362985167864,1.2012953116272167,-0.2626719188166762,-1.6626231294018397,9.007344312131744,0,0.5090480238040284,train
1.7506960406556427,0.10272858298178278,1.4092545916427683,-0.4421164895847602,13.875310499932516,1,0.8851588698515072,train
-0.7524040440213698,-0.5634764517794845,-1.3715943559269999,-0.5375403357527858,-3.662712381948258,1,0.2368624435629592,train
0.6446530475459142,0.6652888209491294,1.42256586304193,-0.4499115585003525,9.788468650738345,1,0.8075406069634444,train
1.1812877236424504,2.058175398111318,-0.8446805416800709,0.5220465696084047,13.611290174116949,1,0.876698889230415,train
0.586678242754954,-0.11855026516507954,-0.3890305657519537,-0.7006725540749086,6.1863017225202555,1,0.5274358839101241,train
0.7223937919351017,-0.0783795178882508,0.510801577217475,-0.5420212796631976,13.35194810408062,0,0.7072357454755386,train
-0.06875936117846365,0.7997116761262094,0.5274699925675748,-0.14538379540756968,5.715762416780631,1,0.6294229646978361,train
-1.618453355511394,-1.8410139119971678,1.5347969958033811,-0.4949441217997509,4.511679039382909,0,0.4725570126126313,test
-0.1628384409264191,-1.6166564630567184,-0.1348022349626241,-0.47045649906488995,3.1812160184025435,0,0.35276485497246984,train
0.7291308329282425,-2.3127055227586117,1.8409361630713814,1.6653419656270383,4.847698200591797,1,0.4077331074544477,train
0.336530949937267,0.5412349648128566,-0.2373203397612409,0.03591079502814951,7.94559432933384,1,0.5776466924292958,train
0.45349229831417653,1.0512658767800949,1.7656230582254082,0.30537667809531577,12.571044916985707,1,0.784341333943825,train
-0.5647794816668579,-0.061486866696627174,-2.6678935348041146,0.9289089670116976,4.3366041238253965,0,0.43475608122440346,train
0.8191870745588615,1.3402274149516373,-0.03853722182075625,0.08815280780816495,14.189203781522572,1,0.8079667087401844,train
0.9198612153882324,0.4845258322809629,-1.7598274953811972,0.7623320381483235,8.876120325038709,0,0.6440509681550065,train
-0.022895620589869558,0.03395391923741101,-0.05147492917186414,1.6228873534243777,5.202658896898512,1,0.4872397530813048,train
0.8587953527685486,-1.015734642069291,0.07765624480343902,0.12620158209207025,5.921945521956306,1,0.5221893167170595,train
-1.3749780753738465,-1.1658995773752203,-1.0012861517973564,1.3018247392264677,-5.482060070713427,0,0.20336500565788565,train
-0.5684480522739557,0.8064172809799419,0.5526720470220927,0.6286094878389078,5.943786205804596,0,0.498851706021657,train
-0.7987358173384814,0.04762549330833928,1.283404194278365,0.2995492779385192,4.7061042404277975,1,0.488659843348451,test
0.8230882700037733,0.11370848621108672,-1.9388432855967312,0.47249280270409083,6.741491756975946,0,0.591620267735872,test
-1.569436217631825,0.7991320563930909,0.11285410416884378,-1.9217670502357167,-2.227216342437848,0,0.1966321060931934,test
0.6315369434480644,0.8477533721421466,-1.3081002526186785,-0.3896713868128631,9.236353337744227,1,0.5911193097658358,train
0.9698672473520498,1.7295694004138793,2.027640666554573,-0.14140592678963185,13.233610284976443,1,0.9013686293991284,train
-0.6825147424005773,0.21552321537291882,-2.9874146293435913,1.973384298786396,7.91781725396587,0,0.46613700608280983,test
-0.7922583184468683,1.744822974744244,0.1287251288006539,-1.6043689985447063,1.4603190871011509,1,0.36433110899192805,train
1.2816108485613882,1.2160157667910023,0.9961697919402153,0.36443386352739665,19.850654741239865,1,0.9269633560856495,train
0.7205563863854922,-0.17508195318343173,0.07279866347657293,-0.48027219312636776,4.54883146137732,1,0.6265117510494274,train
-0.9981674223927866,2.2696456937917255,-2.1312596884213053,2.0899528870440482,-2.739416294711785,0,0.2275100559858623,test
0.5384050954998236,0.8467455566814559,-1.3092910054344506,0.560753918155818,6.904427539091246,0,0.5656242825081097,train
1.0301616520778463,0.9257934195011199,-0.008167036534129757,0.7419769005270082,16.2103617725397,1,0.8095545312789107,train
0.17713638957147146,-0.4243022403447952,2.9988131280122765,0.19997900319523815,3.1122891939549473,0,0.3957224601887489,train
0.09364419661188801,-0.8791126267446,0.5972627143592009,0.9526649016750355,6.054522490223205,0,0.5477965712701659,train
-0.01402478269813225,0.640650678468496,1.1335819011283128,-0.5414951122538615,9.399405577110617,0,0.680765498451571,train
1.99187741557396,-2.0420094169037553,-2.5390066343508977,-1.884920850404861,4.502143578437527,0,0.3671458664646899,train
-0.5256318209190153,-0.10005208477053065,-0.2338055088152129,0.9167756944042753,1.006325089414414,1,0.3540027624624549,train
-0.3308202181630795,0.3106868159436446,1.6784049623631638,-2.227997950985999,4.761553525475259,0,0.5672087661622649,train
-1.8779184550299086,1.1249297316441351,-0.1574268539577255,0.9796390836782113,-6.026947130863989,0,0.10939740019559971,train
0.6263335346390086,-0.5033134571992129,0.9944340033480001,-1.5237205499799051,7.498509641442578,0,0.6863694152561653,train
0.250143073427886,2.127652135091736,-1.6117292870524862,-1.3913903637070968,7.5644429220366565,1,0.6269210935071711,train
-0.4223212339287614,1.4754425944492862,-2.8823178978236834,0.42829823459242783,5.703069153188341,0,0.5473822757600194,test
0.44977187613040404,1.895699405753644,2.789634948001333,-1.0260671551462075,9.39029855630621,1,0.7248734511954831,test
2.5870643785399934,-1.6080652002798632,-1.9302767298103227,0.9678978550499514,2.826186006157375,1,0.39483714918125645,train
0.1313289001092004,0.13660941214726519,2.0215329912675095,0.3992401852176409,5.15452854472816,1,0.6074510980791571,train
-0.39909440310455996,0.3530134146658152,0.26118977065570803,-1.0378736512433717,7.011684548704858,0,0.4820083899898745,test
1.267141452127795,-1.8848540406672822,0.9025592779765645,1.0712466350021168,7.893600379622985,1,0.510484175097368,train
-1.334799186559193,-0.6686954655572624,1.6147370749176293,0.925134465892228,2.5556717989557955,0,0.40382729186576855,train
-1.4074659725666312,-0.5661746024077887,-1.730169184826908,0.045478373323899646,-2.604675968351706,1,0.1944014556935179,train
-0.8593414587636856,-0.25092176703241986,1.6999562588493182,0.18325078618337992,3.132336565757198,0,0.4514535702142143,train
-0.652511030090248,0.3791853021571497,1.1052297600548968,-0.5724881389769864,6.340689433933921,1,0.5206055966481572,train
-0.8456003837628849,0.5737230912480061,0.3551775563438664,-0.06713917418150897,0.5959904609008402,0,0.3949036287988867,train
-0.5351777888390105,0.30559889381421795,-2.1182243889213046,-1.4392402635162644,1.8300855714077298,0,0.349575028283049,train
-1.9303038936376573,-0.3557845264356484,-2.3344402060934106,-0.03460881409488534,-3.4115756851737284,0,0.1950134391243478,train
-0.5070457386950555,0.6421899412265031,-0.7297642244255274,-0.7976909324159445,-1.0965714954296653,1,0.30591793386408817,test
1.1597428356764345,-0.2743717526750719,-1.4738169670043217,-0.27997271693714404,9.23862682149395,1,0.53680156984204,test
-0.2442188157325283,1.7939617215041297,-1.5155966556399814,-3.365496932455711,0.39052028901056124,1,0.40573093152672884,test
-1.789083496014351,0.5120479141299938,2.523859397396148,0.25645593400904165,-3.2461620586113664,1,0.1544864537549855,test
0.7242031281875763,-2.9767901004095063,0.7551368104520546,0.10922495799244274,1.2604507305939716,1,0.3388670555356405,test
0.35383437666698603,0.3458402940761191,-2.23384897180003,-0.195343479766044,5.169891254325942,1,0.5709931398501963,test
-0.38759101382359495,-0.9451964576841569,-2.406386784233503,0.07123773836663805,3.932334937052462,1,0.389298643561075,test
0.4192518082607383,-0.49442396657287074,0.43088990097993296,-0.8232277602075713,8.445888172266214,0,0.6015671117269178,test
0.6322179661906169,0.35382074977149514,1.3700235578170492,-0.6782825172534588,12.071380592931048,1,0.7793201223237447,train
-0.800442827708697,1.0586125839541178,-0.26190429439783625,0.40456286740653485,0.36723846198385957,0,0.29943970360299554,train
-0.26250178522538203,0.739776732906875,-0.745179199467171,-0.021766010917522234,4.341816332607145,1,0.36504000010360727,train
0.6126601558677116,-1.2290334978717776,-1.0810932763927326,-0.22690735190504316,2.350512199611515,0,0.31840668252888066,train
0.3192218508961846,-0.0598822368290749,2.744026292611233,0.8389215675678533,5.663161870233894,0,0.49474626396865595,train
-0.06912177001619155,0.8526003378273951,1.4212499922745696,1.0655082296283012,5.949015119710442,0,0.6763772338481129,test
1.0684297131099234,0.9385580913654353,1.044956970196285,0.20845875040354198,16.515386093966637,1,0.8891878433521487,train
1.8100150344222108,-0.4320577562847729,-0.8352618177292639,0.26399996091786077,6.2224703396026735,0,0.6136980644161735,test
1.3645209685792912,-0.9304687223015232,2.3152655749673174,-0.8811893742258815,8.234176577276099,1,0.5922310392251655,train
-0.09194048651259287,2.090211779248698,-0.29432778651103675,1.6676582399389348,3.7343779862545885,0,0.5608792726282749,train
-1.2168858552964177,1.4946049085831818,1.7371119027082118,0.021216851647028585,2.1942138853565822,0,0.3147257961138556,train
0.07966155623467183,-1.483967216591027,1.9695811061988415,1.1934131054980206,3.5103941048754352,1,0.47478620599054017,train
-2.323124720705819,-0.05352109718027265,1.0782435161381922,0.7082515365664483,0.8812899312032525,0,0.2288869445918621,train
0.7832587883913424,0.04414235895513207,-2.090075988985174,0.2133462085988045,7.863183537452008,1,0.5977037664811592,train
1.5689122262638582,-0.6688804886122419,1.4738919495257186,0.2752062922995016,13.471908283942634,1,0.7639410318785537,train
1.0715661256921936,-1.8452984602531814,1.0169235961772376,-1.0193881492709849,5.158523745416868,1,0.5222833564256313,train
0.4160121480027424,1.1869837579764428,-1.3949801758053624,0.15521194394559548,7.447677498540853,0,0.5732659914603793,train
0.7083054510712279,0.33581831847430266,-2.7080381059804344,1.9089026028314098,10.3294102588021,1,0.7238065203832602,train
-1.7547061249390952,0.38291679026276415,-1.1302438205590428,-1.4026596508787192,-5.494981962769644,0,0.107238468709261,test
-0.8054002649925115,0.12380776489455948,-2.311843813864737,-1.963226001195597,1.1236917486486175,1,0.3276534617882386,train
-0.8948313403700802,1.1002476611338574,0.014979521858522027,-2.375720195658608,1.1494729990784862,1,0.3191885154670617,train
1.3067047909482359,0.24484801500132683,0.25979364732098453,-2.0805916596069265,12.92608659832775,1,0.8047580254725377,train
-0.43936170299055194,-0.6236175613458,-0.15830454599398536,0.2405997059390914,2.289250847922679,0,0.36701391045810233,train
-0.1341993271778325,0.34038215608832767,-2.8376135378327723,0.5778060000077934,4.8258921596927,0,0.569588773752058,test
-1.1977449284253854,-1.2005087083969326,2.8212910308003423,-0.9641810092570455,0.19688102981240452,0,0.2632591095474202,train
1.8182303664243946,1.4999141149856718,2.6226274814155683,0.24497132830651694,20.772835934042696,1,0.9417167679910676,test
0.38457102754816247,-1.3683419260018927,-2.5231249751195826,-1.0530201897838765,4.018158167620986,1,0.44281527620182376,train
-0.5427727658711367,0.11153908707088116,-0.6437290973499987,-1.1709579804413666,1.5112152700144423,0,0.2977082495837435,train
0.17799170625655047,1.1865844207384435,-0.9220979379008494,0.019853619059227223,6.326557346417241,0,0.5050279802058824,test
0.6837648291768937,-0.576846805232727,-0.6420627262553578,0.09412459507554127,3.5593774640120808,0,0.4433135403724035,train
-0.1256425604906935,0.322760084850594,-1.8057125329802932,0.6234923892053154,3.4226818067801243,1,0.3909788564353732,train
2.0829539812986777,0.2648937026550983,-0.5005425138666553,0.5751307145536537,12.078205246852718,1,0.8279202289086468,test
-1.4328413105470523,-2.3940042296978654,0.23699500816004893,0.3674255354167257,4.191254373086491,0,0.4235471739194125,train
-0.3900013654888357,-1.0132210907500665,0.810252013010444,-0.9732486095360823,6.586457948195453,0,0.5147552581229531,train
-0.6624224230201674,-0.9668912481962773,-2.2591666576213263,-0.8573080595961847,2.3238629627,0,0.33697250563610437,train
-0.023704223654146695,0.3149385134698922,1.2680932376728737,0.3053160957009615,7.6206101999968965,1,0.6582089865869613,train
0.24378714515017794,2.5429447370306075,2.2516974025295227,-1.9000747881811042,13.33000281827907,1,0.7868841272434117,train
-1.7187145713832543,1.799026540018746,-2.533813740599772,0.5192292547671913,-5.957784604521178,0,0.12468246991563492,test
0.226690016108935,-1.6283037406779202,-0.04999638756352187,-1.492604824660763,4.114649406670704,1,0.3803039401104265,train
0.2912096786528081,0.6265748624592035,0.2955827787861196,-1.3299643105782841,7.191850553478089,0,0.6687611910790627,train
-1.2726008400765536,0.9913752112594442,1.303470846248925,-0.30141787702570144,-0.37921564051684853,1,0.34933530487051007,train
-0.2390712052325167,1.242245511906395,0.12955307434155294,1.6238554853405203,3.7200514091154138,1,0.5391464052134075,train
-0.8660975300573613,1.6954815572839301,0.7234762226083804,1.7163586278234813,7.836367248303549,0,0.4292015598189391,train
0.13500149034160702,-1.7048644167881506,-2.14125438109462,0.9139834996968127,0.33459642151261026,0,0.3326022336905394,train
-1.0846951564272709,1.6739035017467705,1.6953074094630871,-1.1597369265284194,4.267932472631644,1,0.35420945541030985,test
0.7683426801923139,0.46194182406784673,2.038724390326439,1.2219771156895467,11.208181075173016,0,0.7601971707298623,train
-1.014452112084416,1.509458310205673,-2.9266794974734234,0.06082437500087051,3.080999868642592,1,0.3556119538720881,train
1.8605161308760554,0.9942095791559631,-0.7491409926567552,1.122836895707984,14.727403055686363,1,0.8797995013018552,train
0.48405383074541863,1.800425725175294,0.19275369411628862,-0.7663886660018671,11.47216108354118,1,0.8015202228896753,train
-0.7871527287816191,-0.3585396738967004,-1.4539496497240838,0.6406571287135372,0.7687379933185072,0,0.23577313042128595,test
1.0896663614688173,-0.522015046232704,-1.685741530883599,0.5994216111042039,5.399761952758323,0,0.49903815611298535,train
0.3531928943249853,1.1484607743400324,-1.6849226530380683,0.6416962150297179,5.556094849962857,1,0.5725144615305613,test
-0.656722103111052,0.3166162410495479,0.6320868025260751,-0.41928675752893424,7.243509011757781,1,0.4809574526951172,train
-0.38869324410686085,-0.8358196376625466,-0.7022313048160251,0.3887401795203353,-0.05287981268912345,0,0.2903648943997613,train
0.20919595375211478,-1.4224239561019545,-2.3158070867265157,-0.5679544657709816,3.6921596819669897,0,0.38889428048069813,train
-0.7770436898663057,0.7862240433117358,-2.614946049743402,1.0921801990342854,3.506461169652402,1,0.38415587071958857,test
1.8711791746902486,0.33692819653820344,2.509273960350372,0.8792858107607523,13.587026017830906,1,0.8510462327337793,test
-1.4290980793151649,0.5235425321485713,-2.3668893374228803,-1.702411218601205,1.2997185100943411,0,0.21351834810353973,train
-0.32535076395632967,-1.1844134237270731,1.9315297106296132,-1.0757123995520053,5.8381020212097425,1,0.4727484227203293,train
-1.4159508382190462,0.4310687520250554,0.5608329205311087,0.5128233040640234,1.2842075222907847,0,0.3023727832756079,test
0.060823942189242926,-1.0071318382012409,-1.199666714520705,0.06043363855290008,0.7971418651721394,0,0.29618048028210364,train
0.12524221730124208,-0.3891065541719973,-1.2351776028404688,-0.046116646746079536,3.784040890934985,1,0.3480503750770368,train
0.3429413205210785,-0.9468460882228351,0.8102815119394124,-0.4100437984241585,5.7595126969392485,1,0.5918590133946897,train
1.3586751336503922,0.4759350755529689,0.7422904441454219,1.627022831352567,15.087891743703594,1,0.8746460490930558,train
1.602053043080089,-0.9131882060827748,2.3671913951164942,1.4978408111475032,6.6987601336387135,1,0.6104920264643484,train
0.08059598593260515,-0.6915279487909306,-0.3088988632578422,-0.43434090439419976,5.805775788391277,1,0.4022784561187478,train
-0.4050516599687759,0.5134767609344785,-0.4737040264541945,-0.43084632712776566,1.4215661319889281,1,0.35609221699437976,train
-0.041780774474013134,-0.744618765675244,1.1419423483444175,-0.20164318843353296,7.313888655717222,1,0.5850888211174585,train
0.6178313835069582,-1.8381128219353535,-2.0446726088550378,-0.18032989185849926,1.9271888650172446,1,0.31441830950130756,train
0.39283975101243374,-1.2691598278134801,1.4276558635439258,-0.4814077160968041,7.409593293416005,1,0.574672723394166,train
2.139418513978631,-0.8568478078621965,-2.971518345707557,-1.6336660105880585,11.902710652476948,1,0.7491449362150115,train
0.8870432658152666,0.9095234034641084,2.8087989603313828,0.4950057135905995,8.14126350686951,1,0.7292561809683077,train
-0.08106069998411125,2.100353626524808,1.0691891013338042,-0.3843638162539903,9.518782507068394,1,0.7435487062103615,train
-1.2267621434315243,1.72153704703825,1.430030262721381,-1.0844722091723373,1.3017872666022225,0,0.3263697874077498,test
0.8323469916624829,-1.1365249633448011,2.941494576388755,-0.2825707076712919,2.59672491691683,0,0.3947337709059669,train
-0.5653548847230506,1.426533332937402,-1.8918410815430815,0.34057559696735085,2.5942137827859306,0,0.32836886249802444,test
0.3960617880784024,-0.5985499978521913,0.6902099501170724,0.28984395380928835,8.318027979259671,0,0.6222001649475483,test
-0.20665016273684822,0.8150939923400291,-1.654283346355453,2.235668455422721,5.616215383055319,0,0.38114599717437264,train
-0.6470885549293195,-0.1911322285372729,1.0762743537497537,-1.436608638180317,5.947875478340458,1,0.5152715474093756,test
-0.9710273487923476,0.015832493355515415,0.4269727843563369,0.09717213011165714,4.061363433205358,1,0.3876755270146906,train
-0.2630757514767062,-1.9609866524166897,1.1424341869376269,-1.3429536397875423,4.164926491301266,0,0.5004853701662316,train
-1.233990660637448,-1.943619591930247,0.07549781087257923,-1.453333378242537,2.0905242806107824,0,0.36689156959781527,train
-0.13760214097369652,0.48935099878925825,1.3083807924623096,0.21101400144050253,10.098841501188398,1,0.6434811328988042,train
0.5851304965701263,1.151731704968109,2.4470274641387775,1.5104000239755624,9.081832280904779,0,0.738289299176851,train
2.2157447978237483,1.4538033512461757,-1.0700395257746707,-0.3888457218498284,19.87199812611486,1,0.9453900236117345,train
-1.1488044569038507,-0.5347923005380771,2.607626468726475,-0.14713493078398773,-1.4578207549238347,0,0.2754881458961265,test
1.3735410822978917,-0.31509241773272545,-2.6041459660451283,2.1211102574525875,10.208207732410031,1,0.7221488195343918,train
-1.2613707651352177,-0.18716455777973223,1.9520812398501164,0.814617007828585,1.3907197236749147,0,0.34929049964474185,train
0.7095462820337354,-0.8218877413099593,-1.963859329608327,0.7752162239339608,2.9516990130320826,1,0.4392362668082851,train
-0.06215509140373758,-0.05829328285151561,1.8522977753489656,0.14413876029568617,6.69194297414647,0,0.5809264939259371,train
-0.09086383451218082,-2.0794530808053935,-1.556826982279623,-0.10350916519021941,-1.9699378193955905,0,0.2417793431809985,test
0.4586480874927646,0.7241438001223829,0.18254905706888636,1.5662647687700517,11.154705946212083,1,0.6983195659351858,train
1.4757835481764257,-0.14930998691804961,-2.17472493134662,0.3441062885635571,9.503086452669233,1,0.6991567886660696,test
-0.562903916291065,0.8500135618256368,-1.8611613476628766,-0.7994602148003859,-2.2909252581050477,0,0.3159201801981561,train
-0.0570574478800911,0.0012198577079224771,-2.101824214470038,-0.648074819006719,5.171622973064438,0,0.42988767571635716,train
-0.3589549259975464,0.30938280371669746,1.7348793954132047,-0.10508267795264221,3.6460044551510213,1,0.5544418896372773,train
-0.4573000944944965,-1.9137865064724449,-1.803017537316493,1.1031827914227414,0.041443461406655474,0,0.26807436276405167,train
-1.757592611756186,0.06674165130124529,1.5324182283323076,0.32515421351359225,-1.424414933801157,0,0.2946464802992005,train
-0.25630745155759505,1.177785352296737,-2.6531355758980504,0.10668597602322923,7.41692606258937,1,0.5503343508177516,train
1.7513179997265949,-1.0964461730733028,2.7929550434421104,-0.4640587580506987,8.896590217821242,0,0.5045735984946994,train
-0.28826628216522227,0.9629402628004314,-0.19999550502128116,0.23134362851556997,3.789943233581478,1,0.4485190359010709,train
0.4506614074637809,0.8655610169877131,1.4345278073022243,-0.8252692037700287,10.906595909615575,1,0.7896591082178178,train
1.3005095837770944,-0.4115272661410934,-1.8139770052457334,0.9325727071561912,4.125208602657784,0,0.5673555862163456,train
0.9463882281165835,-0.9978499115475037,2.0544525649646825,-1.5575582200900109,2.6529386552557,0,0.5847964074135492,train
-1.3000383562909879,0.7526728436682525,0.6750909432171479,0.261055179654787,1.430132972552511,0,0.32429392307592775,train
-0.3624032339963882,0.44042620447486214,-2.739385923614694,0.15611061691320113,5.0452922680404235,0,0.5047577748849719,train
1.7189034041685534,0.49040897070680173,-2.030694241933376,-0.0608380743060697,14.680493041739314,0,0.8233681886629169,test
0.20640813781959846,-0.49678021304032316,-1.1782068425340602,0.9306911100309389,2.970701776905085,0,0.3505505565008488,train
0.3939663536174776,2.733110919039698,0.4017865316385576,-1.6176851107412966,14.353651261935886,1,0.8615606742871487,train
1.0726006704218924,1.186118898919386,-1.7885593584659707,0.517012755944081,12.318327958640758,1,0.7788780539829108,train
1.4709266876635818,-0.5814885063829011,-2.9662236326809346,-1.1145788488952517,8.249897639555549,0,0.7371182567654995,train
-1.7194312472283706,-0.17949496669715156,2.906993492302883,-0.4443713691621233,-5.522454076592634,1,0.16293190746450578,test
1.489866638558973,0.18971855353609754,1.5431563709685587,0.1858564112679758,16.42526672046992,1,0.866267553729425,train
-0.8428000310573186,-1.3355840757356352,2.1135234228912996,0.28291996022143506,0.35256009816714595,0,0.4035702076786859,test
0.5772067286313176,0.2616373241544962,2.1903731564923534,-1.6632317684232192,7.925148756227633,0,0.6807746433915728,train
-1.097537210349245,-1.649577399613138,0.6173797451996443,-0.8147837258358351,3.4568931067990225,0,0.44604061125066513,train
-0.028058270819011077,1.6167341082624784,1.8210846992283347,0.07267125822984094,11.26151021652257,0,0.6995263409976612,train
-0.4980067863203465,0.17155929887002885,2.5186076646840077,-0.5736247703211051,0.24313975986800385,0,0.3880449844021913,train
1.3387359632847902,-1.9930942496048183,1.742233251982495,0.12378928872084986,8.200109649121291,1,0.46654277134057437,test
0.3541328413583631,-0.4617015215819016,-0.5266839436564563,0.9795951286106829,3.570862010339829,1,0.426036162470557,train
0.08348635951436222,-1.4402776222107814,-0.5810898082673148,0.5392047262555497,2.3077115517007494,1,0.30718585508805074,train
-0.9306903196433726,-0.9421298824484273,0.2391761208129104,-0.4710833044317991,3.4462490747761683,0,0.38050394508259927,test
0.3051566054545098,-0.4800334072247748,2.334369637525594,-1.715973805128825,4.165049205704342,1,0.5250516395794399,train
0.7685709148100429,0.827436579624294,-1.6252413573154925,-2.1176558520983724,11.349555797689668,1,0.6431982495510952,train
-0.4487037213493735,-0.49861753087514926,1.5992085456264125,1.2072639147200686,6.333583100082421,0,0.5249484318386238,train
-1.8509991854583672,1.006067010180224,-2.4073235442682264,0.7434645349917778,-4.3151753605261725,0,0.13012856004587203,train
1.2561735351741325,0.6132440401838207,-1.4585118505650239,-1.357501130486461,9.739895344312966,1,0.7126902592292443,train
-0.48377798725391563,1.1567968535591788,-0.6894144483812141,-0.4899261116941235,0.8282030196415208,0,0.3268107830597757,train
0.540820942674743,0.32117631740413494,-0.8753626519723818,-0.3289950380839675,8.339449423668473,1,0.5123702267362203,train
2.1091997283538144,-0.4942720426172053,2.9490580819490493,0.3917911850730741,10.751932221711527,1,0.6731603653416638,train
-0.3281291048119013,1.0437742748590162,1.769341507328524,-0.48234347389313764,6.030740666673254,1,0.5868983088304519,train
0.1943056909575423,-0.3218371308585325,2.0535334625673114,0.9424547689941843,3.4323024271810967,1,0.5739083265201083,train
2.2395651939028745,0.7343701616728321,0.0065699422032663435,-0.8508256317386249,14.970233968586015,1,0.9323646208640047,train
0.18670183297596699,0.12905090588914395,0.06968276230723269,-0.6290702813037017,4.176518184240069,1,0.5607259858415072,test
-0.7730428694496171,0.686415003432678,-2.221176415342441,-1.2421137842529117,-0.18784565876356263,0,0.3175597642546059,train
-0.8939778684303165,-0.17200606595361148,-0.7180829764757166,-2.0107201190005535,1.5582982440903081,0,0.23693525998644177,train
-0.2126088583508061,0.2544522840322753,0.9919300887434974,1.503204253591579,6.908675384801848,0,0.6104950702193328,train
0.8308084328681301,-1.2737308640952885,-0.7447239995497972,-0.011315814381424186,3.3319641491979217,0,0.3481845306133924,train
0.006789953843211265,0.2880442866970909,1.7271522265034225,1.4123083667701393,10.0512104415878,0,0.6336263244904254,test
0.9559918227554204,0.31726960801704995,0.6219510544722011,1.2763382355322341,14.615560296934,1,0.8000337631299382,train
0.015831989873145144,-0.7107309366208518,-2.254498188337015,0.8756472641119161,1.9124865693040887,1,0.4187279413145481,train
1.40246610120106,-0.4532608707020841,-2.810002478486729,1.0918858145565153,6.26395509338011,1,0.7317666842602522,train
2.175249637901829,-0.9221701921749799,-2.8628334602186163,-0.4312858360444849,10.276652056572882,0,0.7249003910420595,train
1.2350334076020197,-0.9034289927229366,-0.578474647259231,-1.4591369919500128,1.0465875657949244,0,0.4650470622445667,test
2.184549683595079,-1.7498099667870546,2.967650021205336,-0.7089651964844446,3.2699834183988874,0,0.3337884699513069,test
-0.7367196128778974,-1.5373962350074513,-1.134736973235736,-1.46406059062625,-1.8500958778733414,0,0.2356420807158063,train
0.7411694971545335,-0.1737440161916542,-1.383950195197025,0.09384571740702917,3.6130642823347103,0,0.47582433305425714,train
-0.4458974486241786,0.9419414085999738,-0.3194572664880231,-1.063250343500313,1.8827431758647504,1,0.38251485367197696,train
1.0637987220183658,0.5550652363056806,2.9566132453027114,-0.7074572859423945,9.363845956022798,1,0.7000199161911735,train
-0.07562758609068118,-0.49534374638018797,1.6106999085258522,-0.9971475847218237,8.739384603890096,0,0.5784551854115348,train
2.0050782937035927,-0.4002657711752337,-2.7313741333156187,-1.1353252136613345,11.533916933676604,1,0.797890975589672,train
0.08691777465448146,0.6226849491107003,2.8369373047398554,-0.3213693142884021,4.512910706426359,1,0.49086382612578244,train
-1.8056372644239715,1.2511984067524644,-1.1417795486337203,1.1781827716284892,-8.571159599768743,1,0.07393038957249841,test
-1.8296038782620774,-0.16929481442067054,-1.5382246820153906,1.130832651476306,-6.752305403393216,0,0.12956091324366825,train
-0.19897880523149145,0.6202892727197918,1.9977757708006978,-3.4082180629387215,4.790938290777424,1,0.5694934094949193,test
-0.028334477308315086,0.9424620350981826,2.3661538685378094,0.7823899147750518,2.617956622357485,0,0.5695888986099283,test
-0.5473039648296394,-1.2259606970949815,1.0556024521411809,-0.8749415443162434,6.379902967661953,1,0.5116723694796949,train
-0.308552403314052,0.5819915150506845,-2.1481892126131554,0.14082568489186628,4.625561715799697,1,0.414276447688545,train
0.3728664817359264,-0.32173603836361403,0.13173918448009037,-0.31230401951724435,5.29158128086509,0,0.5617051519406276,train
-0.16809453097719373,0.890481242660679,-0.97993533416955,0.6160032956517457,2.05487325011748,1,0.3786388248479811,train
-1.4761383346947579,0.7698889581386154,0.9663734967199322,0.05366583758989559,0.07970276598846437,1,0.30526357921129005,train
0.6051481942846829,0.3976219863000819,-0.9309890212133403,-1.1672495835630003,5.0444032600245805,1,0.5330470138429905,test
1.0300972767431276,1.1181330763517325,-2.2124923785166497,-1.1595445821574513,14.753624081680021,1,0.8074102660109818,test
0.3938951421763407,-0.9542395440295334,-1.3396441700432227,-1.3969267224344943,-2.4090593815477552,0,0.33106979763569483,train
-1.4664032923461254,2.502818770672119,-2.5592503865497873,0.2579699604514428,-3.179242535942012,0,0.1479039807965461,test
0.12801304551001474,-0.14913480104252083,2.5505512491476994,-0.28738917533832653,1.0823418340247821,1,0.48592671695261164,train
1.4211031192490544,0.8054429543852123,0.6244555603397015,0.9213375125770521,13.995401291742898,1,0.9026963098944044,train
1.0136296799443838,-0.4529532830552025,-0.29850990292072943,-0.002412766244939301,7.184641217122865,0,0.5637079278454556,train
-0.1937150305475352,1.665975361806017,1.8018474156314976,-0.1997554768844696,8.286799651784907,1,0.6526834498094013,train
-1.170328658890891,0.4125896336823484,-2.850271055788035,-0.6293593050234544,0.3984379178685007,1,0.3371365571952999,train
0.5761978369002296,0.32407203927712963,0.2713085103682893,0.7688201603126543,10.37473954218091,1,0.6945959022620399,train
-1.2142777106323503,1.4108564679497133,-0.24859409394608,-1.4180275045643975,-3.3012192070110116,0,0.19753245419601975,test
0.4477924395238563,0.07078605073617737,2.6821959095568912,-0.30621733647486515,6.203122921848427,0,0.545456153046049,train
-0.7541807067521464,-0.5753203863382257,-1.698713268032331,1.258770444430931,0.817250827049312,0,0.255703005076392,train
0.5389942972476159,0.7660207141763616,-1.9050479975064627,-0.819463752169285,7.415796365136168,0,0.6092977803921961,train
-0.7616328870252783,-0.1505291533274489,2.681636453693547,1.1362514630510154,-0.04921200030718964,1,0.310011597470593,test
-0.613020400133483,0.5677827859282499,1.7225858021568055,-0.043558369165592074,4.499664448854576,1,0.5019880349144444,train
-0.5773190697497578,-0.22099209260309693,-2.6984503809553315,1.2795440819281747,4.351761183427393,0,0.4351604558827909,test
-0.7516736590126638,0.8591081444495925,-0.4499173837539807,-1.9780983945930695,3.1759221416473107,0,0.28499943961756835,train
0.21038136188579074,-0.6106433436013937,-2.725523046172177,1.0469793382613553,9.145860909470173,0,0.5403798273751799,train
-0.8015919966621432,-0.09046895790434571,-1.1920201572728861,0.37052531807373845,-1.0833647280706034,0,0.2278668427187842,train
1.2009671007858362,0.137900004595473,-1.695510336116208,1.0073454159073643,8.011370611033895,0,0.6389732081148245,train
1.3667232798271425,0.6094779299714134,1.763718257940793,1.5750953046708815,15.56113608287409,1,0.8828159842324936,train
1.6491933334421613,0.7074716343766827,1.9651052549201227,-1.1535844230996104,17.948422589461696,1,0.9076617257287448,train
1.4144555893680906,-1.1629116279672431,2.1007944697894176,0.4286352937584848,5.073831659508958,1,0.5876629608270575,train
1.2206968964634035,0.6312712747410533,-2.3198830218921693,0.029219293870695454,12.812764156765208,1,0.7974548014963804,train
-0.20023392761846798,-1.1570467701376241,-1.539581863338104,-0.9352013059718187,0.5014292218755791,0,0.279693779665932,train
-0.8387148409186619,0.9079100177227792,2.005986195390939,-0.469223120104241,0.7044056830430803,0,0.40272565128857474,train
2.980489273655723,-1.2913520448364293,2.53623377943053,1.4100314173554451,7.579808138822145,0,0.5877344549102492,train
1.0040806266659026,2.0577607060251055,-0.8378253517464898,-0.7708103307892853,13.746496507923183,1,0.8430589921455618,train
0.3519196958456641,-1.7506282516659784,1.800263379057423,0.7771525315927191,3.9113932917825656,0,0.4846425046958875,train
0.8024534244429847,-0.46193693010270975,-0.07010480690633791,-1.5803002912555424,7.68402859281079,1,0.5724240878141635,test
-0.21713954596107474,-1.3102779204289752,-2.6748793041893153,1.8149944111863858,4.792868556985736,1,0.43681867274459346,test
1.0096417217704976,-0.3488347332266676,1.4845081663270747,1.199753194823798,10.943823082948752,1,0.750333035537399,test
0.49955846125198394,1.1913632812920845,-1.7044425246867327,-0.5460099884209905,11.577916485783767,1,0.6231724530750894,train
-1.5792594454271252,-0.49509877209029135,-0.08523553629989244,-0.20825350506976587,-0.7917168499267564,0,0.24085898879320689,train
-1.238135405239243,-1.5032076829042897,-0.665378305528944,0.07004445820890746,-1.7439330541396738,0,0.2429976599111717,train
1.239149888642986,1.3893477067084705,1.5234111074427563,1.9980362681160375,18.45667214548812,1,0.9306207330817813,test
-0.5857082751281814,0.946730455853563,0.5023172147533046,-0.006073732210675539,3.822386292306058,0,0.4888985278570859,test
0.187324980250012,0.22946474706460857,2.872070884801941,-1.191970572363165,1.507311466016338,1,0.47488236799456923,test
-1.5461435351906851,0.021336802005578148,1.9511160138225705,0.028441637414639002,1.0991989676148217,0,0.29120244351473434,test
-0.15532319747643514,1.9555211642140715,2.263047359933342,0.20320126766975896,3.5092944245949194,1,0.6102285637894769,train
-0.5931322984409569,-2.0554638168632593,-1.7287402831588734,-0.10053421103070198,-2.163202433869382,0,0.2581791693809673,test
0.22357249774430124,1.3326459991862307,1.6840093037272688,0.08646617590587985,11.996235793805017,1,0.7617051858095047,train
-1.7557910492626179,0.03301605471507445,1.9987793018688462,-0.10758449282594369,-0.6250589251852169,0,0.2513769311263592,train
-0.6852800468477993,0.04932473115831325,-1.3529453793332833,-0.12570947449598566,-0.38677425079306277,0,0.2461334693600708,train
0.3754596892760512,-1.5001555661811874,1.5079508280422624,0.11973362021317159,7.249898534197577,1,0.5432613595663671,train
-0.7720903773024874,-1.034461401661945,1.1521755982226498,-0.8413573155547297,5.09811579568303,1,0.4966729938735522,train
1.1914635657785484,-1.9486566208686782,-0.1435960611285001,-1.2256426669293987,0.8545157168170064,0,0.34011198247214486,train
0.6719107427709825,0.8954113043911598,-1.6504993535775931,0.07132052544720649,6.286597500033588,1,0.6295141634918192,train
-0.6976104812203595,1.2605886002659166,2.2458271798243636,-0.29120796722885195,4.985040804024999,1,0.4023351014368467,train
-1.7241929100719986,-0.23354953919585178,2.9672873637426482,0.19884846619917215,-2.723818577508653,1,0.16039506002911702,train
-2.3863543769669877,1.433704364210593,2.82393302243576,1.5711267241056366,-11.861503701676792,0,0.04321461926688473,train
-0.2960097334318578,-0.6936719757782389,-0.29698462651397417,-0.33052202151715004,1.8946885606103543,1,0.3585853679020826,train
0.4511658059741669,-1.1852524257684174,1.738363497698197,1.4416888945636104,5.839559441305045,1,0.5613466811344998,test
-0.10923130098009022,0.19925712153054098,-1.2527549632767991,-0.9593161472169291,2.8402156977975235,1,0.3481289606624735,train
-0.9054640152676448,-1.3117623828462646,2.678069008388814,-0.9918175888185643,0.21901843117749809,1,0.30341889448916737,test
-1.1989291876204236,-0.9445793088250574,-0.18119513215066574,-0.20161609594303362,1.4211966178827329,0,0.28572591720890284,train
0.9624985540559031,-0.6352391294594872,0.1147414577984831,0.0021730686948242613,7.319995367497105,0,0.6018205366799695,train
-2.093652370271445,0.6279839853065404,2.438565455733394,0.8295780132478477,-5.728876562641778,0,0.11957048425545871,train
0.9679938308002797,-0.6680920277778494,1.1294075551491254,-1.3635187337203902,6.715960239407043,1,0.7093854207879184,train
1.0318732367721977,0.1305476641595524,-0.34074506618087774,0.1133924135187982,9.614785839567311,1,0.6561406506342917,train
-0.09434429429396725,0.5090251899483286,0.08499623563896375,-0.8760865237114647,5.326423815686271,0,0.5296139804722786,train
1.7910165806722922,0.8177432878612361,2.1008465458355534,1.4302786734219222,18.288257316717374,1,0.9209354110113006,train
-0.5559577249626767,0.20441700219967254,0.00763520129565487,0.5598797725079607,4.780297232064356,0,0.396823863195454,train
-0.8709529761356858,-0.5653323562040501,-2.106529948818422,-0.5500477716590761,0.8334785960876011,1,0.2907175031958354,train
-0.05691052797149664,-0.40849640034987034,-1.8900964368644124,1.4008108562460548,2.926944263912813,0,0.3700879407339836,train
-1.8131519133813414,0.10750978694183357,0.5385324936166604,1.1649661992144211,-2.158424781021937,0,0.25103170561808874,train
0.1553595834524563,0.682369708391064,-0.4110371150087224,0.5842517145793754,7.541448226590012,0,0.5153182976110359,test
1.2005140695913283,-0.517378145898318,2.6164854265667445,-1.6595842148709468,6.918586294917864,0,0.5967662607783948,test
-1.1691568183797845,1.7062857149117099,2.171512382425151,-0.059978507460409135,2.307065179610568,0,0.2653654360654684,train
0.8531338909956563,1.6216592920028923,1.5998466740968773,-0.22748669277811834,15.545124895092286,0,0.9004888833066886,train
-1.0559187766315685,-0.23929486559146879,0.8519750897223783,2.494019496384525,2.9539721487363586,1,0.4311783156960944,test
0.15670494999660795,0.7941185224310681,-0.3363347770225795,-0.03360101926259929,6.321113384243175,0,0.5381989274626313,train
-0.6306124417965373,0.1483946758576849,-1.9548725586416769,0.953519575955172,1.1940425264724617,0,0.30477302053786093,train
0.40012252866282094,0.3759463320833722,0.35513594939727255,0.46320743121478763,9.19594331635986,1,0.677720608226621,train
-2.4527478972408203,1.3840054341110806,1.0604088199123174,-0.5448931398127735,-3.448296737433149,0,0.09298653491710318,train
0.829423139568539,1.7404452507015467,-1.276706445987547,1.894268369260415,8.678373226159295,1,0.7578986488651347,test
1.5205621348651197,-0.48281353063045834,-2.366724742925385,2.003276383167673,9.209397244532823,1,0.6731439778226826,train
-0.2831055474846009,0.08039515681667721,-2.4104602371524075,1.1666977592186103,5.844911279293918,1,0.4462713782247827,train
-0.04369108512112578,-0.3922529524535362,-1.7794654573801327,-0.16585334089460782,0.28588862860455744,1,0.35878269485201253,train
2.4787758470371437,1.031445783668108,0.8143233372215515,0.3551012239447299,23.75415826236684,1,0.9773772273112948,train
-0.20194065328197208,1.2313171440303126,1.3938696251764826,-1.568322671814906,8.972671719285726,1,0.6626768559269681,test
0.7415643061794213,0.36676786274789364,2.2758979607269882,-0.3114798023043956,10.737842610921195,1,0.7112219223461063,train
1.1305041860435872,0.5385911754460919,-1.0469591441436878,0.6890175326090285,10.957808741724179,0,0.6695947267785544,test
0.9404148805668763,-1.060201612040302,-0.7610699318289695,-2.485682965228268,4.066721659343061,1,0.3867591470053404,train
-0.7640027061911517,-0.997294829512082,-2.2067175317987995,-2.133663786612985,1.2235462309182692,1,0.3193195044975794,train
0.3357289265316326,0.8423788346598632,-2.0347067984164355,-0.37741660417291883,7.620228107626738,1,0.5839492101104868,test
-0.3942535069334693,-0.37671859595108814,1.363504053777623,1.0937688936831769,6.96576139993423,1,0.5526866018536414,train
0.05655541974866748,1.1719687987272709,1.5191256866769267,1.3613300419287524,8.913406732148209,0,0.7219532081748607,train
-1.0227387876653689,-0.36161776251915084,2.9753552152283014,-1.0904875957254805,0.9004068181812261,0,0.23876313651273987,train
-0.8764328206824262,0.29285544163204275,2.246263951716977,-1.10779911226115,0.040135948637241015,0,0.3596117896069786,test
0.3080552706872167,0.8610510422558695,1.9057435550502682,-1.0229707186229384,9.722122025993924,1,0.723066342748538,train
0.9610964487031364,0.749265984679331,1.1209939392635366,0.7666828608054426,14.26313441255202,0,0.8630413940360684,train
-1.6530469576632265,-0.10400602235923188,0.2029939504223135,-1.5312569779846845,-0.034544963957890085,0,0.2475953892047194,test
0.5683377283178395,0.7589550334800981,2.9689323510828425,-0.9054846433795822,4.750801726259265,0,0.6102915976708695,train
1.8565105614252526,-0.5538882657158571,2.077818081772185,1.9886487996137654,10.685728331706592,1,0.7575470816664289,train
0.5872933649736874,-0.7661057610610328,1.6758971345758713,-0.9836113631061054,12.838771357368255,1,0.6316435611433724,train
-0.6661995220011323,1.64774617270747,-2.1827882022669436,0.05422352831973022,2.1094626710799362,1,0.3432423029242625,train
-1.202384705362744,1.3950552228964095,-0.9258568758964927,0.6753536359077538,-5.669425667948822,1,0.14856817226198157,train
2.122709463225512,1.5095385631393738,0.1667090898044492,-0.1645501111541881,21.625500177691894,1,0.9705307272678934,train
0.8555269807482352,-0.48002205922447516,1.8579215623632512,2.3498749935442165,7.638795891685638,1,0.680777411985497,train
2.267458204088274,-1.9026399451666485,0.5216876563564652,0.22002573241592588,5.459502905156525,0,0.4731473501731773,test
-2.0841820702600193,-0.0321149369574871,1.4358541732633032,0.675725706068439,0.6409777404485906,0,0.25724903545787536,train
-0.5057786532424495,-0.2563794035485332,-1.6125730957818276,2.595490579303718,1.651612792342335,0,0.28190429625982477,train
0.2560330019620138,0.11540118616852339,1.268668531278859,-0.03862997895405062,8.301968227901744,0,0.6965271575486127,train
-1.591700245307622,-0.10472890532527614,-1.198591864436507,0.638344000829285,-10.068743820170875,0,0.14082789078181193,train
-0.038670026191280814,1.5806787491236545,-2.3929838293680152,-0.16415672866156444,8.119770603230743,1,0.5962455558934633,train
-0.7562385562816698,0.6189109356273614,-2.441830068891602,2.3887081397846175,1.2194618606704521,0,0.359002188109233,train
-0.6032853997110722,0.29087247602539484,-0.6516502826684638,0.6700317244615953,-0.683700054593942,0,0.28861233880743453,train
1.1251525228294157,1.0949036079747654,1.1989013758285854,0.3468810695451996,16.921216277093528,0,0.906895494824473,train
0.008780451568169582,-0.7118976066268505,2.512238580776259,1.453520172676777,4.0956049224402316,1,0.4300323456581211,test
0.2764253117446171,1.6479798379298618,-1.5060245171536086,-1.838440110905779,7.2947803088948575,0,0.5823994338884345,train
-1.1223027899474325,-0.469004060293975,-2.424013583387115,0.12258054458299131,-2.561582400455684,0,0.3077136685557419,train
-0.2583423212033814,0.09088081988683282,1.0339052002980669,0.7201230481524988,4.006059242846044,1,0.595169898839711,test
0.7803629744586525,0.2847664776063405,-0.3832922909601182,-0.10928495010146934,7.942568831035493,1,0.6222978027331774,train
0.2269011190345131,0.5471821966640253,2.7161200586784844,-0.5977622241946985,3.7447901523654417,1,0.5402153060755545,train
-1.60246883541522,-1.355407475837163,0.9887515768934545,0.9992689385735384,5.296579211634171,1,0.43953393937790586,train
-0.4334470857692856,-0.4044705359764165,-0.5053446091913836,-0.1002807308953108,-0.23767521308678696,1,0.3199418803304176,train
-0.4832703668492175,-0.48818803414168904,-1.314645009400968,0.5709488912622027,-0.34695864918208885,0,0.26545554365780505,train
-0.38168494489716687,1.1451791149519965,0.22181411007285057,-1.972949977059454,4.553088104802806,0,0.5075049927471366,train
0.7423631374106311,-1.7539278821547615,-1.7202961478197183,-1.8183763290126287,-0.13374214773303195,0,0.28663109830394695,test
0.5248583009644778,2.363166810407206,0.4384361150055973,1.5786016938719314,14.144137591891628,1,0.8710639987424044,train
0.01879060743787501,1.6636998100928753,1.0734694740558268,0.10866857413401439,10.622618036540345,1,0.7491415622908907,train
0.5329676694991544,-1.5224318527690313,1.3784911779501527,0.31088324088814484,6.015736189144257,0,0.5555102234588485,train
-1.0203198826731992,-0.22375383339706845,-2.714048233196441,0.29680697782317117,2.1292296088285663,1,0.36377732180467304,test
-0.9811704641981556,-1.2019376226078973,0.016079154351941405,0.676575956159683,2.3647814876733766,0,0.3423700311329103,train
0.10852163301022348,0.08501038651596238,0.31039805000737264,0.3011857883087702,8.77661408473667,1,0.5846599710467351,test
-0.7102924559180178,2.334609733299829,0.405455124003991,-0.05845844308770159,0.4691978849385823,1,0.4431009171317104,test
-0.5322936243510477,1.4573346334670298,-2.327968905952172,0.6515206267520043,3.766491518137003,1,0.40982882024537204,train
-0.5475582011235034,-1.4424070835357237,-2.499999895212832,-0.08695434984609694,3.384889218134835,1,0.38118983354831976,test
1.4626036413788026,-1.0279635845250654,-2.8936829747274304,0.8421963868292456,9.381303528302164,1,0.6444471137396686,train
-0.15888413408785645,1.4644426235515653,0.6481986803243363,-1.3572812791327693,7.951295053683986,1,0.6573873242194627,train
-0.4731747507229973,1.4187485168096392,-1.0605314136697659,0.4950205453789174,1.7815940893526445,0,0.3101916239240929,test
-0.32520925491252733,0.093346750579124,-2.0372525122841667,0.48421910794801476,1.6432986842872364,0,0.37232948757559614,train
-0.5170283483701036,-1.2537483238814076,-1.2321311422189718,0.44916545532457836,0.5231440361415403,0,0.24726525531033622,train
0.028115239379951126,0.1658927097695892,0.591390391065977,-0.1672766680777885,6.8121416854073775,1,0.6175388787413456,train
-0.5211161502853542,-0.8039661720014799,-2.9121272807408998,1.5537828599023658,5.556227138228151,1,0.4672463986512277,train
-0.19925035490999174,1.1713761304591834,2.6134678609187176,-0.7550259040879455,4.83154770020494,1,0.48609566771377316,train
0.6727421047742643,-1.818498185032677,2.543229466975964,-0.3088298201792351,0.7133079371207987,0,0.3571604393344597,test
-0.7809732005995365,-0.9363844481178536,-0.4988601128085248,0.19267279260326622,3.0775532611330005,0,0.27659070854087453,test
1.0435499740423282,-1.4460597847874312,-2.233333959833928,0.2206350702468504,4.6435298113779275,1,0.4154733660417674,train
0.42266130014338005,-0.6354064487421949,2.3806675081535467,-0.2448363210964274,6.527786049555425,0,0.5158754780166244,train
0.17877855670069376,1.2922935895560856,-0.7531214978150542,0.48610097689483633,5.767548116891128,1,0.5298479615149573,test
-0.9469154238361465,0.028589463530898508,-0.6284723732333379,0.7952540479890877,-2.3206715230515247,0,0.23520954683352777,train
0.5096091019822717,0.6754085504130638,2.4395986056500396,-0.8648565163204535,10.497857662432152,1,0.6711953778235905,test
0.8246155382203888,-0.6825318423060572,1.6495886796713002,0.2628685287386482,10.10070403940909,1,0.6719951965875621,train
2.9464336515371974,0.3467575496161465,-2.0878681719521524,-1.2821695818011607,20.472166189788013,1,0.9289566430022825,train
0.424943486857654,0.3866989074432092,2.146677494728502,-0.12243652214994424,7.985507043526251,0,0.6707375154090057,train
-0.4761540603100077,-0.16930514752336204,1.605839789526816,0.7753892337841107,6.703135343112452,0,0.5291223571226225,train
-1.4007853596411852,0.7083501549710413,1.3119214678144857,-0.7426867508198407,1.6133349072265104,0,0.33157508013447934,train
0.36787060734928256,-1.3277135299498362,0.7491387980938642,-0.8456204272154677,5.471089917014782,1,0.5473480401784095,train
-0.03734544537494481,2.3170544783762814,0.7175474317988342,-2.142239421214089,9.746631115239353,1,0.7482459208497557,train
-1.736961961040239,0.28307019279835094,-0.38342152162586096,0.5620852197148688,-4.661454586578972,0,0.14686137035024738,train
1.0070213924243983,-0.3311021124658264,-1.208808584596918,0.5921946016786025,7.110252374376701,1,0.49251059242018885,test
0.9837967246407459,-2.8866543677494336,-0.40339019542739374,1.4855190712562338,-1.6879094970391533,0,0.1836965407024329,test
-0.9358212767071189,1.9987416286799689,1.8543791176196054,0.5800731128460939,1.5884849299634303,0,0.37962380852666344,test
0.1768319960044865,0.3716694113530058,1.040399640917399,-1.45909373048916,7.926640806849854,1,0.6997556744448941,train
0.30748660951582624,1.7822867351624108,-0.7773119690386459,-1.0062795104231057,6.718850147255095,1,0.6176163044341447,train
1.8106583630048754,0.0977110900729131,2.433512948390458,1.2736997296788979,13.231175604060637,1,0.8182462720125394,test
0.5421033636580083,0.4964566577716601,-2.7378082066068044,1.910893382468054,10.647338088083751,1,0.7137107361696432,train
-0.28366931543378693,2.0250196081840794,1.140368619882068,-2.1966378119184116,11.101645058794915,1,0.6751705527364285,train
-1.1385780775993455,1.1006625836900208,1.9155141694976487,-1.1575131941043126,1.8237760978849549,0,0.3299032099535576,train
-0.22677588532026907,0.5644461165134848,0.1814375951117344,1.4314777764310018,5.082754862256506,1,0.5180378272029021,train
1.2659506156799685,-0.33308406528047024,1.3428832692875776,-1.8408315665013044,11.959077845044884,1,0.7871265238112278,train
0.1289375477456093,-0.7054017935124958,-1.7654140218517218,1.9223176893937082,1.4639073664057407,1,0.3573347785994312,test
0.7900470629321078,-1.9815233353211958,-0.9542574834071287,0.44853751222926097,-0.6213067262306202,0,0.24253949952054732,train
0.32834393182197025,-0.5097046304945577,1.5368298352128962,0.8805545712188175,9.055574854420033,1,0.6399155047503128,test
1.8102696493167265,-0.8562993367275902,2.1788298306588434,-0.16347864766203427,9.340218849504609,1,0.6763204843731695,train
0.706881568202474,-1.4386740152203243,-2.244063446369416,1.2783008603962798,3.058273822549403,0,0.40073197950241285,train
0.013344596818156316,-0.13309279524391798,1.8440482416183261,-0.2348787629490856,6.244105295721451,0,0.5905903858943871,test
-0.19828045820051807,0.3834340661362683,-0.6664847355030243,-0.8304437677610543,2.9199394828918277,0,0.3716726894260901,train
-0.4612195277085624,1.395472551671192,2.9931628924447002,-1.5485961987113694,1.302689125572397,1,0.35232122755088974,test
0.026746108500384138,0.8532723552688737,1.631413842965749,0.4733335109033625,7.382097900224356,0,0.6857506286715916,test
0.7021786734625376,-2.533276255155061,-2.8321424521928775,-0.5071526069907376,0.3076978608223493,0,0.3557730649790757,train
-1.0729413654816882,-0.15354706774568988,-2.8563126652518633,-0.3087491850285226,1.788532507523501,0,0.37564749267050473,train
-1.038024718313364,0.8058650192225595,-0.6272973449860109,0.6258341304662908,-1.182471159029954,0,0.2076656456487653,train
-0.30731597364371854,-1.2521921113139034,-1.7766276242692316,-1.013199076101954,2.8952123792628335,0,0.28943021169106686,train
1.3130764667054624,-1.0678682765174363,1.1893841846961744,-0.6470785029210397,9.737855818551704,0,0.6795882452600456,train
1.5771170432172221,0.4287312463006692,2.670169698601085,0.28939055246202067,11.247468424039793,1,0.8079715717937479,train
-0.42476210841189543,-0.8941582172610478,-1.639913245501604,0.7449348757317121,-1.3118003511441165,0,0.27884440294575885,test
0.5659221632059687,-0.5410721850470879,-2.9926378597803867,-0.406892464714873,7.656629894312365,1,0.6370773266999656,train
0.6134210228065086,0.2050169426598109,1.820666497828424,0.19352819297439597,9.507611489222624,0,0.7311672985336775,train
-0.15268890313559935,-0.6984048865650012,2.0559679904748,1.6979053983150076,3.4742517754884297,1,0.49476281937594924,train
-0.3213812831791231,1.2415784577169984,2.9151843531218358,-0.04471651697005613,3.2377293435247556,0,0.4007037907808407,train
-0.7889681327282402,-0.9284299264439014,-2.792115054639117,0.24761752002713677,1.7777909085691561,0,0.4175963825588568,train
-2.1614568526334756,-2.0432021215710576,-2.626690126676361,-0.3841191643471852,2.773314222039059,1,0.3989811343510916,train
-0.06904374673416688,-1.0330195778953957,0.12952333794919468,1.4464642480835959,3.5146643324676736,0,0.44147310249842214,train
-0.6366268881718573,0.8626072941482537,-2.961041816706129,1.1141354145754068,4.2410888959091535,1,0.4795048837501681,train
0.378540144924998,-1.5968963966885248,0.3976954296569142,-1.0628618087850479,3.748422828953413,1,0.46937641703938954,train
-0.09337133892891988,-0.2223917146779583,0.5575049476695293,2.1211720111781753,4.8647954764630645,1,0.5637885739675202,test
-0.19274462764361255,1.4524278353851852,-2.8681894318243026,-1.865555781231363,8.722537826259977,1,0.6199960913827788,test
0.6590784097121918,-1.1748290521950457,2.915313329578023,0.7395441556707364,1.894729979225926,1,0.37950412215442864,test
0.004350780974225197,0.782411529238693,0.9805047610643829,-0.6744831421277518,10.379247848365734,0,0.6890087036451482,train
-0.43351329423470025,0.40720170582696813,0.9813499353878465,0.557369481080909,4.188078810713033,1,0.5672029002922704,train
-0.8051965847152605,-0.49613998713092705,2.151459986480834,-0.27066915871514996,4.172841000484468,1,0.3950592178995207,train
-0.38365626882496967,0.0272761205139348,-1.916611466029538,0.5099095696128713,1.3956563015984547,0,0.3413129572605934,test
0.7173534265384016,-0.17325061340490025,1.17132111100487,0.5195236516444371,9.224330218621951,1,0.7405659177646956,train
2.4340603150581352,0.6290000247500879,0.5559434196790183,-0.5096642512615932,18.88519148267896,1,0.9562871232676182,train
-1.1677279129700824,-0.506406547749021,0.7934593488905866,-0.7938427844340858,3.5256491807581085,1,0.41773456386662,test
-0.622096341686327,1.848106615340675,0.12351705556006554,-0.7305292262799968,3.1816744495789004,1,0.424324748356784,train
-0.8478613638676824,-0.19685152253074586,-0.6350729346178712,1.3302888941133628,-2.875733139427363,1,0.2506836510473326,train
0.86225542066975,0.8035908808593464,0.9715079080884803,-1.3935644873503947,14.590018581785426,1,0.8512623611866339,train
-0.6403316285756365,-0.4294167341084783,1.6859998092972175,1.2647682523171127,7.045196397963919,0,0.48857360978006226,train
0.4589602026642439,2.003641342261844,1.4928451524753452,-0.8260245733232451,11.949457587268832,1,0.8650798531721215,train
-0.6817927687073327,-1.0708833841454346,-1.7358932777395637,-0.314005607110072,-0.1140570503239064,1,0.2643089381317171,train
0.3939013454777596,-0.9245067056124862,-0.8874289734132788,0.47803895904456584,2.5466403100059556,0,0.34343363731448523,train
-0.2416725780812469,1.202504316676515,-0.5492466520814769,0.8047192479430987,4.597412470973506,1,0.41605550631529287,train
-0.5888835540071775,0.5831912511674984,1.7542324414982637,-0.13584684450101342,6.960826972782399,0,0.504464999149664,train
-0.40004327312292737,1.0007630639802967,0.7646018328645718,-0.35294693648620196,6.23434521824263,1,0.5778174288798881,train
-1.404966608072239,0.48475825334812467,-0.5055858903582986,-0.09989768558596543,-4.050319703992292,0,0.16911959954337116,train
1.822204277577979,0.5862079432064401,1.6027316096759066,0.26474385161026237,16.77469014331419,1,0.9264921818597928,train
-0.028450329675527117,-0.7060281221652829,-1.0868107594133158,-0.13787444165379367,1.1750816123652046,0,0.30837449443950693,train
-0.6798860078723175,0.9412384838406818,0.4062525452812187,1.2857374532166235,3.663615085121307,1,0.44653977017517615,train
0.34055699334238904,0.9830467795384887,2.2848168715367656,0.32824852302525864,10.011719051321597,0,0.6869261640279778,train
0.7413076221906323,-0.5424167899230212,-2.4713832227900516,-0.3611805962747943,6.391189394305874,0,0.5752259913332212,test
0.8280143481882054,-0.5016552899135565,1.0454020524887486,-0.48573721105765594,9.779032078730568,1,0.7134638296548843,train
-0.8118155717240684,2.193049267630729,2.1982538781110685,0.8935416959700201,3.608390485889365,1,0.3706594714840622,train
-0.06425773641794993,-0.8505300150446353,1.0098505192061848,0.4580783438095726,9.071174841512422,1,0.5712065481417479,train
1.5623427240380487,0.09526781656867865,1.9963862592113433,-0.9428480823983393,15.42206247287551,1,0.8343448453222544,train
-0.6960519619627559,0.10773614547753414,0.6726655624863311,1.48747899803199,4.303548073362333,1,0.47605140043768707,train
0.48835499414145,0.21232116171206133,1.3523128597259477,0.49418445458614485,11.73752550210503,0,0.7431744185720452,train
-0.42873536737687457,0.24409594924967926,-2.300331473716431,-0.6449996592567815,3.168466150828877,1,0.40176386295657074,train
0.4685026495529878,-0.7481071560896652,0.5942028501336329,-1.0204409676465052,7.173133936736966,0,0.6029702258628499,train
0.6214986598134707,-0.02258962007069199,-2.5540752605992165,-0.14768499103020008,8.119471740398733,1,0.6404883438632463,test
-0.016846773249334274,0.43876009490788936,2.0087588530666283,-0.8119570516260521,4.6376073650619505,1,0.60054750860327,train
-1.4117315902188607,-2.007560815380093,-1.102757893921885,0.5049098445773941,0.143145903279144,0,0.23607415428885503,train
-0.1976233028642228,2.2481643628240824,1.4388437132028074,-1.2233326962987559,10.424264396519504,1,0.7093366464478816,train
0.36137771247477096,0.5265950888169834,-1.38087189483324,2.073148039487244,2.435992939017273,0,0.48400099603900204,train
-1.8635088400538398,-0.030334638673031353,-0.31025836096943493,0.8788529413733952,-3.9810500997057137,0,0.15637970266972762,train
-1.13174571187191,0.09739443546278075,-2.5680353317475872,1.311713471119364,3.652838936481539,1,0.31176694878485034,train
-0.3865662692383824,-0.47777579418846716,1.7785757625409655,0.20735394167270782,6.167923266647699,0,0.5148250748407123,train
0.376531509091199,-1.6718133327364402,0.43498937271982374,-0.7710812543772756,2.890311173364201,0,0.4671382042732108,train
1.4970956618741045,-0.6931881059022968,2.260488055700744,-0.4059723241776593,11.79629775159422,0,0.6636739575613233,train
-0.3080560269263659,1.5161711396341628,1.738502311871481,-1.6746197058896353,5.254037546598191,0,0.6159880070578081,train
0.6207495596819149,0.5964284191416589,-0.2746013740266262,0.043001973414174076,7.583854036564168,1,0.6455587490874224,train
0.8281456297960232,1.1186006897931757,-0.2574406666705946,1.0739495036158608,7.077526346241983,1,0.7589956778788657,train
1.094245980404423,0.56862806684954,-0.9283471997011148,-0.6112827684000638,11.254765839680982,1,0.672086386884799,train
-0.379269482281651,-0.21611113066076873,-1.4863898975401928,0.216376871466857,0.5870789561201821,0,0.2923594026760317,train
-0.3839787356236475,0.0038574428410579763,0.8224668747907158,0.13713084533122064,5.928360849135888,1,0.5528452376095696,train
-0.48151666418002587,0.37801715224803084,-1.6220646248737016,-0.8791932603788534,2.195443212641714,1,0.2998895771155202,train
-1.849513174508809,0.728013945186673,2.021310721267339,1.093758068168535,-4.732658100790536,0,0.18524440729256877,train
-1.5973376108642392,0.19225001546996381,2.9034342234165083,1.6655080055345788,-4.587405925832056,0,0.158317357165009,train
0.9324433671432415,0.6231324378130833,0.10915590859404656,-0.07332862878130075,12.225402006461962,1,0.7728315611388537,train
-0.6120262325437708,-0.15879312030141374,-0.6554127505287979,-0.8777413572954071,-0.6975250226247054,1,0.2816536868004419,test
-0.6132587918792392,-1.4889166947277257,-1.8820478121712214,0.738798019511833,1.9500698864165469,0,0.2804063199157729,train
0.40623125421832235,-1.7362852765430021,-1.7844595262104648,0.17359000041227163,1.6353162673609358,0,0.28815659593724313,train
-0.07561681669286942,1.4504421105995444,-2.9896342215506433,1.3961546105230673,7.516210628144583,1,0.6728106281481357,train
0.5708158137110236,2.375751801790284,-0.33496991764081274,0.91199468279735,12.705332851781389,1,0.8067750424080671,train
-0.26959619154078335,0.8303043545385741,0.9130944959221772,-0.2531187857402468,7.132116705168337,0,0.619609814693556,train
-0.2553353713388679,-0.23265425444814108,0.009896267578514362,0.5652877163531486,5.9961078199129245,0,0.43989396524112706,train
-0.8164865645531396,-0.4784901932345371,0.6289693038973923,-1.0898501183519582,3.058684103324421,1,0.4495573849320886,train
2.026599058667248,-0.45805805187501664,0.3808573251614611,0.9063633231998864,12.519058458127947,1,0.7972475925609125,train
0.3469151265998687,0.09116163474041392,2.8278555632406475,-0.9939515581442636,3.2592236072000764,0,0.5020621400363081,train
1.3934892677455222,-0.24430791853821393,-0.05704471840061487,-0.6493861025312118,11.519921282300956,0,0.6988986926643492,train
-0.021508441801605296,1.6227210423721767,1.969966622986365,-0.8059927387581063,11.3226305379282,1,0.6829447285097692,train
0.7432848545175857,0.2920488219668506,-1.4315531152461942,0.11797413173081098,6.953281607710782,0,0.546693215281108,train
-0.951203484086589,0.8736976895143815,-2.2324992650281725,-0.4295578901807523,1.3580411410605806,0,0.2769962422647904,train
2.3395711321582686,1.7614305444487743,-2.8451624350156495,-1.6761273052038832,25.14280235035856,1,0.9864004440663435,train
0.9993205562410118,-0.2992049042792256,1.6134533108916003,-0.3093821407590538,13.090064498374083,0,0.7475372535335302,train
-1.5331075877114306,1.814965015974886,-0.4697094202110734,-0.8161738371067636,-8.291544556337545,0,0.10870718800656687,train
0.07419108097953285,1.5985942217318918,-0.1217269153136824,0.6031169582350733,7.037191564931852,1,0.6176612575698597,train
-2.0478291688374366,0.2716949473241918,-0.33891294039429676,-0.36542549566592913,-4.21948916465909,0,0.11898974903827916,test
-0.11833293061102125,1.9651958264530858,2.81835597975608,1.0998340922989938,3.9283969026574166,1,0.5243212646576272,train
0.9455511307386079,1.217193151231033,-0.6122313002980899,0.5707322801446687,10.182112436036554,1,0.7556936325668457,train
-0.19459548874405355,-1.8970710210773183,-2.2787414667025647,-0.2325775644640972,1.6604887003443314,1,0.3373376060590303,train
-0.17064595612576103,-1.3212365100719996,0.9848343024422714,0.25601830267488096,2.04187050594967,0,0.5315637144702193,train
-1.0474610322316638,1.1574240950586163,1.3934257093019324,0.5670297183894174,-0.3156077360955556,0,0.4038893776129652,train
0.6510327334785682,-0.35456212571790696,1.5425804882311338,1.6378226200514272,10.414831726806536,0,0.7000320210338629,train
0.5499108808058988,0.2054812528657169,-0.6389566734454224,0.710504559561411,5.816638393480652,0,0.5246122745371186,train
0.2598936692524033,1.682483133240486,1.1778919540324404,-0.9230052395672426,14.332228255936325,1,0.8110811406994998,train
-0.900383475954635,-1.1568824097361827,0.891235641649474,-0.8565119454061605,4.258884436598319,1,0.47439270997892224,train
1.206221522560927,-1.030400655643762,-0.24152971552402303,0.20329904743908575,5.479799053938952,0,0.49262639384264595,test
-0.9767329529267459,-2.7057599118554223,-1.1787416944960478,0.09256314536451096,-1.9123802891341541,0,0.24628330760272915,train
0.4773403168554205,-0.02259766320954193,-0.48130017014295845,1.7203843317999918,5.141248992429229,0,0.5039185560036115,train
-1.6880035792129762,0.35287225642497994,-2.6435539698174444,-0.6830786318677254,-1.2020665910236514,1,0.21615334216932455,test
-0.6708574870141046,-0.678858755680489,1.503276222199002,0.4180091569502027,4.5140545207432226,0,0.4987294718077201,test
0.2486312148730613,1.8201739615006431,2.946875083130429,0.46319544097121873,9.75144660402152,0,0.6297696682545489,train
1.5159430362211004,-0.4059472701834024,-0.27556193358860614,-1.2154537843152664,9.24723211605486,1,0.6501493861533586,train
-0.9796020666458869,0.4759629964839594,0.9718740937169241,0.1903218684214667,5.901483111811816,1,0.4367679252752133,train
0.7575296636105759,0.5641385879778251,-0.1354228650808711,1.2997665653101325,10.478060657270541,0,0.694801879502014,train
-0.33136403181800655,0.992054741031016,-2.0752175523585468,0.04972104180442442,0.9308701495996958,0,0.41251939354549627,train
-0.5073783870310252,0.4615938073758322,-1.5976236595336495,0.8902249322710862,1.073646504022662,0,0.29455744114728966,test
-0.2745544452412435,1.25505473476906,2.8536335960638723,-0.9733559404027845,3.2982895169216464,1,0.4251409061905862,train
0.4231683226114825,-0.4615411000203537,0.5717108147040446,-0.37407727677384023,4.522213782706649,0,0.6260041013198023,train
1.9342547505799874,-0.5199121896840477,-1.0826749845359798,0.1385067555737912,6.649954215803014,1,0.5954804898233412,test
0.47885959461026345,0.5759369691193551,-2.0404061635094983,0.686449312735803,8.330960117500691,1,0.5924366940168562,train
-1.709169969674718,-0.016366530370862137,-2.654111825909494,0.5490347895092718,-0.5949202418506689,1,0.23849578471618457,train
0.6015613327612027,-1.0372762308949557,1.554774622495577,0.4285946701073307,6.1334760631665795,1,0.6104027546160028,train
-0.6469226265726462,1.070373394119533,1.6931937587799801,-0.6854917999205755,4.613612969433159,0,0.5019302299393711,train
-0.6776554399095197,-1.3678206746927895,0.9099466419662754,0.07913075317683958,4.3583377729390875,0,0.4927091904384183,train
-1.0424692008406344,-0.06085724597801805,-1.9472270384703487,0.3073125520210059,-1.8337208673996206,0,0.23993647476578683,test
-0.06587374970749542,-0.6106377763335155,-1.0836539724852716,0.05118980753007664,-1.9947971338446804,0,0.30986903983154,train
0.5475377233308506,0.6508644428805883,-0.43888251961096536,-0.281116780752593,6.150719083544751,0,0.6083338940950159,train
0.07778516565818006,0.3180560018607879,2.393126161530196,-0.32969230913299524,3.663122264713874,1,0.5446701918414271,train
0.6462378993331452,-0.4637097164363417,-0.7328013029798592,2.2413357662873006,3.414949796433457,1,0.44270868730109825,train
0.4322322494513832,0.35303628563558964,2.9192463202338246,1.1463912245031112,4.264395471596044,0,0.5354329952088878,train
0.4582417362263288,-2.1725633507215405,-2.9408494101808214,-2.2931723068414662,3.724767640835817,0,0.42475101967307327,train
1.692526730448489,-0.30134538757628626,-1.652271153496991,-1.5627769121465134,5.734961766201495,0,0.6326122576582259,train
-2.1296521793603875,0.49737845799230324,-0.6665862913349798,-0.9054350582629251,-9.672438847467353,0,0.08354495872981157,train
-1.1097281031237438,0.5365805621613231,-1.3943288427195377,-3.093778967919506,-2.0982019706607997,0,0.1790019301069462,test
1.374172458930633,1.7271662877682672,1.0392994455257165,0.4220774236904811,18.020419565445714,1,0.9565824531048102,test
0.5145286272248413,0.8022745009193656,-1.96728565200297,2.43406474980096,8.203228945283609,0,0.6164364711321124,test
-0.9657003946137633,-0.7767546881743861,-2.7712731820497347,1.2026385705652178,2.3932000576065504,1,0.39314937756379065,test
0.5617177169802652,-0.2032861285085709,-2.324731740658923,0.34488962082472885,5.604395880815618,0,0.5653710013158316,train
-0.12660381546648702,0.36036850143677734,-1.1193321010475907,0.8753560675478056,1.6278513520738562,1,0.3543722899807377,train
0.7804718700389455,-0.5976495741751335,-0.18212471994139845,-0.28893397980138436,6.053242761487043,0,0.5280441100734505,test
-0.17003755392732536,-1.1122241865337745,1.0341221331523682,0.20655816478457747,4.75546211440847,1,0.5458338394535712,train
0.6938392748304316,3.476805847481006,0.5008899615322635,0.6080893032537542,20.113721148500204,1,0.9463857087802643,test
-0.27397542107486955,-0.40811548620996085,0.01646150669106916,1.2364686681648518,-0.18278660424654847,1,0.4298862935380687,train
1.337488284864629,-0.16969776686682245,-0.8770256039908606,0.23169494092969833,6.888356594003907,0,0.5921460884084269,train
-0.434711886506437,0.4627566993135184,-0.15632990322040552,0.24448470566804273,4.83356157861501,0,0.3997507364641096,train
1.5357148488917214,-0.01323787229050286,-1.9058280403896228,0.7531774849500923,10.828871146024062,1,0.6959620169883337,test
0.9489295855257776,-0.5963497155781033,1.2433104414609186,0.020060492238541887,9.110870036506588,1,0.7176414554878878,train
0.09596137576249972,-0.5336928988534638,1.1708933692726982,-0.17182687212827702,6.255244071206614,1,0.618506408564237,test
0.726945455215702,-0.24011837522134316,1.5242675911694752,1.251325380929796,9.600511535177239,1,0.724854132226581,train
-0.8308211101220218,1.042421504644537,0.9179257916872228,0.3759672421737257,1.3054643932255114,0,0.4646987260903095,train
0.11729883508634606,0.947180231445616,2.2465297000897575,1.3854244351775566,4.134671132753516,1,0.6319787628780087,test
0.6401374310442866,0.2256688891040574,0.5112384670194494,-1.193064266560047,8.604643747424237,1,0.728337091426862,test
-0.1462437302862347,0.4758252418905303,1.2759243546042391,-0.23006951588873292,9.087382846675562,1,0.6414243749992612,test
0.06513252769874557,-0.02926743739367557,-1.8045865461727448,-1.5741883538758623,0.23210178228342526,0,0.40553508532705995,train
-0.4757425020723143,-0.4585399440085672,2.7573269326061602,0.3235117807587788,2.5367632549795722,0,0.3364696808779626,train
-0.7560359771436909,-1.049398787579296,0.6535458094272495,0.6895848530592901,4.5628794723007156,0,0.46199311061558784,train
0.4026623840295548,-0.01240282656398255,0.27808503615452596,-0.21244013478313487,9.408639733402767,0,0.6261595766122636,train
0.18828564166108294,-0.06771502451442363,-2.705443831361431,0.6411085417541705,6.244149638800508,1,0.5831434142479417,train
-0.6563227581194747,-0.1885752161646331,-2.1474998041933477,-0.22772256726425083,1.2447883519374159,0,0.32565637357159716,train
-0.01034795258030665,0.1166345904154725,1.6323319957426943,0.7689269882169155,7.297145588204512,0,0.6281647913021924,train
-2.243880942205972,-0.10227683263737086,0.5247956005456551,-0.8561341775575894,-2.360342675403528,0,0.20838193685277523,train
0.2994580512186855,1.7875781593242728,-2.077778220775154,0.6796247460599071,7.578604244115202,1,0.6720786214028904,train
1.0082498325942346,-0.33711057149709134,-2.166375438766036,0.8341753490621945,5.679395986792713,0,0.5908816404492037,test
0.4829730379685764,0.775313500331921,-0.9713318558815316,2.5089985455808472,9.197356991125387,0,0.5473835266583544,train
-0.8164112812549434,0.35563230788003647,-2.708534163770298,0.2740355372729194,2.7971861225225103,1,0.39275119947970893,train
-0.8216492350695052,-1.318376202592619,-1.3327941472230367,0.9230335231988286,-1.99375515995454,1,0.2326668828115242,train
-0.27572453671072994,0.14167306520452833,-2.9284192864445493,0.09117682304938231,5.153347351171206,0,0.5424392688426516,train
0.7264416101279393,1.8990877654816136,2.275247054339925,-0.5449638979406439,15.012402861332538,0,0.8552603961267621,train
0.6082313177527082,-0.4634189255514861,0.40939859425513525,0.6081766851331066,5.729111200594755,1,0.6286061110188198,test
-0.015253009213478353,0.667271152700534,-0.797652780661803,-1.5236572533064732,2.82884746966653,0,0.41824091892353255,train
-1.47699559675321,-0.5881787813433882,1.5889952122005253,-0.8130816852746605,2.6059936797523564,0,0.38290234401489515,test
0.34133874845967527,-0.2541062418758166,1.4923643154565358,0.3045608625589328,8.243717110120551,0,0.6693806850159526,train
0.2137759964757754,0.5573009532412717,2.7785020615083473,-0.848206708433824,6.206474087981185,1,0.5270941494727149,train
1.10240458966688,-0.07136517586803652,0.6787319178486158,-1.0853999842313315,12.093535041405099,1,0.7800285327713716,train
-2.343769838326998,-0.6161511832801116,2.3876248816927568,0.3777708349836353,-3.3027504604973013,0,0.19204428190381254,train
-0.9855095940606009,0.9000649605952552,-2.415662449679356,1.7964663193073727,-0.9736882642520478,0,0.29700195677526997,train
0.43201721497468554,-1.5414390058016783,2.8104286976254196,2.1299985282718037,-0.00786567210068112,0,0.33886981804614474,train
0.8968967188333085,0.8312730999307121,1.705956563066568,-1.057787981458203,15.140680032310147,1,0.8467360236034476,train
0.39816106148511543,-1.626337330512772,0.537090411089693,0.4700187487202586,6.716139507283478,0,0.48868345723380024,train
-1.1662818881732373,-1.3230277936826764,-0.9927892480528526,-1.4208535327356415,2.1070752823510346,0,0.21933349233158683,test
-1.2463231875949776,-1.0471934285190885,2.245718331158759,-0.8501194298042454,1.055109945750813,0,0.3433205826054522,train
-0.8773642855428239,-0.4849797783471792,2.7797195355306314,-0.0927822831691048,2.0340249381934017,0,0.28164389796648837,train
0.7355808726338865,0.10863950708959533,-2.894676206635128,0.4477862815906341,11.809057361046317,1,0.7273104588520333,test
-1.4918229500363172,0.3927194174406711,-1.8222003809592913,0.20664100046873288,-2.2698487101044655,1,0.1543106507801543,train
0.23763369317722333,0.45044148407841283,0.2259637501104299,-0.5261489588381675,8.201031403970262,1,0.6291797186703985,test
-2.299789981864503,-0.044810447018526024,0.9785845409350129,0.5445934234391318,-0.9160803209304579,1,0.22798125212735862,train
1.7088286703283622,0.011507156888915102,0.4037277099512724,1.8994179992986264,13.383621491406906,1,0.8382869679693881,train
1.6457049511924413,0.7878060363144497,1.534871715394961,-0.16044018564646625,20.84793696347274,1,0.9287666795241705,train
-0.34064340211760086,1.229791804442178,-1.6933199563727257,0.5368859972028167,4.386617850351138,1,0.3660577825042598,train
0.4098108605388424,-1.4466508504146096,-1.9876405414833087,-1.1431255047342324,-0.41453092791823964,0,0.3424685256049115,train
0.8168767244735744,0.3735331863808333,0.5322331160347065,1.0958106175486557,11.521388265940129,1,0.7763041216185598,train
-0.7598358269268929,-0.6961517512936563,0.281584853983321,0.6435296469387719,2.865979693708725,0,0.4045064715299109,train
-0.3206109111782026,0.013960400493646524,-1.9819416673502737,0.1209688161089309,0.34692476970279573,0,0.36160333511539483,train
-0.4696215773071893,-0.9514983508158,-2.983275952561627,1.8676314768043332,5.283445710417178,1,0.4796976100594899,test
-0.12346063453953737,0.2981665515820828,0.27878976423322577,0.690126255535953,8.431958189411212,0,0.5453588852450426,train
0.884510987948468,0.06270708714110397,0.4719654428700477,-1.0555284717766864,10.704875950428,1,0.7448020773679517,train
-0.9959319757747598,0.34068245311530077,-1.4953981034538557,-1.4695763052318425,-0.4485257180831883,1,0.20304161567515994,test
0.14005829492659455,-0.5793697840674249,-2.146453178933251,-0.22001183527456925,4.4375399601525585,0,0.42589823292071194,train
0.2857663259619426,-1.5160435952977978,-0.17920509408083518,0.5907142240265143,4.201977472306368,0,0.370115816777497,train
1.738683399511497,1.8897247005326054,2.7455698488292715,0.8427574785444679,22.661725019513938,1,0.9509986487623082,train
0.6639792709997488,-0.16093996327760599,2.799736758637808,1.7963734833757166,4.310696795836511,1,0.5367845471081097,test
0.8927270931297483,-0.3442240271805639,-0.7975157482498716,0.07747952298018691,8.01573322850404,0,0.49217197260350715,train
2.165496306131827,-1.5259459859403288,2.750504725647273,-0.11941663909054868,2.275624048208109,1,0.42617293572030135,train
0.16711574684063246,-0.2557312925189724,-0.8403814717581439,-0.8516522680665446,2.6152157326014707,0,0.38052808551903256,train
2.4148777423366203,0.8523298714487818,-0.049208960073303665,0.02671036630214286,18.075938527426786,1,0.9486244274294278,train
1.24460733097549,-0.22228230794187578,-2.4077925351833485,0.4650725040916123,10.71992453704894,1,0.6885907368162499,train
-0.34384457363395454,-2.6795542297406643,1.1899413868048834,-0.8726676809747129,3.445167291389824,1,0.4720416045796742,train
1.0102977834124802,0.411727437742799,-2.943356483227192,0.5571228576739568,14.095501751402278,1,0.8096539483217993,train
-0.5278006823571931,0.1863379395564182,-2.9945625669675042,-1.66364384562283,7.319396834593318,0,0.5001150354084674,train
0.1917252843548248,-2.723114266495932,-2.321716915445047,0.8365037925710996,1.1137178620433892,0,0.2823973318550874,train
-0.46713001954958905,-0.06358482348342263,-1.5295652214557316,-0.839182180488525,1.945280023210859,1,0.2857708928492111,test
-0.24035319585717946,-1.5261360612447332,1.100124361158759,0.3039777232418673,6.55458343299645,0,0.5214090836537432,train
1.9153381638692746,-0.13455081063410262,-2.900599807481089,-1.0288715517628877,12.698077489725474,1,0.8464849774817588,test
-1.685858206849338,0.46426950722442545,-0.39257534816223316,-1.694623025073534,-4.958996620674477,0,0.1435204131639101,train
1.4904787471311465,-1.1333342081967757,2.041351750858551,-0.6179327664002907,7.448942651868502,1,0.6097706729876777,test
0.9659536388008111,0.44322468165881146,0.8824510877884766,-0.657983070752879,12.609930391013652,1,0.8308196950603846,test
-0.5634402670769073,-1.229631877431588,-2.337971574598876,1.415932533926914,5.813798066972068,0,0.35519731957245276,train
1.463955603139148,0.13085167899176528,1.4403372540488117,-0.09714115616557925,13.941512776578705,1,0.8609516215201731,train
1.6939802476820711,-0.20264457412855041,2.3684543933054814,1.2967705970665144,11.767326794601134,1,0.763112185392031,train
0.5856290282645947,0.07400161803781256,-0.43723125130378815,0.7328074406111968,4.7754688394379885,1,0.5444783886045205,train
-0.8070842958101097,0.27588525318515,2.1645163126319975,-0.13555324202028754,1.9560947175220535,0,0.38841892457839877,train
-1.4248520076220363,0.5618687802551202,2.0935421286368427,-0.6876916814749969,1.1621796437759209,0,0.26279752849191684,train
0.8975920478744558,-0.19832769885907928,0.8280404020029586,-0.3358423053455988,10.293191444954294,1,0.7487876577759854,test
-0.49146868560686824,0.2337589746643795,2.424515982447561,-1.8990719494573727,3.422799782099467,0,0.4081067348065061,train
0.7757381674956728,-1.5106692543371874,1.1424762681547689,-1.1792144520987815,7.512117849129533,1,0.5714474813489379,test
-1.1668367961983985,-0.24991890495767885,2.0723666327075794,0.5282845537115076,1.7392356682263885,0,0.3488312460380296,train
0.9728065178890375,1.26325613664672,-2.797752532143301,-0.05745922747147906,11.821423262590812,1,0.8694371347717628,test
-0.6549366918202842,1.2310320154744192,2.8570300789849483,0.6274367099548892,0.33460647438873115,0,0.3119175190228659,train
0.401405821628968,-0.21788131677472816,1.8790571630680413,-0.2821576250622585,6.0385981214677695,1,0.6439419696681156,train
-0.02433415998116948,0.887468124073236,-0.0661109915299476,0.20169085415923282,6.624537630190637,1,0.5448592780413308,train
-0.23986065539139223,0.8757699819347871,-0.6867749002690244,-2.1205012122377864,1.167562277844981,0,0.3833806227317701,train
-1.0469332110747271,0.01810566862909528,0.885154935102455,-1.3339677365344738,3.517866741013298,0,0.4280060266117105,train
-0.38823000253858775,-0.2547166546120602,-2.776538027739819,0.849545623817265,7.444424900819708,0,0.4803064142316665,train
-1.5112479285969225,1.7655568709498048,0.32130599910345303,-0.016214246273271282,-0.4799600054929978,0,0.1854875938799141,train
-1.7113593830323695,1.3881337435692782,-2.169406220357036,-1.9484176948263316,-6.134620157914894,0,0.11322473887952215,train
0.026308573765378162,2.8620445940690478,-1.9608565680274501,-1.4212611944586568,9.505967264585623,1,0.6366959560745801,train
-1.6520433868516,1.1279720553315427,0.05400313508713728,1.2507866383138433,-4.528937086327726,1,0.1598108483295317,train
-0.185411991206543,-1.4166577263620408,-0.8627281384035657,0.13124339990293668,0.47704359728322243,1,0.2701256438426507,train
0.463460765777401,-0.4851986297110202,-1.7956771751921636,-0.971312559187059,1.7069366218346438,0,0.42649452265681403,train
-1.4964462641158762,1.9934791405488077,2.7584819718026417,0.3356924354620531,-6.332939129865533,0,0.11743946988224667,train
1.8765407145287312,2.041022556419876,0.5121420958045517,-0.07906353465297189,25.04012148752494,1,0.9809366357569547,train
-0.14847111676301522,0.09418658354774058,-2.152115569091457,0.9714663619486597,4.620504122471349,0,0.4264411466806971,train
1.25527816119592,1.237017288281785,-2.8479905868873043,1.4691812739598802,16.86459794332869,1,0.9064169492657757,train
0.5739609749373362,-1.838408733009271,-0.19928936718032997,0.014290678660088697,2.691811087691395,0,0.34084999623315887,test
0.47861173661337286,1.1891510668388197,-0.49038922347443936,0.5924124242342028,9.503736685975145,1,0.6447095685981398,train
-0.771202155476236,1.7205679271349432,1.1608965453102096,0.9632960271832698,5.46690394024113,1,0.49113396898969963,train
-0.10447248876681108,-0.8164766692165136,-2.185384255828939,-0.4226513140072952,2.31685145986981,1,0.38533975995539155,train
-0.6326299158087488,0.02384337451466563,2.668004144799795,1.0258280339161734,1.6248898749996734,0,0.33437936235682364,train
-0.20552054968627853,0.6859007980639342,-2.751012313809059,-0.12043112254735966,6.1354536358823255,0,0.5572568130571504,test
-1.0369664009159125,-0.03962709081957071,1.2071281024585918,-1.4314729037626448,5.439023589763409,0,0.44414684782249486,train
-1.8306988045977406,-0.6163350482003659,0.932392863717098,0.653938798691549,2.2899045649338303,0,0.3479056619447422,train
-1.328714667566797,0.3069675404734536,1.6865972499763968,-1.79956313585007,0.0623809095749861,0,0.3456788049166697,test
1.0441156734029935,-0.0593400901695249,-0.09157004174658834,0.5130896544461622,7.844492099025053,1,0.6693271328272441,train
-1.6824997914290998,-0.8743556606630574,1.698092473940986,-0.287718447584205,3.146872838201351,1,0.3702477508894572,train
-0.16012319817717316,1.793287182343709,0.21170535981808047,-0.432745190431866,6.383141039538404,1,0.6098068590716784,train
-0.48680656017843643,0.1571430200921254,-2.848287381677761,-1.5955323644613906,7.000435495367026,1,0.48600618248896965,train
-1.2490789596089176,-0.8066690042098722,-1.8278858518939431,-1.5955621507201219,-2.050587266011044,1,0.22534986413514604,train
0.9936173732031772,0.22624306009449957,-1.6970348983981802,-2.636838119907159,6.33132969648897,1,0.6125339456168434,test
-1.1625792152738867,-0.7620552544119766,-2.2158008077068594,-0.267683562617008,-0.04966397534283534,1,0.2798293827354475,test
-2.0293943419473504,-0.05587367173873115,0.47875358485171393,-1.489397645793823,0.31427068349159804,0,0.22685463181392573,train
-0.49869430060746395,0.18230127521052786,-0.0038123750957339553,-0.016576786745990075,2.9877311832100246,0,0.40610715918643686,train
0.10106223153211957,-0.5559389398974339,0.9554162156840471,-0.4750659829724789,8.748855880848179,1,0.6101290498587353,train
0.592112158642638,2.1740176056255813,0.7781371704704219,1.5572398729708272,16.09438503713527,1,0.8916271106833548,test
1.6484446838550986,0.057123098385549624,-2.3772784813953285,0.40956908502974326,10.021106939497807,1,0.7884210210019044,test
0.3343893811971801,1.9739590141277903,0.031890269422873097,-0.9667213928532714,11.996265257241744,0,0.7548450432569018,train
0.556458480828707,-0.11250252030150176,-1.2930415383437828,0.5219695450290465,7.390999722494874,0,0.447795450946054,train
-0.4187008496189678,-2.0989745583060957,-2.6581771306432502,0.9944585668233202,2.9739083235129313,1,0.3956889205632607,train
-0.369759969160745,0.4873589251045035,-2.117777948079133,0.20633539297168096,3.938550309701357,1,0.3907268275268217,train
0.9451219920839791,-0.23700600670698788,-0.865398489808225,0.01445289550939373,7.302423763590282,1,0.5124223029141972,train
1.8528725247225764,0.37700874265603934,-1.3647714731338063,-0.04621248996229165,11.421223753650704,0,0.7791517352491296,train
-0.17266366317425189,1.631581355410405,-2.754509317261763,1.0356793429975777,9.091117463048947,1,0.6181259375300819,test
0.32936660614855257,-0.984688963025115,-2.2297059406159287,-0.1102258920055323,1.7293268277682636,1,0.42461211372042024,train
2.3418165667761186,1.1308416595539315,-1.688889131935159,-0.6917384708393031,19.515586672763412,1,0.9388880836802822,train
0.18057632691650544,-1.264409743775023,2.795280770831333,1.2653840653307538,0.731695627145641,0,0.3538432101561353,train
-0.5110181483175797,0.5685906124615925,1.730340636992687,1.6052371387463034,6.271483373284075,1,0.5267769315125052,test
-0.2260815626990001,-0.3078254339385963,0.4481806335250176,0.6814166941001332,5.2505214977067345,1,0.5199587482051257,test
-2.2943962208652717,-1.3226682271838628,0.8266399493680585,0.7052542066900038,3.839342071382954,1,0.3809935278769044,train
-1.5117689024683125,-1.4200135046406674,0.6914779726626445,-0.5994703353388412,0.6124096616993064,1,0.42433979323448134,train
0.8532121880108688,-0.19500772584713516,-0.013365612865587906,-0.4229559621376887,8.680601592174968,1,0.630394717670067,train
1.5366094092893938,-2.2533137335039237,1.222356233341329,0.43756540332014027,1.8081051559570667,0,0.44250685971747467,train
0.5761263416745215,-0.35349966229675567,-1.129966714547873,0.6525765118551057,0.740303287610057,0,0.42041722787492225,train
-0.2822809345231498,-2.132343529301936,-1.2304408936100526,0.7522531515999432,-1.4417748047243237,1,0.23042735195587194,train
-1.6870812403117277,-1.7465046570715173,-0.390649121312304,1.0208145828178792,-0.11685078144816663,1,0.274392645081985,test
0.9280877676721428,-0.7566420236431891,-0.11823519554696471,-0.2538408482216645,4.019191849499403,1,0.5341472372858105,train
-0.3566888735236394,-0.4103625268005355,-1.5192947776157721,-0.3316470682342802,-1.6392724373304013,1,0.2913730261149922,train
-0.9465696199434007,1.324091818465959,1.9496608326444207,0.4225500125157537,0.7521698843372437,0,0.37445476673162015,train
-1.1353000764838757,-0.1936436489817441,-2.3938311135700534,-1.7418157636472424,0.765378626803974,0,0.2924652544693296,train
1.3723893028189502,0.5153638200158129,1.1356748224990945,-0.7476748932073617,14.24146001042165,1,0.8900377385351804,train
0.6277653312366906,1.3087527335765015,1.9647381735332932,-2.232726080324591,12.781023500317724,0,0.821233332557583,train
0.5639601380619119,-0.12132105781117954,-2.0566477658414315,1.0552984560235046,4.869722400531948,0,0.527799232143537,train
-0.1668334047258712,-0.36734649080912524,1.596054390200373,-1.3126124958991934,4.489411719622984,1,0.5737970358313079,train
-1.1022168949181534,0.07290298592116454,0.6676568219177694,-0.3498539923129387,3.8920953494824935,1,0.3941718777007547,test
1.6371096043691835,0.9128941802611775,2.303082387725196,-0.7483085409261302,16.94661328132062,1,0.9025162117019544,train
-0.08416638064149845,1.2463912949566638,2.226324214189523,1.4250170439084668,5.4686132745927925,0,0.5988773514786979,train
-2.0764288692438515,-0.16452653310732646,-2.188307220211966,-2.011502833968214,-3.3492076574395715,0,0.151704583405788,train
0.9764526773202635,-0.9791890407338344,-2.04742416036345,-0.13333419689109288,5.329948342716615,0,0.45701703960786216,test
1.6431628478018934,-0.47319957383239536,-2.617780729975574,-0.3755531167800439,12.156894683880186,1,0.7300897324475917,test
-0.6176485306925459,-0.6953269941488157,0.698207846876469,-0.5977662010850919,4.74937781183538,1,0.48490303746952645,train
-0.6462902847190656,0.0554213418453616,-0.41230159579769987,0.2026568804441737,-0.24934076980232112,0,0.307938195779207,test
-0.05794911405257444,0.09982219000314047,1.9641612568458218,-0.8182827678132353,6.136072815327392,0,0.575709310492122,test
-1.2432196322659048,0.9421850230570084,-0.8085004175029438,0.8433828357678732,-6.244564038590651,0,0.15788382632411294,train
-1.5357047494887952,0.7300439352664767,-0.9490074367798762,-2.145861553473885,-4.373492084164435,1,0.12012211970624687,train
1.2582310231035967,0.13647456715809794,2.7569412822399855,0.04931709902221689,7.630423941899956,1,0.6985808439304941,train
-1.6369432400879598,0.6825285125169052,-0.7817272424501955,-1.445959843446615,-3.9448179603295346,0,0.11627928285219051,train
0.12157131722199505,0.94729835564773,-0.04788106799289249,0.5561589091939895,7.473187393898133,1,0.5938310445445814,train
0.04115863794762315,-0.6421980442450972,-1.4421117989117413,0.2816418592977858,0.6574278710589936,0,0.3245729326996802,train
0.5185308982770491,-1.228791435312586,0.0008144150023401409,-0.09878431014607944,3.481348056304237,0,0.4482676784654779,train
-0.8517510684194738,0.7179322377250043,2.010187564039006,-0.3671638644938469,0.7713611085666816,0,0.40030517383009506,train
-1.037439020062377,1.8861449560430728,2.9460383150151923,-0.10308915173120492,-0.762819596739194,1,0.19691867051247042,train
-0.45378953924625903,-0.20748229874795449,1.747063776307412,1.033703710288969,7.286629239363018,0,0.5166195054565063,train
-0.006579226461555775,-0.4269162880753909,-1.3752526283964606,1.1371111770221922,1.7787332321456475,0,0.3299051170452644,train
-1.3524752453531097,0.20481244130579718,0.02339664931241714,0.19051710274992828,-0.42586881041993874,0,0.25040018860476404,train
0.45953987892972786,0.1677711800247015,-1.0442195692345337,-0.5565043923369671,1.15359911880602,0,0.4654323549203352,train
-0.06441313443939319,1.2533475773283453,-1.444915626332983,-0.8645077592624433,4.4079116051416305,1,0.430943853781376,train
1.734960473138907,-0.6871860759698585,1.6290147653731708,0.3860025082897285,12.58315204122333,1,0.7671318298031261,train
-0.46614376476909497,-0.4850561451080344,-0.822611483790773,0.3281534406471249,-1.5824166472816565,0,0.2808244995340481,train
-0.18486105636860045,-0.36439564941424296,1.8847760474123287,0.8192742472984356,3.7853549380737177,0,0.5364862985317617,test
-0.6632584276759877,0.9843452271697005,2.5905221040551423,1.0310762420148354,1.2528279625642145,1,0.3491013294965408,test
0.49631524828943996,-0.20953002694402922,0.2886471820315988,0.33185361312351375,4.622316446035916,0,0.6224442905854645,train
1.3298797667301427,-2.028154661577619,2.484970637975188,-1.5029292516388366,3.0152539741317055,1,0.3389686345300342,train
-0.4354693056167822,0.9360262004905453,0.3057642069872859,-1.2132563554668343,1.7341463504510957,1,0.4995654546122317,train
1.0321288792805166,0.1603046790269481,2.517707989596989,-0.6507646090300812,12.182750997305906,1,0.6989974643461562,train
0.23714148381952344,-1.6145374382447704,2.0809837514574268,1.254928580828312,5.6792486506769455,0,0.45162357835353967,train
-0.7128417329706638,-0.72477486911588,2.4711721546595102,-0.29570804758887226,2.829454673683191,0,0.3507507242086718,train
-2.3399187833793653,-1.7347352847849278,-1.2924241398378429,-1.7171557840086442,0.38550315422913384,1,0.20685615340214455,test
-0.23155881133545753,-1.1447338578541122,2.5581456752490306,0.35807685421941093,4.479082491278231,1,0.3713985144856114,train
-1.293523627632015,-1.6047327683231611,2.1825573504382714,0.6352952317474139,2.7247961951382615,1,0.3774334204375455,train
-0.796883142501485,0.032470359065227994,-2.0936302879229727,-0.08293871934741355,0.4573498253231234,1,0.2952076465199972,test
-1.2430308385533364,0.5674975346768113,2.271944021935564,-0.6388285327206027,1.513221183121762,0,0.27295356323100944,train
0.9089925686531241,-0.9222473950336636,0.7840483165258822,0.5171692882469309,9.485014440636116,1,0.6483119575972426,train
0.20947281509574806,0.14074122421664703,-0.11062292374387361,-0.14007343875033795,5.417089326283942,0,0.5324068385154099,train
-0.4935834883881916,0.3121258062789416,-0.34027382491781344,-0.6888543811245861,3.0274082057247202,1,0.3516175743561324,train
0.5433004508429277,-0.5180119774243529,-0.7644910471681765,2.334164335527048,4.4145659371934185,1,0.41737911803336747,train
0.2818308863520421,-0.9827263812691119,1.958455822708304,-1.6119740566669656,5.224770106340495,0,0.5375033452430881,test
-0.12947433757218557,-1.0324328894684567,-1.8809271739276727,-0.10301179036142288,1.6842903368679414,0,0.3241623756204415,train
-1.161330315279054,-1.140334761015194,-0.867522046460695,-0.3997606680644676,-1.7428800958318413,0,0.2203119711277837,train
-0.7732036872801863,0.26509913280577063,0.378506958166966,0.6975274797682679,2.2396820590704465,1,0.4170578939953943,train
-0.13149356611199722,-1.4788317591160671,-1.3685636460904498,0.06076553993708576,-0.7116946358991614,0,0.26067519656533705,train
0.15009921323403788,-0.9767516942751445,0.3978283889372478,-0.3142515316057259,6.823940872325129,0,0.5151297792082384,train
-1.0086752237499483,-0.8046943814117382,-1.9292511678574111,1.0500398491003546,-0.7825485593912647,0,0.25675693060592225,train
-0.6265912102943979,-0.225718230083275,1.4834653097981496,-0.2513590534881195,5.893039793681477,0,0.511336517448959,train
0.015451255775354972,0.05231413732797355,1.5170523162144463,-1.8888826115357547,8.076279767135224,0,0.638050346114752,train
-0.020989558705965944,0.4378459408512496,2.69848721215347,-0.3302144755728839,6.052981148271537,0,0.47362833438551527,train
-0.4364553509427731,0.9546805978185635,2.6393395584842203,-1.6472721381605389,2.2975632598434035,1,0.4020543170655799,train
1.5951587087275851,-0.8181078901971229,-2.2235542211779937,-1.744289794500373,7.669286305482483,1,0.5865851448738663,test
0.30836079601184724,-0.7266171391972751,-1.7257908184229118,-0.14312071618662572,2.5605480391934288,0,0.37190765715482144,train
1.3261183399396586,-0.0068828201783593095,-0.19385983939749796,-0.14861950505098434,9.300525785001764,1,0.7080540982255922,test
0.2707036035785715,0.031590884491145076,-0.4052708613864544,-0.5876295880060164,3.855031758977474,0,0.4814351217747468,train
1.7580814175982358,0.7192079519547008,1.0598046083103707,0.25921672238598203,18.73070566355472,1,0.9349135345603063,test
-1.0945592532377109,0.4997131694032644,-1.9620278418998294,1.315114839177438,-0.7083499826260615,0,0.22110700331640734,train
-1.1294278572078533,0.8275010648532594,-0.010170741766799551,0.4470406232327009,-1.982729294776763,0,0.2646734357257653,test
0.5969750312749661,0.20366490417542574,1.7116092622858412,1.2852674976108973,10.038219377951679,1,0.7390341628258272,test
1.0337542795910086,1.7232429865033456,-1.5983907390066543,0.19800470237517137,11.220316452887953,1,0.817752768693894,test
-0.5030954809523465,-0.32684833564607607,1.5129699666758283,-0.8473079130235925,7.122218559372361,1,0.528295194134104,train
0.3813658278657428,-0.5329233406221319,-0.2836001473519967,1.1312164718724238,3.2553230072044794,0,0.4618395570614231,train
0.7756976628248322,1.181022589648234,1.7913784949782041,-0.4239709258386075,14.066524096554351,1,0.8509143610084391,train
0.7194650399106104,0.5260537526832518,-0.7843556237963236,-1.5375205623688615,7.414311714163907,1,0.5899005107212087,train
0.48653902465974974,0.2191836590504535,1.3076376641467347,0.07915766725145018,9.364644720202989,1,0.7445357417352005,train
-0.7952245179803432,0.49943568297982327,2.996590845526046,-1.376934691889334,0.4056530949057444,0,0.26108191413703413,train
-0.9434249929248019,-1.2813058979955216,2.2223923775525902,0.658430961440537,2.1110180623083474,1,0.3775390307187255,train
-0.3755153117247043,-0.05229890911863955,-1.5862712778019825,-2.064639744566051,1.8092962816273062,0,0.30457625450007153,train
-0.2412974562177014,1.3830614477725132,-1.1383366577760945,-0.8897211617139162,1.9400636684923582,1,0.3767522187334706,test
-0.3340815219567202,1.2512699318353753,-1.1719904713649565,-0.2427371263391431,3.1290892826705394,0,0.3429956825356673,train
0.22549915886004518,0.4248651231813078,1.5905111502500908,0.012851784316870426,8.991957689481804,1,0.7015292566829295,test
0.6819543256233753,-0.9882887698551781,-1.2617263658477946,0.4030941413171292,1.8326324142509287,1,0.3517588740952285,train
0.6868332370794074,-1.4943497699501938,0.4426673884325698,-0.21807974709115827,5.189607984792087,0,0.5033701539311699,train
0.28693669940081007,-0.4256913671903394,-2.426013902411591,-0.27353367015715285,4.309096460739051,1,0.5139649428511232,train
-0.12561099367238535,-0.6691839248815868,0.14028484676633468,-0.13935941710356614,5.249541865109873,0,0.4602548754490772,test
-1.6050669015418955,0.646823473923405,-2.779078375666116,0.3652725880319875,-1.8700022568336019,1,0.22896869612088538,test
0.6826734569672294,-1.9822779970256705,-2.4784529679013323,1.9173278644693579,3.778483374287811,0,0.3692815630274062,train
0.1532427080618511,-0.8312471467342943,-1.6724851031732995,-0.5590211971112602,2.3281374731275646,1,0.34004918303344805,test
-1.185078764530941,2.216530001044322,-0.44147659906765124,0.9731294088535358,-0.23928689043989593,1,0.16339969039120553,train
2.604945244119958,0.8652636089480624,-2.5107584060350865,-1.05762045762015,20.513335403753896,1,0.9628689927462966,train
0.7222420498326096,-0.12810298766618375,0.42078447853572154,1.4638036007162445,9.5805454777105,0,0.6892176213671529,test
2.24953162767223,0.7519506662385984,-0.9333996487478831,-0.2750320683408264,16.048734159863006,1,0.8907063090014012,train
-1.4334173567178932,2.070125091135207,0.5014178954296775,0.4784851207178873,-1.4172547774473736,1,0.20952238780855506,train
0.0731957246390064,-0.6091769504618372,0.3551775715925829,-0.755805895758376,5.785433737822338,0,0.529878672101679,test
0.6347158172513095,0.19763504165279644,-0.38624986047163024,0.17446759857415364,7.2625840704947615,0,0.5791318467829022,train
0.5257129225248639,0.1305463970088252,-2.02001389673893,1.4132587846097673,6.993646509057889,1,0.5460118582978603,train
1.7530002374975027,3.2413579785084643,-2.1274142494914647,-0.5603261125472384,29.963637559113494,1,0.9871888183239652,train
0.2932601096573058,-1.0996090379635568,-0.4195728522297353,-0.750360023329583,2.108117248897352,0,0.3706816093263648,train
0.9432601253627453,-0.3280811999984417,1.6751512448805563,0.273503022975208,10.618182421731113,0,0.7317441577175814,test
-1.4023627764228084,-0.17052365326655092,2.8743773751883896,1.0857618465648415,-2.329381752396481,0,0.1991302235986507,train
0.24176248625280103,-0.03582669531915397,-1.117883222910543,-0.4891587128895096,2.5774066480829934,0,0.3983015521051805,test
-0.503389742715692,0.027566278488813007,-0.41156436732841994,-2.1095892837632544,0.5718560233299531,1,0.332564508909964,test
0.1208932048970047,0.919538391420765,-0.0359119672150543,-2.854393173829136,5.845871341541567,0,0.5935591238648629,train
1.447967751831256,0.2615531134297038,0.4464905719646084,0.10325614887851134,13.229128959507351,1,0.8433255722732943,train
-0.9972548708029348,0.10684608440970428,-0.8347854262650798,0.09382468532896497,0.11548914071435457,1,0.2110931553187097,train
1.045110679136684,-1.1203529550138376,-2.093524476085992,1.1050516762493983,5.7202531237106795,1,0.44705533653075075,train
0.5027174068354734,-0.5094972048245678,-2.5792823840806456,-1.7476418716450832,3.9003896705895205,1,0.5657557529604339,train
-1.465082654068838,0.042162809603865786,0.9058909480223041,-1.4193026554244048,1.34323665309923,1,0.3493363511494647,train
0.3563945071538472,0.5211529886462691,-1.2373684471164064,0.38505920957997775,3.2286733772619436,1,0.47859470375313484,train
-2.022436952717203,-1.9186798785901018,-1.7784199456459708,0.29613083582455807,-1.8473658932093897,0,0.25579974570472513,train
0.7263662414879627,-0.8082763853990743,1.1151967235783147,-1.4799928839331822,9.270461414905924,1,0.6645119422406315,train
0.2567334990117654,0.2860452074820679,-0.42785771023319175,-0.16567083843211367,4.4897649475630415,0,0.5000900597238919,train
-0.9784675273927584,-0.09613314700784527,-2.7273432269928843,1.1078215231719089,0.7548872454664726,1,0.37008331963701385,test
-0.31267213692028933,-1.1649890019891425,2.975022311651138,-0.4056391222650974,0.9797961421642492,0,0.30147141534329663,train
-1.9721668427389218,0.45680955622882413,1.9248893640915812,-0.47285309842544854,-1.7179697617099994,0,0.19457247396008032,train
-0.7458826509457765,-0.44785031752390175,-1.526578271491067,-1.7175602563103909,-3.4468349795437927,1,0.24423553619371158,train
0.7704402540730648,-0.1674778683790585,2.3156100968186184,0.7673407506130825,7.3436889978567725,0,0.6408478430613593,train
-0.5736220802267886,-1.509837792705369,-2.607617526787462,-0.956356397342148,3.3664376517640027,1,0.39799643287613845,train
0.5565321680245614,-0.37147668118249916,2.2076789390073106,1.0081805989791206,4.893215324525803,1,0.5990001912458425,train
-0.43932016036025706,0.6032663773307058,1.5142783886685462,-0.1820981464095215,3.9411227087592717,1,0.5666862554877006,test
-0.9849338796447745,-0.6794857236825518,-0.9770616190618657,0.6083266041089184,-0.029120794130489625,0,0.218015268131177,train
-1.3113502006593316,1.4301210605310994,-2.926084802283989,0.8263314208771212,3.4463952566981,0,0.27157882677139306,train
-2.616383604685019,-0.20329850533179522,-2.576020731836442,0.7326139370300176,-2.7410305505041563,0,0.14324179371456003,train
0.08693050504144376,-0.007626148157674824,-2.748656399631675,0.20078761485713648,5.71994746494494,1,0.5766291268016136,test
-1.546016371860825,-0.07929825455383387,2.5454643257765746,0.46371541627359913,-0.7614326215139018,0,0.21561142095970728,train
-0.34928500992004413,0.5532035031334418,-1.6149795168317518,0.6630661975453103,2.81958715109376,0,0.3319266185548453,test
0.6840412711973851,0.6028113561865491,2.3375647348775095,-2.684858158094666,9.079437676739484,0,0.717900512003295,train
-1.4174673614746984,-0.5952192833822143,1.0259524523138515,0.4181378142688512,4.943992702957091,0,0.40415824918051224,test
-0.1869612813343849,-0.5846425386995006,1.0763509281274377,-0.9219455057581492,4.377185774591391,0,0.5746944092995755,train
-0.21104531869383772,1.675162035333845,-0.8971533988485376,-1.0398172983229272,-0.7585440700104678,0,0.4118805889377156,train
0.11565769845856076,-1.135554152365706,-2.9877470025297637,-0.28953969029810067,6.255822912718584,0,0.5249167189570848,test
0.06293357664712447,-0.1156754745205423,1.950932569164018,-0.43304593470330766,5.423519123361272,1,0.5852734675344664,train
1.3312582624029623,1.1978851557212886,0.5368614033573991,-0.3501868948158746,16.045148549380073,1,0.9168683218302071,train
0.8068020314897693,0.8847564649470998,0.03075484844274179,1.9222706639219376,10.726741998752475,1,0.7676553873876815,train
-0.04266126165093393,0.2768411015173795,-0.9707365197577102,-2.458655773519838,0.8677294657946952,1,0.3725458205362176,train
-0.2542222989038558,0.31628472404245356,1.8081691473916832,-0.22743727928809854,5.071886705188847,0,0.568926875437653,test
-0.6737238576206457,0.5956324605829235,-1.2875766589584086,1.4665060601599065,-2.059120355845956,0,0.24956581835329994,test
-0.6462308631294857,1.191716238399101,1.1790831497606291,-0.6508673717902458,2.715419194538365,0,0.5315372007979485,test
0.44147923735840494,-0.11533672057293111,-0.6066012440401458,2.050868349249636,2.4135985621044123,0,0.4679257794527767,test
0.656244681866757,0.6078333270833685,-0.2189812842699066,-1.203369745675796,6.387113418857692,1,0.6642961829626406,train
1.6982393352772351,-1.0189031212463542,0.8383561363591214,0.09374641638305393,10.779786163270888,1,0.7054403709686584,train
0.5948237532728795,1.19624396425645,0.956477251620607,-0.5819259970506466,12.222143330486384,0,0.839409962916779,train
-0.1210953232394945,-0.7622783246468164,-2.6603344613218898,-0.6585105166917204,3.924329164907829,1,0.4742146997563828,test
-1.4944506524724839,0.5332521371317619,1.623763530054049,0.8654276128812616,-2.183027732708074,0,0.30405763926042656,train
0.8761438084067704,1.208517159560799,0.40916054669208624,-0.8135640026182381,13.67974982892308,1,0.8526835485963351,train
0.2670005116536703,1.0716510382938567,-2.022050166894342,0.8732410278720824,9.127981036362716,0,0.5854958664309335,train
0.09586844099509638,-0.7152064837073773,-1.917463359809599,1.0261935945479315,1.7452250155536688,1,0.3724397865047655,test
-0.33897259644424027,-0.11822073314649058,-2.1843776955072647,0.1473089047180765,-0.6058928583843706,0,0.38604632949520995,train
-3.3360745519263033,-0.22807925397570075,-1.4678108226744362,-0.8907548389271587,-11.461949325025312,0,0.04980030903949567,train
1.1716838270083405,0.6128873953031089,0.8032463475690301,0.67878539247995,15.559229159499898,1,0.8686680386713084,train
-0.31211971739166244,0.004729255669336305,2.781303068376819,-0.2764911630296472,3.504894606116868,1,0.3736075170572267,test
-0.09970072069958695,1.5525143179381085,-0.22534653875810307,-1.4764644204719566,3.379165478793884,0,0.5361229633086803,train
0.8253026621379347,0.001065777948850275,1.3085402586023367,-0.4763978265523705,11.669533494330738,0,0.7738063039502419,train
0.36081259023593204,0.259905931480596,-2.0908711685093904,-0.07812113561244513,6.801389695327124,1,0.5377760866017014,train
-0.8929572786562322,-0.5533652148862003,0.41986842672677493,-0.3009669719128202,2.406457687603593,0,0.4090372975170076,train
0.11957707239488385,-1.0447710393101854,-0.8816440499527483,-0.1587375203382081,1.3075250305505497,1,0.30934223810704864,train
0.5671799043999058,1.4435914647735453,-2.7691025403737832,-0.01221997192863727,11.05110912416881,1,0.8099736471074319,train
-0.09712865368687922,0.10876622171554862,2.738998178389334,-0.5266784177942355,5.054405957239361,0,0.42762194056679675,train
-2.0647377954169555,0.22282727036839026,0.22916416562063446,-1.4755275611654388,-2.212785415680994,0,0.17255355302502987,train
-0.8927374231491109,-1.0595411215855641,0.21076488645047142,-1.5146956602342345,4.571191441401933,0,0.3808616028120114,test
-1.2617823024592536,0.09316493092660531,-2.2710799693072725,0.329955168726144,-1.9328392612860728,0,0.24523008705136537,train
-1.1916548653839578,-0.7344648236008864,0.5367201360394871,-0.49826600272107363,4.0406054023232985,0,0.3932713840700355,test
0.939748822973796,0.20643948526469347,0.7612295746206406,-0.0645202254864648,11.437661624174444,0,0.7964835193898422,test
0.6787286811603612,0.6684254758433028,2.3853777611797407,1.5225252111795133,11.416480896534551,0,0.7168600636529218,train
-1.0740165414219853,-0.3193181705592046,-1.5335456392583635,0.5744317822893433,-1.4397165719482223,0,0.20687634162859167,train
1.5672057099519123,0.21753934348148865,-1.6155625287918536,-0.9331989706410824,11.90825444592251,1,0.7145032254278932,test
-0.2778004097701455,-2.0530034400169495,0.7861698722412815,-0.5379419577844391,6.012181301591516,1,0.47509211962208114,train
1.0932911887482049,-2.0375670509188772,1.6059364070163156,0.6975813231892986,5.4026951140011175,1,0.4731384416692313,train
-1.8382787661740345,-0.42596518108210163,-0.5705387202744427,-1.4807048394969118,-3.300201292904478,0,0.15928643739270487,train
-1.8214727593449305,-1.7324633860974776,2.869619912509611,-1.0146076140034939,-1.6288900534574464,0,0.2626007363659558,train
0.12890290500054763,0.26925795343565373,-1.014325663927047,-1.7041929306588461,3.4610683055483995,0,0.40619318424644546,test
0.12501978541309286,1.0254788018580743,0.13196775156579665,1.0831201931089007,8.65042872526885,1,0.6336567852459477,train
-0.23223960200020177,-0.6533755445915198,-2.001685110450529,0.4485074196953502,-0.33985523295010855,0,0.3494740787154416,train
-0.7733276534366695,-2.633499324038336,-0.9549059705077676,-0.5441636288438265,-0.1093056225943293,0,0.24152437145384664,test
-1.400783886141869,2.3090680083818254,1.2719566380659,-1.2201789136694572,-0.3834624107178327,1,0.24843844821678832,train
-1.2936651819691638,0.03933852017578434,0.24219805023122376,0.735710874247864,1.0520374599740336,0,0.30034629872237495,train
0.5212833553604904,-0.772176989625863,2.2547130284434003,1.2985911998058133,7.050377339293347,1,0.5358546794668878,train
-0.9449326780282126,-0.6465941749537132,0.886103256696507,-0.006055824332792352,5.119200849448948,1,0.46059809624359316,train
1.0913068830289443,-0.24546702729361045,-0.9431312719176481,0.46408677554436945,7.9169797317256725,1,0.530437797473073,train
-0.28731968535591473,-0.22134151166307794,-1.495367902867853,-0.9468430379539442,-0.8820636631255376,1,0.3061885153257422,train
1.0340987875442227,-0.8270001062525636,1.1568591188430384,-1.3737239492062003,8.323572285939013,0,0.6936838568129707,train
0.8263038448440719,0.14558706646517772,1.7249801760046388,0.8269292388559789,13.63256843334798,1,0.7680275241087281,train
-0.4291412847109397,-0.4508739835400215,2.638549815591981,0.702487073285906,2.0742172179763663,0,0.36239126226801255,test
-1.3658139382660508,-0.3392722725400399,-1.1908052632965813,0.12506440337898547,-4.154873317291289,0,0.17031243502784352,train
-1.1192923318809818,1.3865148346520273,-2.7118122797741746,0.3062854184506338,2.37123765428956,0,0.29666131721567407,train
-0.26863511637535686,0.16754748467694697,1.5795420966676543,-0.207604513745758,5.494765194280117,0,0.583997070583156,train
0.43083405584386586,0.051412615338479406,2.9408812275717766,0.3091558790786681,6.6126704166891965,1,0.49693801868326704,train
-0.022947079572838907,-1.5244205031062041,1.8421014244527534,1.7174034028746024,6.797785862928852,1,0.48588388792539183,train
0.21775938124933453,-0.7184493714413924,0.34854730814501833,0.9608975385891887,9.113043190842983,0,0.5380616422518557,test
0.1891597761865812,1.0706905648938212,2.6770773444058165,-0.3549744993360807,5.221512399269478,1,0.585289160865254,train
0.20327470604540981,-0.967358213337753,-1.2812202569304112,-1.298564256738409,3.0177551335730906,0,0.31163378300070366,test
-1.0287599672800358,1.2711921885620385,0.24817607944484354,-0.4812925457537042,1.7518329759755193,1,0.3177832753707055,train
-0.11889226126476107,-1.3265465073337372,0.26997035171526385,-1.8412469241639708,4.844265180144723,0,0.4444655325687772,test
1.281148279331012,-0.8870461073338514,1.0837965730305932,0.5223903194413202,9.09034777679209,1,0.7061877409369923,train
